frame,cpu_ms,gpu_ms,draw_calls,cpu_avg_ms,cpu_p95_ms,cpu_p99_ms,gpu_avg_ms,gpu_p95_ms,gpu_p99_ms,terrain_gpu_ms,ui_gpu_ms,vegetation_gpu_ms,vegetation_shadows_gpu_ms
1,4.225,8.224,1510,4.225,4.225,4.225,8.224,8.224,8.224,1.335,0.080,2.349,4.461
2,5.145,8.235,1510,4.685,5.099,5.136,8.230,8.235,8.235,1.292,0.104,2.373,4.467
3,4.178,9.345,1510,4.516,5.053,5.126,8.601,9.234,9.323,2.419,0.077,2.370,4.480
4,4.483,9.389,1510,4.508,5.046,5.125,8.798,9.382,9.388,1.312,0.080,3.533,4.464
5,4.133,8.213,1510,4.433,5.013,5.118,8.681,9.380,9.387,1.303,0.092,2.349,4.469
6,4.105,9.483,1510,4.378,4.979,5.112,8.815,9.459,9.478,1.364,0.084,2.367,5.668
7,4.809,8.309,1510,4.440,5.044,5.125,8.743,9.455,9.477,1.392,0.088,2.352,4.477
8,4.494,9.523,1510,4.447,5.027,5.121,8.840,9.509,9.521,1.412,0.074,2.366,5.671
9,6.892,9.310,1510,4.718,6.193,6.752,8.892,9.507,9.520,1.310,0.084,3.465,4.451
10,4.989,8.211,1510,4.745,6.106,6.734,8.824,9.505,9.520,1.295,0.080,2.372,4.464
11,4.069,9.371,1510,4.684,6.018,6.717,8.874,9.503,9.519,1.321,0.075,2.359,5.617
12,3.585,8.190,1510,4.592,5.931,6.699,8.817,9.501,9.519,1.298,0.077,2.363,4.452
13,3.621,9.350,1510,4.518,5.844,6.682,8.858,9.499,9.519,1.309,0.079,2.354,5.608
14,3.876,8.279,1510,4.472,5.756,6.665,8.817,9.497,9.518,1.352,0.082,2.361,4.484
15,4.231,9.488,1510,4.456,5.669,6.647,8.861,9.498,9.518,1.379,0.081,2.357,5.670
16,4.409,9.338,1510,4.453,5.582,6.630,8.891,9.497,9.518,1.334,0.087,3.457,4.460
17,4.027,8.217,1510,4.428,5.494,6.612,8.852,9.495,9.518,1.319,0.079,2.352,4.467
18,4.006,9.821,1510,4.404,5.407,6.595,8.905,9.568,9.771,1.327,0.080,2.367,6.048
19,4.242,8.211,1510,4.396,5.320,6.577,8.869,9.553,9.768,1.313,0.075,2.357,4.466
20,4.595,9.499,1510,4.406,5.232,6.560,8.900,9.538,9.765,1.316,0.089,2.373,5.721
21,5.200,8.237,1510,4.444,5.200,6.553,8.869,9.523,9.762,1.321,0.093,2.370,4.452
22,3.923,9.523,1510,4.420,5.198,6.536,8.898,9.523,9.759,2.591,0.077,2.373,4.481
23,4.433,9.316,1510,4.420,5.195,6.520,8.917,9.523,9.756,1.327,0.077,3.443,4.468
24,3.816,8.253,1510,4.395,5.192,6.503,8.889,9.523,9.753,1.361,0.085,2.359,4.448
25,3.815,9.362,1510,4.372,5.189,6.486,8.908,9.523,9.750,1.298,0.076,2.344,5.644
26,3.905,8.193,1510,4.354,5.187,6.469,8.880,9.523,9.747,1.290,0.076,2.351,4.476
27,3.800,9.425,1510,4.334,5.184,6.452,8.901,9.523,9.744,1.334,0.084,2.350,5.658
28,4.622,9.725,1510,4.344,5.181,6.435,8.930,9.654,9.795,1.402,0.102,3.746,4.475
29,3.923,8.200,1510,4.329,5.178,6.418,8.905,9.644,9.794,1.313,0.076,2.346,4.465
30,6.250,9.393,1510,4.393,5.778,6.706,8.921,9.634,9.793,1.298,0.076,2.378,5.641
31,5.123,8.249,1510,4.417,5.725,6.699,8.899,9.624,9.792,1.354,0.078,2.358,4.460
32,3.587,9.335,1510,4.391,5.673,6.693,8.913,9.614,9.791,1.324,0.076,2.387,5.548
33,3.976,8.243,1510,4.378,5.620,6.686,8.893,9.604,9.790,1.338,0.096,2.349,4.460
34,3.558,9.452,1510,4.354,5.568,6.680,8.909,9.594,9.789,1.364,0.075,2.366,5.647
35,5.059,9.418,1510,4.374,5.515,6.673,8.924,9.584,9.788,1.304,0.084,3.554,4.476
36,3.656,8.234,1510,4.355,5.463,6.667,8.905,9.574,9.787,1.308,0.092,2.368,4.466
37,4.007,9.452,1510,4.345,5.410,6.661,8.919,9.564,9.786,1.373,0.078,2.354,5.648
38,4.324,8.208,1510,4.345,5.358,6.654,8.901,9.554,9.785,1.302,0.075,2.378,4.452
39,3.987,9.351,1510,4.335,5.305,6.648,8.912,9.544,9.785,1.301,0.075,2.354,5.621
40,5.406,8.198,1510,4.362,5.448,6.641,8.894,9.534,9.784,1.291,0.080,2.370,4.457
41,4.536,8.220,1510,4.366,5.406,6.635,8.878,9.523,9.783,1.337,0.077,2.360,4.446
42,4.321,8.290,1510,4.365,5.396,6.629,8.864,9.523,9.782,1.378,0.093,2.358,4.461
43,4.720,8.158,1510,4.374,5.385,6.622,8.847,9.523,9.781,1.280,0.078,2.353,4.447
44,4.062,9.343,1510,4.366,5.375,6.616,8.859,9.523,9.780,1.313,0.088,2.358,5.585
45,4.308,8.279,1510,4.365,5.365,6.609,8.846,9.523,9.779,1.372,0.078,2.350,4.479
46,4.450,9.511,1510,4.367,5.355,6.603,8.860,9.523,9.778,1.318,0.077,2.369,5.747
47,5.829,8.256,1510,4.398,5.702,6.596,8.847,9.523,9.777,1.332,0.100,2.354,4.471
48,3.808,9.459,1510,4.386,5.681,6.590,8.860,9.523,9.776,2.567,0.087,2.349,4.457
49,5.771,9.836,1510,4.414,5.806,6.584,8.880,9.644,9.829,1.425,0.093,3.851,4.467
50,3.549,8.284,1510,4.397,5.803,6.577,8.868,9.634,9.829,1.371,0.076,2.382,4.455
51,4.958,9.425,1510,4.408,5.800,6.571,8.879,9.624,9.829,1.316,0.080,2.351,5.678
52,5.444,8.254,1510,4.428,5.797,6.564,8.867,9.614,9.829,1.362,0.084,2.359,4.448
53,3.794,9.507,1510,4.416,5.794,6.558,8.879,9.604,9.828,1.372,0.092,2.356,5.687
54,5.250,9.572,1510,4.431,5.792,6.552,8.892,9.625,9.828,1.310,0.088,3.686,4.489
55,3.639,8.272,1510,4.417,5.789,6.545,8.881,9.618,9.828,1.357,0.094,2.359,4.462
56,3.907,8.218,1510,4.408,5.786,6.539,8.869,9.610,9.828,1.314,0.076,2.363,4.465
57,3.754,8.212,1510,4.396,5.783,6.532,8.857,9.602,9.828,1.298,0.077,2.366,4.471
58,3.539,9.524,1510,4.382,5.780,6.526,8.869,9.595,9.828,1.367,0.077,2.371,5.709
59,3.964,8.209,1510,4.374,5.777,6.519,8.858,9.587,9.828,1.302,0.091,2.358,4.459
60,3.736,9.430,1510,4.364,5.774,6.513,8.867,9.580,9.827,2.538,0.076,2.355,4.460
61,4.513,9.384,1510,4.366,5.771,6.507,8.876,9.572,9.827,1.309,0.084,3.539,4.452
62,4.168,8.191,1510,4.363,5.755,6.500,8.865,9.569,9.827,1.300,0.078,2.357,4.456
63,3.895,9.405,1510,4.356,5.739,6.494,8.873,9.567,9.827,1.310,0.077,2.344,5.674
64,5.250,8.202,1510,4.370,5.722,6.487,8.863,9.565,9.827,1.311,0.079,2.352,4.459
65,4.271,9.438,1510,4.368,5.706,6.481,8.872,9.562,9.827,1.322,0.077,2.352,5.687
66,4.927,8.206,1510,4.377,5.689,6.475,8.861,9.560,9.827,1.296,0.090,2.359,4.461
67,4.110,8.068,1510,4.373,5.673,6.468,8.850,9.557,9.826,1.159,0.088,2.357,4.463
68,4.501,9.409,1510,4.374,5.657,6.462,8.858,9.555,9.826,1.301,0.078,3.563,4.467
69,4.019,8.252,1510,4.369,5.640,6.455,8.849,9.553,9.826,1.310,0.102,2.357,4.483
70,4.136,9.570,1512,4.366,5.624,6.449,8.859,9.571,9.826,1.419,0.092,2.350,5.710
71,4.802,8.276,1512,4.372,5.607,6.442,8.851,9.571,9.826,1.364,0.076,2.350,4.486
72,4.835,9.598,1512,4.379,5.591,6.436,8.862,9.584,9.826,1.377,0.090,2.361,5.769
73,5.683,9.391,1512,4.396,5.719,6.430,8.869,9.582,9.825,1.308,0.085,3.516,4.481
74,4.314,8.276,1512,4.395,5.714,6.423,8.861,9.581,9.825,1.322,0.075,2.360,4.519
75,4.006,9.757,1512,4.390,5.710,6.417,8.873,9.636,9.825,1.317,0.090,2.351,5.998
76,3.683,8.263,1512,4.381,5.705,6.410,8.865,9.630,9.825,1.328,0.079,2.351,4.504
77,3.610,9.473,1512,4.371,5.701,6.404,8.873,9.623,9.825,1.344,0.076,2.349,5.703
78,4.534,8.292,1512,4.373,5.697,6.398,8.865,9.617,9.825,1.322,0.089,2.361,4.520
79,3.705,8.095,1512,4.364,5.692,6.391,8.855,9.610,9.825,1.182,0.080,2.352,4.481
80,4.769,9.449,1512,4.369,5.688,6.385,8.863,9.604,9.824,1.310,0.080,3.538,4.521
81,4.058,8.259,1512,4.366,5.683,6.378,8.855,9.598,9.824,1.328,0.091,2.360,4.480
82,4.118,9.365,1512,4.363,5.671,6.372,8.862,9.597,9.824,1.287,0.079,2.352,5.647
83,4.122,8.276,1512,4.360,5.659,6.365,8.855,9.595,9.824,1.354,0.076,2.351,4.495
84,4.414,9.552,1512,4.360,5.647,6.359,8.863,9.594,9.824,1.327,0.087,2.355,5.783
85,5.857,8.273,1512,4.378,5.754,6.353,8.856,9.593,9.824,1.327,0.103,2.358,4.485
86,3.786,8.259,1512,4.371,5.749,6.346,8.849,9.591,9.823,1.317,0.078,2.353,4.511
87,5.822,9.870,1512,4.388,5.807,6.340,8.861,9.687,9.841,1.376,0.077,2.356,6.061
88,3.771,8.277,1512,4.381,5.804,6.333,8.854,9.680,9.841,1.336,0.079,2.361,4.502
89,3.874,9.415,1512,4.375,5.802,6.327,8.860,9.674,9.840,1.307,0.076,2.351,5.682
90,4.950,8.293,1512,4.381,5.799,6.321,8.854,9.668,9.840,1.325,0.105,2.381,4.482
91,3.835,9.648,1512,4.375,5.797,6.314,8.863,9.687,9.840,2.690,0.099,2.350,4.508
92,4.727,9.408,1512,4.379,5.794,6.308,8.869,9.683,9.839,1.340,0.078,2.356,5.634
93,5.243,8.224,1512,4.389,5.792,6.301,8.862,9.679,9.839,1.274,0.078,2.380,4.492
94,5.050,9.336,1512,4.396,5.789,6.295,8.867,9.675,9.839,1.310,0.079,2.351,5.596
95,3.742,8.243,1512,4.389,5.787,6.288,8.860,9.671,9.838,1.325,0.075,2.358,4.485
96,3.623,9.509,1512,4.381,5.784,6.282,8.867,9.667,9.838,1.361,0.092,2.355,5.701
97,4.263,9.459,1512,4.380,5.782,6.276,8.873,9.664,9.838,1.336,0.089,3.550,4.484
98,3.779,8.252,1512,4.373,5.779,6.269,8.867,9.660,9.837,1.327,0.076,2.357,4.491
99,4.279,9.667,1512,4.372,5.777,6.263,8.875,9.673,9.837,1.323,0.077,2.363,5.904
100,4.189,8.247,1512,4.371,5.774,6.256,8.869,9.670,9.837,1.314,0.076,2.362,4.495
101,4.418,9.396,1512,4.371,5.771,6.250,8.874,9.667,9.836,1.304,0.078,2.362,5.652
102,4.734,8.213,1512,4.375,5.767,6.246,8.867,9.666,9.836,1.316,0.076,2.349,4.471
103,4.260,9.606,1512,4.374,5.763,6.242,8.875,9.665,9.836,1.345,0.076,2.363,5.823
104,4.603,9.425,1512,4.376,5.758,6.238,8.880,9.664,9.836,1.314,0.081,3.558,4.473
105,4.413,8.224,1512,4.376,5.754,6.234,8.874,9.663,9.836,1.311,0.078,2.363,4.471
106,4.896,9.308,1512,4.381,5.749,6.230,8.878,9.662,9.836,1.294,0.076,2.351,5.587
107,4.842,8.231,1512,4.385,5.745,6.226,8.872,9.661,9.835,1.320,0.078,2.360,4.472
108,4.577,9.566,1512,4.387,5.741,6.222,8.878,9.660,9.835,1.411,0.076,2.351,5.727
109,5.634,8.243,1512,4.398,5.736,6.219,8.872,9.659,9.835,1.309,0.093,2.364,4.477
110,4.760,8.214,1512,4.402,5.732,6.215,8.866,9.658,9.835,1.294,0.076,2.355,4.489
111,5.081,8.216,1512,4.408,5.727,6.211,8.860,9.658,9.835,1.300,0.074,2.361,4.481
112,4.920,8.250,1512,4.412,5.723,6.207,8.855,9.657,9.835,1.287,0.125,2.354,4.484
113,4.262,9.535,1512,4.411,5.719,6.203,8.861,9.656,9.835,1.378,0.082,2.367,5.709
114,4.039,8.301,1512,4.408,5.714,6.199,8.856,9.655,9.834,1.364,0.082,2.357,4.497
115,4.313,9.539,1512,4.407,5.710,6.195,8.862,9.654,9.834,1.393,0.099,2.371,5.675
116,6.011,9.504,1512,4.421,5.784,6.214,8.867,9.653,9.834,1.424,0.085,3.489,4.505
117,5.311,8.255,1512,4.428,5.782,6.212,8.862,9.652,9.834,1.324,0.077,2.371,4.483
118,4.018,9.783,1512,4.425,5.779,6.209,8.870,9.675,9.834,1.332,0.075,2.369,6.007
119,3.488,8.283,1512,4.417,5.777,6.207,8.865,9.673,9.834,1.339,0.087,2.373,4.485
120,3.699,9.496,1512,4.411,5.774,6.205,8.870,9.670,9.833,1.311,0.079,2.368,5.738
121,4.545,8.288,1512,4.412,5.771,6.202,8.866,9.667,9.833,1.335,0.089,2.369,4.496
122,3.661,9.535,1512,4.406,5.767,6.200,8.871,9.666,9.833,2.628,0.082,2.354,4.472
123,4.413,9.339,1512,4.406,5.763,6.198,8.875,9.665,9.833,1.308,0.084,3.482,4.465
124,3.821,8.282,1512,4.401,5.758,6.195,8.870,9.664,9.833,1.353,0.085,2.355,4.488
125,4.146,9.320,1512,4.399,5.754,6.193,8.874,9.663,9.833,1.315,0.078,2.371,5.556
126,4.032,8.242,1512,4.396,5.749,6.190,8.869,9.662,9.833,1.324,0.076,2.365,4.477
127,4.175,9.464,1512,4.395,5.745,6.188,8.873,9.661,9.832,1.329,0.076,2.376,5.683
128,4.662,8.327,1516,4.397,5.741,6.186,8.869,9.660,9.832,1.359,0.094,2.359,4.516
129,3.740,8.270,1516,4.392,5.736,6.183,8.864,9.659,9.832,1.293,0.075,2.386,4.516
130,4.511,9.491,1516,4.393,5.732,6.181,8.869,9.658,9.832,1.324,0.077,3.584,4.506
131,4.020,8.902,1606,4.390,5.727,6.178,8.870,9.658,9.832,1.392,0.074,2.572,4.864
132,4.145,10.036,1606,4.388,5.723,6.176,8.878,9.693,9.859,1.370,0.078,2.563,6.025
133,4.425,10.064,1606,4.388,5.719,6.174,8.887,9.738,9.983,1.367,1.258,2.574,4.865
134,3.801,8.856,1606,4.384,5.714,6.171,8.887,9.736,9.981,1.359,0.075,2.546,4.876
135,4.643,10.058,1606,4.386,5.710,6.169,8.896,9.765,10.051,1.348,0.082,2.551,6.077
136,4.095,8.935,1606,4.384,5.705,6.166,8.896,9.763,10.050,1.406,0.110,2.559,4.861
137,3.870,9.315,1584,4.380,5.701,6.164,8.899,9.762,10.050,1.321,0.077,2.326,5.591
138,5.950,9.224,1584,4.391,5.779,6.162,8.901,9.761,10.050,1.226,0.096,3.502,4.401
139,5.287,8.064,1584,4.398,5.777,6.159,8.895,9.759,10.050,1.245,0.085,2.346,4.388
140,4.004,8.737,1575,4.395,5.774,6.157,8.894,9.758,10.049,1.229,0.083,3.275,4.150
141,3.705,7.541,1575,4.390,5.771,6.155,8.885,9.757,10.049,1.186,0.089,2.124,4.143
142,3.605,8.999,1575,4.384,5.767,6.152,8.885,9.755,10.049,1.188,0.076,2.147,5.588
143,3.828,7.522,1564,4.381,5.763,6.150,8.876,9.754,10.049,1.164,0.080,2.119,4.159
144,3.632,8.655,1564,4.375,5.758,6.147,8.874,9.752,10.049,1.157,0.078,2.142,5.278
145,4.559,7.556,1564,4.377,5.754,6.145,8.865,9.750,10.048,1.186,0.079,2.120,4.170
146,3.957,8.658,1564,4.374,5.749,6.143,8.864,9.749,10.048,1.154,0.078,2.123,5.303
147,4.407,7.509,1564,4.374,5.745,6.140,8.855,9.747,10.048,1.148,0.083,2.125,4.153
148,3.566,8.778,1557,4.369,5.741,6.138,8.854,9.746,10.048,1.126,0.080,2.125,5.447
149,4.074,7.555,1557,4.367,5.736,6.135,8.845,9.744,10.047,1.151,0.091,2.124,4.190
150,3.644,7.631,1546,4.362,5.732,6.133,8.837,9.742,10.047,1.262,0.084,2.090,4.195
151,4.428,8.598,1546,4.362,5.727,6.131,8.836,9.741,10.047,1.178,0.091,3.177,4.152
152,3.658,7.550,1546,4.358,5.723,6.128,8.827,9.739,10.047,1.183,0.081,2.093,4.192
153,3.892,6.718,1526,4.354,5.719,6.126,8.814,9.738,10.047,0.996,0.098,1.863,3.761
154,3.704,6.616,1526,4.350,5.714,6.124,8.799,9.736,10.046,0.898,0.080,1.866,3.773
155,3.584,6.700,1526,4.345,5.710,6.121,8.786,9.734,10.046,1.006,0.083,1.862,3.749
156,3.772,8.018,1526,4.342,5.705,6.119,8.781,9.733,10.046,1.019,0.078,1.859,5.062
157,3.860,6.745,1506,4.339,5.701,6.116,8.768,9.731,10.046,1.033,0.102,1.859,3.751
158,3.658,7.931,1506,4.334,5.697,6.114,8.762,9.730,10.045,1.073,0.078,1.868,4.912
159,3.941,6.682,1497,4.332,5.692,6.112,8.749,9.728,10.045,0.993,0.083,1.866,3.740
160,3.776,8.089,1497,4.328,5.688,6.109,8.745,9.726,10.045,1.080,0.087,1.858,5.064
161,3.945,6.836,1496,4.326,5.683,6.107,8.733,9.725,10.045,1.109,0.105,1.858,3.764
162,3.605,8.097,1496,4.321,5.681,6.104,8.730,9.722,10.045,1.095,0.080,1.872,5.050
163,5.535,6.733,1496,4.329,5.678,6.102,8.717,9.719,10.044,1.016,0.083,1.876,3.759
164,5.055,7.971,1496,4.333,5.676,6.100,8.713,9.716,10.044,1.029,0.079,1.880,4.983
165,5.712,6.785,1498,4.342,5.706,6.097,8.701,9.713,10.044,1.035,0.085,1.883,3.782
166,3.526,8.002,1498,4.337,5.705,6.095,8.697,9.710,10.044,1.036,0.079,1.894,4.993
167,4.149,6.764,1498,4.336,5.703,6.093,8.685,9.707,10.043,1.024,0.079,1.875,3.786
168,3.662,7.926,1498,4.332,5.702,6.090,8.681,9.704,10.043,1.077,0.078,1.890,4.881
169,4.148,6.805,1500,4.331,5.701,6.088,8.670,9.702,10.043,1.058,0.086,1.878,3.784
170,3.762,6.779,1500,4.327,5.699,6.085,8.658,9.699,10.043,1.028,0.078,1.892,3.780
171,4.353,6.809,1500,4.327,5.698,6.083,8.648,9.696,10.043,1.056,0.097,1.880,3.777
172,3.966,8.066,1500,4.325,5.696,6.081,8.644,9.693,10.042,1.065,0.078,1.899,5.023
173,3.929,6.820,1509,4.323,5.695,6.078,8.634,9.690,10.042,1.057,0.080,1.888,3.795
174,4.628,8.163,1509,4.325,5.693,6.076,8.631,9.687,10.042,1.102,0.078,3.191,3.792
175,4.680,7.466,1504,4.327,5.692,6.073,8.624,9.684,10.042,1.206,0.104,2.099,4.057
176,3.628,9.015,1504,4.323,5.691,6.071,8.627,9.681,10.041,1.177,0.079,2.113,5.646
177,4.162,7.393,1504,4.322,5.689,6.069,8.620,9.678,10.041,1.161,0.079,2.104,4.049
178,3.827,8.568,1513,4.319,5.688,6.066,8.619,9.675,10.041,1.173,0.080,2.105,5.210
179,4.710,7.453,1513,4.321,5.686,6.064,8.613,9.673,10.041,1.203,0.082,2.096,4.071
180,3.582,8.535,1506,4.317,5.685,6.062,8.612,9.670,10.041,1.154,0.077,2.101,5.202
181,4.460,7.367,1506,4.318,5.683,6.059,8.606,9.667,10.040,1.157,0.079,2.097,4.033
182,3.459,9.621,1510,4.313,5.681,6.057,8.611,9.666,10.040,1.330,0.087,2.308,5.895
183,4.936,8.142,1510,4.317,5.678,6.054,8.609,9.665,10.040,1.314,0.091,2.311,4.427
184,3.716,9.294,1510,4.313,5.676,6.052,8.612,9.664,10.040,2.476,0.080,2.317,4.420
185,5.097,9.511,1510,4.318,5.673,6.050,8.617,9.663,10.039,1.314,0.104,3.665,4.428
186,3.775,8.264,1516,4.315,5.671,6.047,8.615,9.662,10.039,1.415,0.089,2.307,4.453
187,4.119,9.330,1516,4.314,5.669,6.045,8.619,9.661,10.039,1.387,0.080,2.314,5.550
188,5.975,8.149,1516,4.323,5.702,6.042,8.617,9.660,10.039,1.315,0.079,2.318,4.436
189,4.968,9.333,1518,4.326,5.701,6.040,8.620,9.659,10.039,1.304,0.085,2.334,5.611
190,4.683,8.166,1518,4.328,5.699,6.038,8.618,9.658,10.038,1.284,0.096,2.328,4.458
191,3.632,8.151,1518,4.324,5.698,6.035,8.615,9.658,10.038,1.295,0.076,2.325,4.455
192,3.851,9.507,1520,4.322,5.696,6.033,8.620,9.657,10.038,1.426,0.077,2.386,5.618
193,4.658,8.326,1520,4.323,5.695,6.030,8.619,9.656,10.038,1.350,0.073,2.372,4.531
194,3.678,9.619,1520,4.320,5.693,6.028,8.624,9.655,10.037,1.357,0.090,2.382,5.790
195,3.617,8.460,1522,4.317,5.692,6.026,8.623,9.654,10.037,1.386,0.075,2.404,4.595
196,3.858,8.504,1522,4.314,5.691,6.023,8.622,9.653,10.037,1.408,0.102,2.404,4.591
197,5.790,9.485,1522,4.322,5.724,6.021,8.627,9.652,10.037,1.358,0.083,3.472,4.572
198,3.563,9.083,1522,4.318,5.721,6.019,8.629,9.651,10.037,1.378,0.075,2.628,5.002
199,3.933,9.099,1522,4.316,5.718,6.016,8.631,9.650,10.036,1.412,0.073,2.610,5.003
200,3.926,9.158,1522,4.314,5.715,6.014,8.634,9.649,10.036,1.428,0.074,2.632,5.025
201,4.680,10.763,1522,4.316,5.712,6.011,8.645,9.667,10.058,1.383,0.077,2.793,6.510
202,4.497,10.834,1522,4.317,5.711,6.011,8.655,9.722,10.064,1.435,0.076,2.809,6.514
203,4.405,9.699,1522,4.317,5.709,6.011,8.661,9.722,10.064,1.465,0.090,2.792,5.352
204,4.824,10.217,1515,4.320,5.708,6.010,8.668,9.752,10.213,2.475,0.072,2.604,5.066
205,6.290,10.512,1515,4.329,5.760,6.240,8.677,9.778,10.501,1.387,0.079,2.604,6.442
206,5.399,9.096,1515,4.334,5.757,6.238,8.679,9.777,10.498,1.353,0.076,2.598,5.069
207,5.109,10.506,1515,4.338,5.754,6.236,8.688,9.810,10.512,1.391,0.082,2.587,6.446
208,6.102,10.356,1504,4.347,5.784,6.240,8.696,9.831,10.512,1.347,0.103,3.868,5.038
209,5.155,9.109,1504,4.350,5.783,6.238,8.698,9.830,10.512,1.445,0.093,2.572,4.999
210,7.487,10.236,1504,4.365,5.808,6.286,8.705,9.855,10.512,1.360,0.073,2.588,6.214
211,5.300,10.238,1490,4.370,5.806,6.286,8.713,9.953,10.512,1.334,0.097,3.786,5.021
212,3.757,9.143,1490,4.367,5.804,6.285,8.715,9.944,10.512,1.420,0.074,2.589,5.058
213,4.248,10.315,1490,4.366,5.803,6.285,8.722,10.045,10.512,1.485,0.076,2.596,6.158
214,3.718,9.251,1490,4.363,5.801,6.285,8.725,10.044,10.511,1.498,0.108,2.607,5.037
215,3.891,10.414,1492,4.361,5.800,6.284,8.732,10.060,10.511,2.646,0.069,2.625,5.074
216,4.950,10.379,1492,4.364,5.798,6.284,8.740,10.102,10.511,1.464,0.073,2.619,6.224
217,4.420,9.256,1492,4.364,5.797,6.283,8.742,10.094,10.511,1.482,0.072,2.618,5.083
218,4.511,10.552,1492,4.365,5.795,6.283,8.751,10.220,10.545,1.501,0.078,2.629,6.345
219,6.022,10.531,1492,4.372,5.822,6.283,8.759,10.236,10.548,1.446,0.073,2.624,6.388
220,4.638,9.288,1492,4.374,5.822,6.282,8.761,10.236,10.548,1.472,0.073,2.618,5.125
221,4.794,10.650,1485,4.376,5.822,6.282,8.770,10.238,10.631,1.503,0.076,2.662,6.409
222,5.052,10.567,1485,4.379,5.820,6.281,8.778,10.311,10.633,1.499,0.075,3.801,5.192
223,5.132,9.317,1485,4.382,5.819,6.281,8.780,10.307,10.632,1.428,0.076,2.660,5.153
224,5.020,9.364,1485,4.385,5.817,6.281,8.783,10.303,10.631,1.424,0.075,2.657,5.207
225,4.562,9.791,1568,4.386,5.815,6.280,8.787,10.300,10.630,1.472,0.081,2.866,5.372
226,5.717,9.827,1568,4.391,5.814,6.280,8.792,10.296,10.630,1.482,0.090,2.856,5.400
227,4.994,10.391,1563,4.394,5.812,6.279,8.799,10.344,10.629,1.456,0.081,2.649,6.205
228,4.965,10.265,1563,4.397,5.811,6.279,8.806,10.342,10.628,1.409,0.090,3.790,4.976
229,6.075,7.915,1543,4.404,5.826,6.279,8.802,10.340,10.627,1.260,0.086,2.251,4.318
230,6.253,9.033,1543,4.412,5.844,6.279,8.803,10.337,10.626,1.226,0.078,3.413,4.316
231,3.697,8.609,1554,4.409,5.843,6.279,8.802,10.335,10.625,1.337,0.089,2.450,4.734
232,3.647,9.665,1554,4.406,5.841,6.278,8.806,10.333,10.625,1.346,0.075,2.442,5.802
233,3.756,7.889,1536,4.403,5.840,6.278,8.802,10.331,10.624,1.226,0.075,2.236,4.352
234,3.675,9.242,1536,4.400,5.839,6.278,8.804,10.329,10.623,1.273,0.086,2.227,5.656
235,4.139,9.119,1525,4.399,5.837,6.277,8.805,10.327,10.622,1.263,0.096,3.437,4.323
236,3.725,7.834,1525,4.396,5.836,6.277,8.801,10.325,10.621,1.216,0.082,2.209,4.327
237,4.244,9.053,1518,4.395,5.834,6.276,8.802,10.323,10.620,1.213,0.080,3.402,4.360
238,3.971,7.819,1518,4.393,5.833,6.276,8.798,10.321,10.620,1.208,0.078,2.228,4.305
239,3.930,9.133,1518,4.391,5.832,6.276,8.799,10.319,10.619,1.252,0.090,2.220,5.570
240,4.506,7.795,1518,4.392,5.830,6.275,8.795,10.317,10.618,1.196,0.084,2.204,4.311
241,4.059,7.838,1518,4.390,5.829,6.275,8.791,10.315,10.617,1.209,0.075,2.206,4.348
242,4.695,7.830,1518,4.392,5.828,6.275,8.787,10.312,10.616,1.200,0.076,2.221,4.332
243,3.618,9.627,1498,4.389,5.828,6.274,8.790,10.310,10.615,1.278,0.080,2.370,5.901
244,3.989,9.359,1498,4.387,5.828,6.274,8.793,10.307,10.615,1.253,0.081,3.462,4.564
245,3.659,8.254,1564,4.384,5.827,6.274,8.791,10.305,10.614,1.238,0.090,2.353,4.573
246,4.189,9.454,1564,4.383,5.827,6.273,8.793,10.302,10.613,1.220,0.084,2.365,5.785
247,4.150,8.304,1564,4.382,5.827,6.273,8.791,10.300,10.612,1.310,0.083,2.352,4.560
248,4.481,9.501,1575,4.383,5.826,6.272,8.794,10.297,10.611,1.206,0.113,2.376,5.807
249,5.273,8.320,1575,4.386,5.826,6.272,8.792,10.295,10.610,1.309,0.099,2.346,4.566
250,5.650,8.089,1575,4.391,5.826,6.272,8.789,10.292,10.610,1.121,0.080,2.354,4.535
251,4.413,9.234,1575,4.391,5.825,6.271,8.791,10.290,10.609,1.211,0.078,3.417,4.529
252,4.943,8.092,1564,4.394,5.825,6.271,8.788,10.287,10.608,1.187,0.080,2.336,4.489
253,5.499,9.310,1564,4.398,5.825,6.271,8.790,10.285,10.607,1.236,0.097,2.328,5.649
254,3.582,8.138,1555,4.395,5.824,6.270,8.788,10.282,10.606,1.197,0.078,2.346,4.518
255,3.686,9.316,1555,4.392,5.824,6.270,8.790,10.280,10.605,1.217,0.076,2.333,5.689
256,4.840,8.191,1555,4.394,5.823,6.269,8.788,10.277,10.605,1.223,0.089,2.348,4.531
257,3.767,9.349,1555,4.391,5.823,6.269,8.790,10.275,10.604,2.375,0.098,2.345,4.531
258,4.272,9.339,1566,4.391,5.823,6.269,8.792,10.272,10.603,1.217,0.077,3.455,4.590
259,4.109,8.252,1566,4.390,5.822,6.268,8.790,10.270,10.602,1.214,0.076,2.360,4.603
260,4.717,9.381,1555,4.391,5.822,6.268,8.792,10.267,10.601,1.234,0.076,2.363,5.707
261,4.482,8.286,1555,4.391,5.822,6.268,8.790,10.265,10.600,1.261,0.111,2.349,4.565
262,3.980,9.588,1559,4.390,5.820,6.267,8.793,10.264,10.600,1.260,0.077,2.369,5.882
263,5.739,9.405,1559,4.395,5.819,6.267,8.796,10.262,10.599,1.274,0.088,3.425,4.617
264,3.936,7.526,1548,4.393,5.817,6.266,8.791,10.261,10.598,1.105,0.079,2.137,4.204
265,4.541,8.613,1548,4.394,5.815,6.266,8.790,10.260,10.597,1.168,0.080,3.181,4.184
266,5.277,7.547,1548,4.397,5.814,6.266,8.785,10.258,10.596,1.106,0.078,2.146,4.217
267,4.102,8.587,1548,4.396,5.812,6.265,8.785,10.257,10.595,1.123,0.083,3.200,4.181
268,3.608,7.484,1537,4.393,5.811,6.265,8.780,10.256,10.595,1.118,0.080,2.122,4.164
269,3.705,8.578,1537,4.390,5.809,6.265,8.779,10.254,10.594,1.095,0.081,2.125,5.277
270,3.820,6.963,1530,4.388,5.808,6.264,8.772,10.253,10.593,1.042,0.083,1.922,3.915
271,4.469,8.425,1530,4.389,5.806,6.264,8.771,10.251,10.592,1.082,0.078,1.927,5.337
272,3.952,7.065,1530,4.387,5.804,6.264,8.765,10.250,10.591,1.097,0.114,1.914,3.940
273,3.792,8.249,1530,4.385,5.803,6.263,8.763,10.249,10.590,1.061,0.086,1.978,5.125
274,5.387,7.817,1534,4.388,5.801,6.263,8.759,10.247,10.590,1.265,0.083,2.148,4.320
275,5.879,8.975,1534,4.394,5.824,6.262,8.760,10.246,10.589,1.259,0.097,2.158,5.462
276,6.143,7.757,1534,4.400,5.836,6.262,8.757,10.245,10.588,1.193,0.079,2.162,4.323
277,4.349,9.066,1538,4.400,5.834,6.262,8.758,10.243,10.587,1.239,0.078,2.185,5.565
278,4.556,7.843,1538,4.401,5.833,6.261,8.754,10.242,10.586,1.252,0.079,2.165,4.347
279,3.634,9.137,1538,4.398,5.832,6.261,8.756,10.241,10.585,1.279,0.075,2.181,5.602
280,4.391,9.123,1538,4.398,5.830,6.261,8.757,10.239,10.585,1.247,0.089,3.438,4.348
281,3.610,7.233,1518,4.395,5.829,6.260,8.752,10.238,10.584,1.171,0.076,1.968,4.017
282,4.174,7.262,1518,4.394,5.828,6.260,8.746,10.238,10.583,1.196,0.078,1.964,4.024
283,3.994,7.218,1518,4.393,5.828,6.259,8.741,10.238,10.582,1.148,0.078,1.980,4.012
284,4.151,8.328,1520,4.392,5.828,6.259,8.740,10.238,10.581,1.182,0.081,3.026,4.039
285,3.667,7.307,1520,4.389,5.827,6.259,8.734,10.238,10.580,1.217,0.078,1.981,4.030
286,3.601,8.258,1511,4.387,5.827,6.258,8.733,10.237,10.580,1.176,0.078,2.988,4.016
287,3.663,7.250,1511,4.384,5.827,6.258,8.728,10.237,10.579,1.179,0.081,1.975,4.015
288,3.668,8.352,1513,4.382,5.826,6.258,8.726,10.237,10.578,1.198,0.079,3.048,4.027
289,4.079,7.280,1513,4.381,5.826,6.257,8.721,10.237,10.577,1.195,0.078,1.985,4.021
290,3.970,8.336,1513,4.379,5.826,6.257,8.720,10.237,10.576,1.212,0.093,3.027,4.003
291,3.767,7.363,1515,4.377,5.825,6.257,8.715,10.237,10.576,1.196,0.078,2.009,4.080
292,3.629,8.521,1515,4.375,5.825,6.256,8.715,10.237,10.575,1.210,0.076,3.147,4.088
293,3.716,7.407,1515,4.372,5.825,6.256,8.710,10.237,10.574,1.207,0.081,2.013,4.106
294,3.538,8.710,1506,4.369,5.824,6.255,8.710,10.236,10.573,1.212,0.075,1.999,5.423
295,3.815,7.369,1506,4.368,5.824,6.255,8.706,10.236,10.572,1.214,0.077,1.997,4.080
296,3.546,8.553,1506,4.365,5.823,6.255,8.705,10.236,10.571,1.204,0.081,2.007,5.261
297,4.378,7.387,1506,4.365,5.823,6.254,8.701,10.236,10.571,1.197,0.096,2.016,4.078
298,3.843,8.510,1497,4.363,5.823,6.254,8.700,10.236,10.570,1.237,0.107,1.971,5.195
299,4.894,7.331,1497,4.365,5.822,6.254,8.696,10.236,10.569,1.286,0.109,1.958,3.978
300,5.670,7.201,1497,4.369,5.822,6.253,8.691,10.236,10.568,1.185,0.079,1.949,3.988
301,5.709,7.110,1486,4.374,5.822,6.253,8.685,10.236,10.567,1.181,0.080,1.928,3.921
302,5.175,8.274,1486,4.376,5.820,6.253,8.684,10.235,10.567,1.180,0.076,1.930,5.087
303,3.766,7.065,1486,4.374,5.819,6.253,8.679,10.234,10.567,1.128,0.077,1.925,3.935
304,3.710,8.181,1486,4.372,5.817,6.253,8.677,10.233,10.567,1.142,0.088,1.929,5.021
305,4.049,8.217,1490,4.371,5.815,6.253,8.675,10.232,10.567,1.234,0.075,2.326,4.581
306,3.542,9.502,1490,4.368,5.814,6.253,8.678,10.231,10.566,1.321,0.088,2.334,5.758
307,4.316,9.286,1490,4.368,5.812,6.253,8.680,10.230,10.566,1.240,0.084,3.377,4.586
308,3.447,8.394,1494,4.365,5.811,6.253,8.679,10.229,10.566,1.308,0.075,2.348,4.662
309,3.869,10.043,1494,4.364,5.809,6.253,8.684,10.228,10.566,1.315,0.079,2.349,6.300
310,3.941,8.396,1494,4.362,5.808,6.253,8.683,10.227,10.566,1.331,0.079,2.349,4.637
311,4.103,9.854,1496,4.361,5.806,6.253,8.686,10.226,10.566,1.374,0.080,2.379,6.021
312,5.841,8.532,1496,4.366,5.825,6.252,8.686,10.225,10.566,1.337,0.110,2.375,4.710
313,4.297,8.466,1496,4.366,5.825,6.252,8.685,10.225,10.565,1.319,0.078,2.378,4.691
314,5.812,10.176,1496,4.370,5.824,6.252,8.690,10.224,10.565,1.327,0.078,2.377,6.393
315,4.212,8.886,1487,4.370,5.824,6.252,8.691,10.223,10.565,1.329,0.080,2.532,4.946
316,3.837,10.083,1487,4.368,5.823,6.252,8.695,10.222,10.565,1.315,0.078,2.545,6.146
317,5.476,10.068,1478,4.372,5.823,6.252,8.699,10.221,10.565,1.296,0.088,3.733,4.951
318,4.686,8.874,1478,4.373,5.823,6.252,8.700,10.220,10.565,1.316,0.079,2.535,4.944
319,4.814,10.016,1478,4.374,5.822,6.252,8.704,10.219,10.564,1.319,0.078,2.538,6.082
320,4.798,8.927,1484,4.375,5.822,6.252,8.705,10.218,10.564,1.298,0.086,2.548,4.995
321,4.510,10.314,1484,4.376,5.822,6.252,8.710,10.236,10.564,1.362,0.101,2.542,6.309
322,5.583,9.992,1484,4.380,5.821,6.252,8.714,10.235,10.564,1.283,0.074,2.553,6.081
323,5.702,9.157,1488,4.384,5.821,6.252,8.715,10.234,10.564,1.398,0.075,2.591,5.093
324,5.295,10.423,1488,4.387,5.820,6.252,8.720,10.238,10.564,1.411,0.075,2.596,6.340
325,3.518,10.209,1488,4.384,5.820,6.252,8.725,10.238,10.564,1.375,0.080,3.669,5.085
326,3.762,9.137,1479,4.382,5.819,6.252,8.726,10.237,10.563,1.412,0.075,2.573,5.077
327,4.394,10.280,1479,4.382,5.819,6.252,8.731,10.257,10.563,1.434,0.075,2.580,6.191
328,3.798,9.139,1479,4.380,5.818,6.252,8.732,10.256,10.563,1.402,0.087,2.568,5.081
329,4.411,8.892,1544,4.380,5.818,6.252,8.733,10.254,10.563,1.232,0.086,2.574,4.999
330,5.160,10.601,1544,4.383,5.817,6.252,8.738,10.273,10.591,1.393,0.073,2.556,6.580
331,5.378,9.048,1544,4.386,5.817,6.252,8.739,10.273,10.591,1.409,0.071,2.566,5.003
332,4.621,10.445,1544,4.386,5.816,6.252,8.744,10.296,10.591,1.509,0.074,2.560,6.302
333,5.980,10.158,1546,4.391,5.825,6.252,8.749,10.294,10.590,1.391,0.078,3.621,5.069
334,4.546,9.166,1546,4.392,5.824,6.252,8.750,10.292,10.590,1.424,0.077,2.583,5.083
335,4.817,10.335,1548,4.393,5.824,6.252,8.755,10.314,10.590,1.397,0.073,2.629,6.236
336,4.483,10.394,1548,4.393,5.823,6.252,8.760,10.320,10.589,1.390,0.085,3.826,5.093
337,4.244,8.433,1530,4.393,5.823,6.252,8.759,10.319,10.589,1.286,0.076,2.410,4.661
338,4.833,8.411,1530,4.394,5.823,6.252,8.758,10.318,10.589,1.300,0.075,2.382,4.654
339,4.654,8.476,1530,4.395,5.822,6.252,8.757,10.317,10.588,1.347,0.073,2.402,4.653
340,4.106,10.078,1534,4.394,5.822,6.252,8.761,10.316,10.588,1.350,0.093,2.391,6.244
341,4.221,9.780,1534,4.393,5.822,6.252,8.764,10.315,10.588,1.316,0.089,3.709,4.666
342,3.920,8.492,1534,4.392,5.821,6.252,8.763,10.315,10.587,1.372,0.100,2.375,4.645
343,6.471,10.063,1534,4.398,5.828,6.274,8.767,10.315,10.587,1.307,0.075,2.383,6.298
344,5.397,8.350,1523,4.401,5.828,6.274,8.765,10.315,10.587,1.292,0.072,2.375,4.611
345,3.500,9.581,1523,4.398,5.827,6.274,8.768,10.315,10.586,1.341,0.076,2.375,5.789
346,4.547,9.470,1523,4.399,5.827,6.273,8.770,10.315,10.586,1.278,0.090,3.502,4.599
347,3.700,8.387,1523,4.397,5.827,6.273,8.769,10.315,10.586,1.293,0.075,2.367,4.653
348,3.975,9.579,1514,4.396,5.826,6.272,8.771,10.315,10.585,1.320,0.075,2.357,5.826
349,3.728,8.447,1514,4.394,5.826,6.272,8.770,10.315,10.585,1.371,0.077,2.361,4.637
350,3.784,10.046,1518,4.392,5.826,6.272,8.774,10.315,10.585,1.307,0.082,2.576,6.082
351,4.172,10.229,1518,4.391,5.825,6.271,8.778,10.315,10.584,1.349,0.117,3.757,5.006
352,4.176,8.922,1518,4.391,5.825,6.271,8.778,10.314,10.584,1.320,0.074,2.560,4.968
353,5.482,8.934,1591,4.394,5.825,6.271,8.779,10.314,10.584,1.317,0.074,2.565,4.978
354,3.786,8.946,1591,4.392,5.824,6.270,8.779,10.314,10.583,1.324,0.077,2.574,4.970
355,4.742,10.181,1582,4.393,5.824,6.270,8.783,10.314,10.583,1.372,0.080,2.570,6.159
356,4.343,10.180,1582,4.393,5.823,6.269,8.787,10.314,10.583,1.338,0.075,3.798,4.969
357,4.279,8.928,1582,4.393,5.823,6.269,8.787,10.314,10.582,1.321,0.074,2.568,4.966
358,4.481,10.233,1591,4.393,5.823,6.269,8.791,10.314,10.582,1.365,0.076,2.570,6.222
359,4.730,10.102,1591,4.394,5.822,6.268,8.795,10.314,10.582,1.340,0.084,3.687,4.991
360,4.459,8.983,1591,4.394,5.822,6.268,8.796,10.314,10.581,1.366,0.077,2.566,4.974
361,4.777,10.262,1591,4.395,5.822,6.268,8.800,10.314,10.581,1.311,0.078,2.545,6.328
362,4.148,8.359,1580,4.394,5.821,6.267,8.798,10.312,10.581,1.319,0.098,2.348,4.594
363,4.344,9.653,1580,4.394,5.821,6.267,8.801,10.311,10.580,1.315,0.078,2.343,5.917
364,6.102,9.388,1580,4.399,5.828,6.266,8.802,10.309,10.580,1.220,0.085,3.492,4.591
365,5.216,8.330,1589,4.401,5.827,6.266,8.801,10.307,10.579,1.267,0.077,2.376,4.610
366,4.920,9.492,1589,4.403,5.827,6.266,8.803,10.306,10.579,1.236,0.077,2.364,5.815
367,3.737,6.853,1571,4.401,5.827,6.265,8.798,10.304,10.579,1.034,0.078,1.958,3.782
368,3.779,8.138,1571,4.399,5.826,6.265,8.796,10.302,10.578,1.069,0.096,1.947,5.026
369,3.984,7.657,1582,4.398,5.826,6.265,8.793,10.301,10.578,1.192,0.079,2.181,4.206
370,3.689,8.710,1582,4.396,5.826,6.264,8.793,10.299,10.578,1.195,0.098,2.156,5.261
371,4.699,6.781,1560,4.397,5.825,6.264,8.787,10.297,10.577,1.033,0.087,1.929,3.732
372,3.576,7.898,1560,4.395,5.825,6.264,8.785,10.296,10.577,1.072,0.087,1.926,4.813
373,3.971,6.677,1556,4.394,5.825,6.263,8.779,10.294,10.577,1.033,0.077,1.915,3.651
374,5.230,7.725,1556,4.396,5.824,6.263,8.776,10.292,10.576,1.027,0.077,1.908,4.713
375,4.143,6.692,1545,4.395,5.824,6.262,8.771,10.291,10.576,1.087,0.075,1.904,3.626
376,3.624,8.336,1545,4.393,5.823,6.262,8.770,10.289,10.576,1.027,0.085,1.910,5.314
377,4.889,6.640,1527,4.394,5.823,6.262,8.764,10.287,10.575,1.034,0.078,1.902,3.625
378,3.638,8.190,1527,4.392,5.823,6.261,8.762,10.285,10.575,1.024,0.077,3.473,3.615
379,4.458,6.657,1518,4.393,5.822,6.261,8.757,10.284,10.575,1.042,0.080,1.908,3.626
380,3.838,7.716,1518,4.391,5.822,6.261,8.754,10.282,10.574,1.058,0.080,2.954,3.624
381,4.629,6.735,1524,4.392,5.822,6.260,8.749,10.280,10.574,1.083,0.078,1.905,3.669
382,3.673,7.798,1524,4.390,5.821,6.260,8.746,10.280,10.574,1.064,0.091,2.999,3.644
383,3.724,6.681,1524,4.388,5.821,6.259,8.741,10.279,10.573,1.055,0.083,1.898,3.645
384,3.881,6.687,1524,4.387,5.820,6.259,8.736,10.278,10.573,1.054,0.088,1.895,3.650
385,3.599,7.992,1526,4.385,5.820,6.259,8.734,10.277,10.573,2.343,0.075,1.919,3.655
386,3.692,6.675,1526,4.383,5.819,6.258,8.728,10.277,10.572,1.036,0.083,1.902,3.653
387,3.537,8.281,1526,4.381,5.819,6.258,8.727,10.276,10.572,1.087,0.091,1.911,5.193
388,3.763,6.774,1526,4.379,5.818,6.258,8.722,10.275,10.572,1.086,0.120,1.903,3.666
389,3.555,8.161,1530,4.377,5.818,6.257,8.721,10.274,10.571,1.127,0.078,1.943,5.013
390,6.413,6.768,1530,4.382,5.826,6.303,8.716,10.273,10.571,1.064,0.078,1.933,3.692
391,5.437,7.942,1530,4.385,5.825,6.302,8.714,10.273,10.571,1.051,0.079,1.952,4.860
392,3.799,6.789,1530,4.383,5.825,6.301,8.709,10.272,10.570,1.057,0.092,1.949,3.690
393,3.517,8.854,1530,4.381,5.825,6.300,8.709,10.271,10.570,1.238,0.075,2.143,5.398
394,3.836,7.507,1530,4.380,5.824,6.298,8.706,10.270,10.570,1.192,0.093,2.134,4.088
395,4.201,7.381,1530,4.379,5.824,6.297,8.703,10.270,10.569,1.055,0.081,2.155,4.090
396,4.246,8.587,1530,4.379,5.823,6.296,8.703,10.269,10.569,1.203,0.086,3.219,4.079
397,3.651,7.512,1530,4.377,5.823,6.295,8.700,10.268,10.569,1.199,0.080,2.140,4.093
398,3.867,7.511,1530,4.376,5.823,6.293,8.697,10.267,10.568,1.206,0.074,2.134,4.096
399,3.949,7.504,1539,4.375,5.822,6.292,8.694,10.266,10.568,1.176,0.074,2.145,4.108
400,3.741,8.615,1539,4.373,5.822,6.291,8.693,10.266,10.568,1.188,0.075,3.242,4.109
401,3.620,7.554,1539,4.371,5.822,6.290,8.691,10.265,10.567,1.215,0.076,2.150,4.113
402,4.168,8.763,1539,4.371,5.821,6.289,8.691,10.265,10.567,1.189,0.078,2.147,5.349
403,4.000,8.333,1540,4.370,5.821,6.289,8.690,10.265,10.567,1.360,0.075,2.380,4.518
404,3.716,9.504,1540,4.368,5.820,6.289,8.692,10.264,10.567,1.327,0.077,2.375,5.725
405,3.977,8.301,1540,4.367,5.820,6.288,8.691,10.264,10.567,1.346,0.075,2.385,4.495
406,3.707,8.316,1544,4.366,5.819,6.288,8.690,10.264,10.566,1.330,0.076,2.370,4.540
407,5.636,9.355,1544,4.369,5.819,6.288,8.692,10.264,10.566,1.309,0.080,3.439,4.526
408,3.725,8.275,1544,4.367,5.818,6.287,8.691,10.264,10.566,1.302,0.078,2.374,4.522
409,4.087,9.595,1548,4.367,5.818,6.287,8.693,10.264,10.566,1.356,0.077,2.399,5.763
410,4.285,8.358,1548,4.366,5.817,6.286,8.692,10.264,10.566,1.302,0.073,2.395,4.588
411,4.175,9.647,1548,4.366,5.817,6.286,8.694,10.264,10.566,1.315,0.098,2.388,5.846
412,5.260,8.539,1550,4.368,5.816,6.286,8.694,10.263,10.566,1.421,0.115,2.399,4.604
413,4.491,8.575,1550,4.368,5.816,6.285,8.694,10.263,10.565,1.425,0.127,2.394,4.629
414,7.047,9.845,1550,4.375,5.824,6.397,8.696,10.263,10.565,1.591,0.075,2.404,5.775
415,5.574,8.421,1550,4.378,5.824,6.396,8.696,10.263,10.565,1.356,0.074,2.394,4.596
416,5.643,9.541,1550,4.381,5.823,6.394,8.698,10.263,10.565,1.397,0.073,2.400,5.671
417,4.994,9.644,1550,4.382,5.823,6.393,8.700,10.263,10.565,1.409,0.084,3.575,4.576
418,3.589,9.654,1552,4.380,5.823,6.392,8.702,10.263,10.565,1.399,0.091,2.825,5.339
419,4.149,10.706,1552,4.380,5.822,6.391,8.707,10.266,10.595,1.436,0.077,2.809,6.385
420,3.680,10.717,1552,4.378,5.822,6.390,8.712,10.282,10.641,1.418,0.085,3.866,5.348
421,3.548,9.005,1543,4.376,5.822,6.388,8.713,10.280,10.641,1.351,0.075,2.596,4.983
422,4.873,10.558,1543,4.377,5.821,6.387,8.717,10.312,10.640,1.364,0.086,2.613,6.495
423,3.623,8.996,1543,4.376,5.821,6.386,8.718,10.311,10.640,1.371,0.073,2.590,4.962
424,4.076,10.221,1543,4.375,5.820,6.385,8.721,10.309,10.639,1.409,0.078,2.605,6.129
425,5.111,9.048,1543,4.377,5.820,6.383,8.722,10.307,10.639,1.409,0.080,2.592,4.967
426,5.296,9.008,1543,4.379,5.819,6.382,8.723,10.306,10.638,1.352,0.075,2.608,4.973
427,4.114,10.179,1536,4.378,5.819,6.381,8.726,10.304,10.638,1.364,0.084,2.591,6.140
428,3.864,9.049,1536,4.377,5.818,6.380,8.727,10.302,10.637,1.374,0.091,2.584,5.000
429,4.152,8.995,1536,4.376,5.818,6.378,8.727,10.301,10.637,1.357,0.079,2.580,4.979
430,5.152,10.774,1542,4.378,5.817,6.377,8.732,10.315,10.690,1.487,0.077,2.602,6.607
431,4.425,9.139,1542,4.378,5.817,6.376,8.733,10.315,10.689,1.453,0.076,2.609,5.001
432,4.853,10.467,1542,4.379,5.816,6.375,8.737,10.324,10.689,1.518,0.097,2.608,6.245
433,5.262,11.208,1531,4.381,5.816,6.374,8.743,10.343,10.713,1.543,0.105,2.603,6.957
434,3.977,9.173,1531,4.381,5.816,6.372,8.744,10.342,10.713,1.457,0.078,2.608,5.030
435,6.350,10.454,1515,4.385,5.824,6.391,8.748,10.363,10.713,1.532,0.076,2.623,6.223
436,6.332,10.272,1515,4.390,5.832,6.391,8.751,10.362,10.713,1.454,0.075,3.657,5.086
437,3.589,9.238,1515,4.388,5.831,6.390,8.752,10.361,10.713,1.479,0.084,2.617,5.058
438,4.032,10.459,1493,4.387,5.831,6.389,8.756,10.381,10.713,1.466,0.078,2.610,6.305
439,3.648,10.334,1493,4.385,5.830,6.389,8.760,10.380,10.713,1.464,0.082,3.676,5.112
440,3.848,9.255,1493,4.384,5.829,6.388,8.761,10.380,10.712,1.446,0.073,2.610,5.126
441,4.781,10.159,1473,4.385,5.829,6.388,8.764,10.379,10.712,1.402,0.079,2.551,6.128
442,4.279,9.048,1473,4.385,5.828,6.387,8.765,10.378,10.712,1.398,0.115,2.539,4.996
443,4.367,10.191,1473,4.385,5.828,6.386,8.768,10.377,10.712,2.583,0.077,2.547,4.984
444,5.932,8.918,1539,4.388,5.839,6.386,8.768,10.376,10.712,1.381,0.079,3.332,4.125
445,4.359,7.635,1539,4.388,5.839,6.385,8.766,10.375,10.712,1.309,0.079,2.130,4.117
446,5.098,8.871,1539,4.390,5.838,6.384,8.766,10.373,10.712,1.299,0.081,2.123,5.367
447,6.056,6.936,1528,4.393,5.852,6.384,8.762,10.372,10.712,1.231,0.090,1.907,3.707
448,4.697,8.385,1528,4.394,5.851,6.383,8.761,10.371,10.712,1.211,0.086,1.906,5.183
449,5.809,6.925,1528,4.397,5.851,6.383,8.757,10.370,10.712,1.235,0.076,1.910,3.704
450,5.239,6.857,1528,4.399,5.850,6.382,8.753,10.369,10.711,1.174,0.087,1.906,3.690
451,4.916,6.909,1528,4.400,5.849,6.381,8.749,10.368,10.711,1.221,0.073,1.913,3.703
452,3.917,7.999,1528,4.399,5.848,6.381,8.747,10.366,10.711,1.212,0.083,2.996,3.707
453,4.180,6.893,1528,4.399,5.847,6.380,8.743,10.365,10.711,1.196,0.080,1.913,3.704
454,3.852,8.420,1530,4.397,5.847,6.379,8.742,10.364,10.711,1.222,0.076,3.191,3.930
455,3.923,7.330,1530,4.396,5.846,6.379,8.739,10.363,10.711,1.222,0.081,2.094,3.933
456,3.790,8.617,1530,4.395,5.845,6.378,8.739,10.362,10.711,1.220,0.083,2.099,5.215
457,3.886,7.402,1530,4.394,5.844,6.377,8.736,10.361,10.711,1.285,0.078,2.108,3.930
458,5.657,8.502,1530,4.397,5.843,6.377,8.735,10.359,10.711,1.212,0.076,2.096,5.117
459,5.809,7.309,1530,4.400,5.843,6.376,8.732,10.358,10.710,1.207,0.072,2.101,3.929
460,3.963,8.537,1530,4.399,5.842,6.376,8.732,10.357,10.710,1.208,0.076,2.099,5.155
461,4.607,6.842,1523,4.399,5.841,6.375,8.728,10.356,10.710,1.187,0.073,1.904,3.679
462,3.634,7.904,1523,4.398,5.840,6.374,8.726,10.355,10.710,1.166,0.073,1.892,4.773
463,4.817,6.816,1523,4.399,5.840,6.374,8.722,10.354,10.710,1.155,0.071,1.899,3.692
464,3.605,8.591,1588,4.397,5.839,6.373,8.722,10.353,10.710,1.198,0.074,2.095,5.224
465,4.441,7.385,1588,4.397,5.839,6.372,8.719,10.352,10.710,1.177,0.071,2.102,4.035
466,3.827,8.542,1588,4.396,5.838,6.372,8.718,10.351,10.710,1.267,0.073,2.091,5.112
467,5.073,7.439,1588,4.397,5.837,6.371,8.716,10.350,10.710,1.212,0.087,2.110,4.031
468,3.871,8.535,1588,4.396,5.837,6.370,8.715,10.348,10.709,1.255,0.073,2.097,5.111
469,4.380,7.396,1588,4.396,5.836,6.370,8.712,10.347,10.709,1.207,0.075,2.100,4.014
470,3.749,7.422,1588,4.395,5.836,6.369,8.710,10.346,10.709,1.228,0.077,2.087,4.031
471,4.033,8.991,1590,4.394,5.835,6.369,8.710,10.345,10.709,1.180,0.076,2.100,5.634
472,3.800,8.650,1590,4.393,5.834,6.368,8.710,10.344,10.709,1.247,0.073,2.086,5.243
473,3.800,7.348,1597,4.391,5.834,6.367,8.707,10.343,10.709,1.159,0.077,2.098,4.014
474,4.052,8.532,1597,4.391,5.833,6.367,8.707,10.342,10.709,1.192,0.073,2.085,5.182
475,4.354,7.462,1597,4.391,5.832,6.366,8.704,10.341,10.709,1.162,0.087,2.118,4.095
476,3.994,8.608,1597,4.390,5.832,6.365,8.704,10.340,10.709,2.346,0.072,2.105,4.085
477,4.042,8.523,1606,4.389,5.831,6.365,8.704,10.339,10.708,1.200,0.086,3.135,4.101
478,3.707,7.493,1606,4.388,5.831,6.364,8.701,10.338,10.708,1.197,0.075,2.119,4.103
479,3.959,8.569,1608,4.387,5.830,6.364,8.701,10.337,10.708,1.176,0.080,3.219,4.094
480,3.801,7.481,1608,4.385,5.829,6.363,8.698,10.336,10.708,1.187,0.080,2.121,4.093
481,4.331,8.954,1608,4.385,5.829,6.362,8.699,10.335,10.708,1.235,0.090,3.544,4.084
482,3.705,7.737,1608,4.384,5.828,6.362,8.697,10.335,10.708,1.396,0.076,2.131,4.133
483,5.028,8.790,1608,4.385,5.828,6.361,8.697,10.335,10.708,1.178,0.081,2.121,5.411
484,6.628,7.511,1608,4.390,5.839,6.423,8.695,10.335,10.708,1.157,0.073,2.141,4.140
485,4.250,8.579,1594,4.390,5.839,6.422,8.694,10.334,10.708,1.227,0.074,2.125,5.153
486,4.878,7.541,1594,4.391,5.838,6.422,8.692,10.334,10.708,1.182,0.072,2.131,4.156
487,3.667,8.821,1594,4.389,5.837,6.421,8.692,10.334,10.707,1.188,0.123,2.123,5.387
488,5.150,7.481,1594,4.391,5.837,6.420,8.690,10.334,10.707,1.165,0.074,2.119,4.124
489,3.686,8.760,1594,4.389,5.836,6.420,8.690,10.334,10.707,1.282,0.079,2.138,5.261
490,5.465,7.508,1594,4.391,5.836,6.419,8.687,10.334,10.707,1.176,0.085,2.121,4.127
491,3.895,8.854,1594,4.390,5.835,6.419,8.688,10.334,10.707,1.275,0.076,2.134,5.369
492,4.080,7.547,1598,4.390,5.834,6.418,8.686,10.334,10.707,1.159,0.090,2.122,4.176
493,3.614,7.561,1598,4.388,5.834,6.418,8.683,10.334,10.707,1.166,0.073,2.141,4.180
494,4.176,8.579,1598,4.388,5.833,6.417,8.683,10.334,10.707,1.199,0.083,3.134,4.163
495,3.659,8.282,1586,4.386,5.832,6.416,8.682,10.334,10.707,1.270,0.072,2.359,4.581
496,3.756,9.305,1586,4.385,5.832,6.416,8.683,10.334,10.706,1.269,0.074,3.379,4.583
497,3.959,8.243,1586,4.384,5.831,6.415,8.683,10.334,10.706,1.252,0.071,2.347,4.572
498,3.724,9.399,1586,4.383,5.831,6.415,8.684,10.334,10.706,1.245,0.076,2.348,5.730
499,4.127,8.466,1608,4.382,5.830,6.414,8.684,10.334,10.706,1.370,0.085,2.394,4.616
500,4.120,9.650,1608,4.382,5.829,6.413,8.686,10.334,10.706,1.434,0.074,2.422,5.721
501,5.264,9.643,1617,4.384,5.829,6.413,8.687,10.334,10.706,1.509,0.080,3.421,4.633
502,4.380,8.420,1617,4.384,5.828,6.412,8.687,10.333,10.705,1.324,0.076,2.406,4.614
503,4.349,9.572,1628,4.384,5.828,6.412,8.689,10.332,10.705,1.329,0.074,2.407,5.762
504,4.918,8.526,1628,4.385,5.828,6.411,8.688,10.331,10.704,1.345,0.082,2.407,4.692
505,4.008,10.514,1634,4.384,5.827,6.410,8.692,10.334,10.704,1.512,0.092,2.606,6.304
506,4.359,10.096,1634,4.384,5.827,6.410,8.695,10.334,10.703,1.447,0.074,3.642,4.933
507,6.323,9.017,1634,4.388,5.837,6.409,8.695,10.334,10.703,1.394,0.071,2.620,4.932
508,6.171,10.122,1634,4.391,5.851,6.408,8.698,10.334,10.702,1.370,0.075,2.625,6.052
509,4.280,9.048,1638,4.391,5.851,6.408,8.699,10.334,10.701,1.369,0.096,2.633,4.950
510,4.155,9.101,1638,4.390,5.850,6.407,8.700,10.334,10.701,1.454,0.071,2.632,4.944
511,4.318,10.126,1640,4.390,5.849,6.407,8.702,10.334,10.700,1.357,0.075,2.645,6.050
512,3.819,9.098,1640,4.389,5.848,6.406,8.703,10.334,10.700,1.378,0.071,2.649,5.000
513,4.598,10.327,1640,4.390,5.847,6.405,8.706,10.334,10.699,1.405,0.073,2.649,6.200
514,3.886,10.112,1631,4.389,5.847,6.405,8.709,10.334,10.699,1.403,0.079,3.640,4.989
515,3.710,9.078,1631,4.387,5.846,6.404,8.710,10.334,10.698,1.378,0.073,2.642,4.985
516,5.677,10.259,1631,4.390,5.845,6.403,8.713,10.334,10.698,1.433,0.078,2.645,6.104
517,4.184,9.104,1626,4.389,5.844,6.403,8.714,10.334,10.697,1.364,0.087,2.638,5.016
518,4.278,10.195,1626,4.389,5.843,6.402,8.716,10.334,10.696,2.487,0.082,2.626,5.000
519,5.609,10.368,1626,4.392,5.843,6.402,8.720,10.337,10.696,1.384,0.075,2.638,6.271
520,4.083,9.152,1626,4.391,5.842,6.401,8.720,10.336,10.695,1.392,0.087,2.632,5.042
521,4.686,10.269,1626,4.392,5.841,6.400,8.723,10.335,10.695,1.412,0.075,2.635,6.147
522,5.282,10.700,1606,4.393,5.840,6.400,8.727,10.355,10.705,1.440,0.077,3.814,5.370
523,5.102,9.610,1606,4.395,5.840,6.399,8.729,10.354,10.705,1.398,0.072,2.782,5.358
524,4.874,10.810,1617,4.395,5.839,6.398,8.733,10.366,10.714,1.403,0.082,2.825,6.500
525,4.982,11.172,1617,4.397,5.839,6.398,8.738,10.377,10.752,1.664,0.093,4.053,5.362
526,4.614,9.758,1632,4.397,5.838,6.397,8.739,10.376,10.751,1.387,0.078,2.840,5.453
527,5.263,10.867,1632,4.399,5.837,6.396,8.743,10.388,10.771,1.448,0.076,2.823,6.520
528,7.874,10.724,1623,4.405,5.851,6.455,8.747,10.393,10.771,1.420,0.075,3.830,5.400
529,5.813,9.721,1623,4.408,5.851,6.454,8.749,10.393,10.771,1.402,0.078,2.836,5.405
530,4.342,10.905,1623,4.408,5.850,6.454,8.753,10.405,10.800,1.453,0.086,2.820,6.546
531,3.508,10.735,1612,4.406,5.849,6.453,8.757,10.418,10.799,1.321,0.076,3.889,5.449
532,4.340,9.687,1612,4.406,5.848,6.453,8.759,10.418,10.799,1.310,0.075,2.852,5.450
533,4.995,10.805,1693,4.407,5.847,6.452,8.762,10.432,10.808,1.327,0.079,2.828,6.571
534,3.838,10.937,1693,4.406,5.847,6.451,8.767,10.448,10.826,1.332,0.082,4.104,5.419
535,4.408,9.639,1693,4.406,5.846,6.451,8.768,10.448,10.826,1.313,0.077,2.830,5.419
536,5.303,10.917,1695,4.408,5.845,6.450,8.772,10.455,10.855,1.371,0.077,2.840,6.629
537,4.834,9.646,1695,4.408,5.844,6.450,8.774,10.455,10.855,1.332,0.073,2.834,5.407
538,5.325,9.705,1695,4.410,5.843,6.449,8.776,10.455,10.855,1.383,0.088,2.834,5.401
539,5.826,10.311,1675,4.413,5.843,6.449,8.778,10.455,10.854,1.337,0.088,2.657,6.230
540,4.528,10.153,1675,4.413,5.842,6.448,8.781,10.454,10.854,1.299,0.080,3.677,5.096
541,4.978,9.157,1677,4.414,5.841,6.447,8.782,10.454,10.854,1.312,0.078,2.660,5.107
542,5.994,10.235,1677,4.417,5.856,6.447,8.784,10.454,10.853,1.295,0.077,2.645,6.217
543,5.405,9.135,1677,4.419,5.855,6.446,8.785,10.453,10.853,1.303,0.088,2.653,5.091
544,4.854,8.940,1670,4.420,5.855,6.446,8.785,10.453,10.853,1.092,0.095,2.653,5.100
545,6.150,10.450,1670,4.423,5.874,6.445,8.788,10.453,10.852,1.359,0.096,2.655,6.340
546,4.441,9.224,1670,4.423,5.873,6.445,8.789,10.453,10.852,1.352,0.104,2.653,5.115
547,4.801,10.401,1665,4.423,5.872,6.444,8.792,10.453,10.852,1.472,0.087,2.627,6.215
548,6.698,10.017,1665,4.428,5.914,6.554,8.794,10.453,10.851,1.273,0.075,2.632,6.037
549,5.952,9.113,1665,4.430,5.943,6.552,8.795,10.453,10.851,1.301,0.103,2.652,5.057
550,3.993,10.729,1656,4.430,5.942,6.551,8.798,10.457,10.851,1.297,0.086,2.843,6.503
551,3.728,10.711,1656,4.428,5.941,6.549,8.802,10.463,10.850,1.346,0.084,3.867,5.414
552,3.998,9.736,1656,4.428,5.940,6.547,8.804,10.463,10.850,1.407,0.074,2.842,5.413
553,4.379,10.752,1647,4.427,5.939,6.546,8.807,10.483,10.850,1.438,0.075,2.812,6.426
554,4.158,10.752,1647,4.427,5.938,6.544,8.811,10.508,10.849,1.443,0.080,3.866,5.363
555,4.497,9.583,1640,4.427,5.937,6.543,8.812,10.508,10.849,1.386,0.074,2.789,5.335
556,5.318,10.851,1651,4.429,5.937,6.541,8.816,10.513,10.858,1.444,0.076,2.831,6.501
557,4.774,10.753,1651,4.429,5.936,6.540,8.819,10.518,10.858,1.405,0.102,3.860,5.386
558,5.022,9.680,1642,4.430,5.935,6.538,8.821,10.517,10.858,1.432,0.075,2.806,5.367
559,6.197,9.664,1642,4.434,5.950,6.536,8.822,10.516,10.858,1.427,0.073,2.802,5.362
560,4.644,10.799,1642,4.434,5.950,6.535,8.826,10.532,10.858,1.425,0.082,3.932,5.360
561,4.490,9.027,1631,4.434,5.950,6.533,8.826,10.531,10.858,1.380,0.073,2.599,4.975
562,4.899,10.216,1631,4.435,5.949,6.532,8.829,10.530,10.857,1.382,0.088,2.598,6.148
563,4.884,9.093,1631,4.436,5.948,6.530,8.829,10.529,10.857,1.385,0.124,2.606,4.978
564,4.702,10.779,1637,4.436,5.947,6.529,8.832,10.549,10.857,1.717,0.092,2.597,6.373
565,5.543,10.353,1637,4.438,5.946,6.527,8.835,10.548,10.857,1.425,0.092,2.597,6.238
566,4.248,9.066,1637,4.438,5.945,6.525,8.836,10.547,10.857,1.370,0.075,2.608,5.013
567,5.749,10.419,1637,4.440,5.944,6.524,8.838,10.546,10.857,1.481,0.078,2.606,6.255
568,5.851,10.739,1637,4.443,5.944,6.522,8.842,10.556,10.856,1.459,0.079,2.623,6.578
569,3.796,9.053,1637,4.441,5.943,6.521,8.842,10.556,10.856,1.357,0.075,2.619,5.003
570,3.882,9.974,1632,4.440,5.942,6.519,8.844,10.555,10.856,1.327,0.076,2.598,5.972
571,5.136,9.934,1632,4.442,5.941,6.518,8.846,10.555,10.856,1.276,0.082,3.743,4.833
572,4.185,8.908,1634,4.441,5.940,6.516,8.846,10.555,10.856,1.399,0.078,2.587,4.843
573,4.558,10.020,1634,4.441,5.939,6.514,8.848,10.554,10.856,1.382,0.080,2.595,5.963
574,4.602,8.938,1634,4.442,5.938,6.513,8.848,10.554,10.856,1.433,0.090,2.583,4.832
575,4.670,10.372,1636,4.442,5.937,6.511,8.851,10.554,10.855,1.522,0.095,2.594,6.162
576,5.347,8.986,1636,4.444,5.937,6.510,8.851,10.554,10.855,1.450,0.094,2.590,4.851
577,6.318,8.990,1636,4.447,5.950,6.508,8.851,10.553,10.855,1.458,0.090,2.600,4.842
578,5.443,10.989,1638,4.449,5.950,6.507,8.855,10.559,10.876,1.548,0.088,2.801,6.552
579,4.929,10.903,1638,4.449,5.950,6.505,8.859,10.571,10.903,1.512,0.095,2.800,6.496
580,5.323,9.678,1638,4.451,5.950,6.503,8.860,10.569,10.903,1.505,0.086,2.807,5.280
581,5.460,11.100,1631,4.453,5.950,6.502,8.864,10.601,10.908,1.559,0.089,2.825,6.626
582,4.382,11.078,1631,4.453,5.949,6.500,8.868,10.648,10.921,1.528,0.091,2.834,6.625
583,5.049,9.767,1622,4.454,5.948,6.499,8.869,10.645,10.921,1.493,0.098,2.804,5.372
584,5.660,11.334,1622,4.456,5.947,6.497,8.873,10.693,10.946,2.953,0.107,2.802,5.472
585,4.463,11.000,1622,4.456,5.946,6.496,8.877,10.705,10.990,1.520,0.091,2.818,6.571
586,5.059,11.095,1615,4.457,5.945,6.494,8.881,10.710,11.012,1.472,0.097,4.122,5.403
587,5.917,9.751,1615,4.459,5.944,6.492,8.882,10.709,11.011,1.449,0.085,2.830,5.388
588,7.472,10.945,1619,4.464,5.951,6.637,8.886,10.715,11.011,1.444,0.078,2.841,6.582
589,5.161,10.766,1619,4.466,5.951,6.636,8.889,10.721,11.010,1.385,0.083,3.857,5.440
590,3.967,9.800,1619,4.465,5.951,6.635,8.891,10.721,11.009,1.440,0.077,2.838,5.445
591,4.415,11.034,1612,4.465,5.951,6.635,8.894,10.727,11.038,1.547,0.077,2.849,6.561
592,3.573,10.870,1612,4.463,5.951,6.634,8.898,10.732,11.038,1.483,0.081,3.868,5.438
593,3.863,9.891,1612,4.462,5.951,6.633,8.899,10.732,11.038,1.525,0.083,2.831,5.452
594,4.204,11.037,1603,4.462,5.951,6.633,8.903,10.736,11.040,1.509,0.078,2.840,6.610
595,4.003,11.042,1603,4.461,5.950,6.632,8.906,10.743,11.044,1.515,0.095,3.978,5.453
596,5.140,9.854,1603,4.462,5.950,6.631,8.908,10.742,11.043,1.488,0.077,2.831,5.458
597,4.987,11.106,1605,4.463,5.950,6.630,8.912,10.752,11.078,1.499,0.090,2.850,6.666
598,6.835,10.976,1605,4.467,5.956,6.702,8.915,10.752,11.078,1.490,0.102,3.894,5.491
599,3.956,9.981,1605,4.466,5.955,6.701,8.917,10.752,11.078,1.507,0.076,2.884,5.514
600,5.490,9.970,1605,4.468,5.953,6.699,8.919,10.752,11.078,1.512,0.078,2.867,5.513
601,4.617,10.066,1605,4.468,5.952,6.698,8.921,10.752,11.078,1.596,0.109,2.873,5.488
602,5.085,9.915,1596,4.469,5.952,6.697,8.922,10.752,11.077,1.523,0.079,2.853,5.461
603,5.446,11.085,1596,4.471,5.952,6.697,8.926,10.752,11.085,1.501,0.106,2.842,6.636
604,5.752,11.543,1596,4.473,5.952,6.696,8.930,10.761,11.094,1.555,0.104,2.864,7.020
605,4.459,10.007,1591,4.473,5.952,6.695,8.932,10.761,11.094,1.618,0.080,2.843,5.466
606,5.202,9.947,1591,4.474,5.952,6.694,8.934,10.760,11.094,1.554,0.078,2.854,5.461
607,7.056,11.538,1690,4.478,5.968,6.827,8.938,10.765,11.099,1.540,0.080,2.857,7.061
608,4.027,11.130,1690,4.477,5.967,6.826,8.942,10.771,11.105,1.548,0.108,4.004,5.470
609,5.522,9.960,1690,4.479,5.966,6.824,8.943,10.771,11.105,1.530,0.080,2.860,5.489
610,5.165,11.064,1690,4.480,5.965,6.823,8.947,10.777,11.105,1.542,0.080,2.859,6.583
611,4.279,11.108,1690,4.480,5.964,6.822,8.950,10.789,11.108,1.523,0.086,4.040,5.459
612,4.218,10.151,1672,4.479,5.962,6.820,8.952,10.788,11.108,1.512,0.082,2.991,5.566
613,5.253,11.263,1672,4.481,5.961,6.819,8.956,10.801,11.127,1.487,0.081,2.979,6.716
614,5.252,11.424,1672,4.482,5.960,6.818,8.960,10.807,11.166,1.577,0.080,4.208,5.558
615,4.576,10.149,1667,4.482,5.959,6.816,8.962,10.806,11.166,1.508,0.076,2.983,5.582
616,5.863,11.344,1667,4.484,5.958,6.815,8.966,10.816,11.203,1.534,0.080,2.988,6.742
617,5.968,11.315,1669,4.487,5.970,6.813,8.970,10.837,11.254,1.505,0.080,2.986,6.743
618,5.433,10.107,1669,4.488,5.969,6.812,8.971,10.836,11.254,1.471,0.076,2.998,5.563
619,5.373,11.347,1669,4.490,5.969,6.811,8.975,10.853,11.306,1.535,0.083,2.983,6.747
620,4.891,12.106,1671,4.490,5.969,6.809,8.980,10.867,11.330,1.508,0.081,3.202,7.315
621,5.274,12.094,1671,4.492,5.968,6.808,8.985,10.870,11.342,1.526,0.079,4.325,6.164
622,5.425,10.962,1671,4.493,5.967,6.807,8.989,10.901,11.342,1.503,0.091,3.202,6.165
623,6.089,12.394,1662,4.496,5.974,6.805,8.994,10.905,11.346,1.600,0.082,3.203,7.509
624,6.005,12.105,1662,4.498,5.979,6.804,8.999,10.916,11.406,1.579,0.078,3.222,7.226
625,7.937,11.477,1651,4.504,5.991,6.878,9.003,10.933,11.464,1.485,0.079,4.159,5.754
626,6.103,10.347,1651,4.506,6.003,6.878,9.005,10.932,11.463,1.541,0.075,3.001,5.730
627,5.558,10.869,1709,4.508,6.002,6.877,9.008,10.931,11.463,1.481,0.078,2.773,6.537
628,3.845,10.882,1709,4.507,6.001,6.876,9.011,10.930,11.462,1.423,0.080,3.978,5.401
629,4.835,9.693,1709,4.507,6.001,6.876,9.012,10.929,11.462,1.400,0.076,2.785,5.432
630,5.490,10.846,1700,4.509,6.000,6.875,9.015,10.928,11.461,1.418,0.079,2.788,6.562
631,5.198,10.895,1700,4.510,6.000,6.875,9.018,10.927,11.461,1.381,0.078,3.983,5.452
632,4.848,9.726,1700,4.511,5.999,6.874,9.019,10.926,11.460,1.390,0.077,2.807,5.452
633,5.128,11.088,1693,4.512,5.999,6.874,9.022,10.940,11.460,1.425,0.079,2.791,6.793
634,5.530,9.606,1693,4.513,5.998,6.873,9.023,10.940,11.459,1.285,0.077,2.789,5.455
635,4.259,10.597,1682,4.513,5.997,6.872,9.026,10.940,11.459,1.294,0.089,4.141,5.073
636,5.461,10.204,1682,4.514,5.997,6.872,9.028,10.939,11.458,1.325,0.079,2.594,6.206
637,5.238,10.135,1682,4.515,5.996,6.871,9.029,10.939,11.458,1.274,0.083,3.719,5.060
638,4.619,9.086,1673,4.516,5.996,6.871,9.029,10.938,11.457,1.274,0.077,2.617,5.118
639,4.912,10.163,1673,4.516,5.995,6.870,9.031,10.938,11.457,1.271,0.079,2.601,6.211
640,4.787,9.108,1673,4.517,5.995,6.870,9.031,10.937,11.456,1.300,0.096,2.602,5.111
641,4.415,8.469,1661,4.516,5.994,6.869,9.030,10.937,11.455,1.221,0.089,2.426,4.733
642,4.789,9.859,1661,4.517,5.993,6.869,9.032,10.936,11.455,1.303,0.091,2.427,6.037
643,4.785,8.579,1661,4.517,5.993,6.868,9.031,10.935,11.454,1.334,0.078,2.430,4.737
644,6.395,10.421,1665,4.520,6.004,6.867,9.033,10.934,11.454,1.271,0.080,2.648,6.422
645,6.150,10.346,1665,4.523,6.010,6.867,9.035,10.933,11.453,1.252,0.099,3.760,5.235
646,4.684,9.354,1667,4.523,6.010,6.866,9.036,10.932,11.453,1.372,0.082,2.680,5.220
647,4.553,10.550,1667,4.523,6.010,6.866,9.038,10.931,11.452,1.376,0.080,2.661,6.432
648,3.780,10.506,1667,4.522,6.009,6.865,9.040,10.930,11.452,1.361,0.090,3.822,5.234
649,3.758,9.829,1662,4.521,6.009,6.865,9.042,10.929,11.451,1.394,0.076,2.855,5.503
650,4.888,10.918,1662,4.521,6.009,6.864,9.044,10.928,11.451,1.390,0.078,2.856,6.594
651,4.323,11.007,1662,4.521,6.008,6.864,9.047,10.941,11.450,1.403,0.085,4.046,5.473
652,4.686,9.829,1657,4.521,6.008,6.863,9.049,10.941,11.450,1.412,0.078,2.855,5.484
653,5.630,11.097,1657,4.523,6.008,6.862,9.052,10.952,11.449,1.466,0.082,2.866,6.682
654,4.592,9.901,1657,4.523,6.008,6.862,9.053,10.951,11.449,1.447,0.077,2.877,5.501
655,4.668,11.177,1648,4.523,6.007,6.861,9.056,10.966,11.448,1.427,0.084,4.186,5.479
656,5.493,10.899,1648,4.525,6.007,6.861,9.059,10.965,11.448,1.371,0.077,2.838,6.612
657,4.827,10.940,1648,4.525,6.007,6.860,9.062,10.965,11.447,1.444,0.078,3.949,5.469
658,4.268,9.843,1654,4.525,6.006,6.860,9.063,10.964,11.447,1.379,0.075,2.861,5.529
659,5.138,11.112,1654,4.526,6.006,6.859,9.066,10.978,11.446,1.382,0.078,2.853,6.799
660,5.150,11.049,1658,4.527,6.006,6.858,9.069,10.989,11.445,1.416,0.085,3.989,5.559
661,4.710,9.885,1658,4.527,6.005,6.858,9.071,10.989,11.445,1.409,0.076,2.864,5.536
662,5.080,11.282,1658,4.528,6.005,6.857,9.074,11.000,11.444,1.534,0.085,2.852,6.812
663,5.028,11.159,1658,4.528,6.004,6.857,9.077,11.006,11.444,1.499,0.080,2.857,6.722
664,6.252,9.951,1658,4.531,6.011,6.856,9.078,11.006,11.443,1.482,0.076,2.855,5.539
665,5.635,11.238,1640,4.533,6.010,6.856,9.082,11.029,11.443,1.540,0.076,2.848,6.774
666,3.868,11.065,1640,4.532,6.010,6.855,9.085,11.036,11.442,1.456,0.078,2.852,6.680
667,3.695,9.963,1640,4.530,6.010,6.855,9.086,11.036,11.442,1.484,0.086,2.845,5.548
668,4.439,11.121,1640,4.530,6.009,6.854,9.089,11.040,11.441,2.661,0.074,2.856,5.530
669,5.871,11.071,1640,4.532,6.009,6.853,9.092,11.046,11.441,1.464,0.076,2.846,6.685
670,4.409,11.061,1640,4.532,6.009,6.853,9.095,11.056,11.440,1.476,0.093,3.960,5.533
671,4.960,10.737,1642,4.533,6.008,6.852,9.097,11.055,11.440,1.512,0.074,3.078,6.073
672,6.064,11.965,1642,4.535,6.016,6.852,9.102,11.062,11.494,1.529,0.078,3.071,7.286
673,4.543,10.298,1631,4.535,6.016,6.851,9.103,11.062,11.494,1.466,0.072,2.878,5.883
674,4.820,12.163,1631,4.536,6.015,6.851,9.108,11.065,11.539,1.473,0.108,4.715,5.866
675,6.935,11.624,1631,4.539,6.032,6.903,9.112,11.067,11.564,2.778,0.079,2.882,5.886
676,5.436,11.439,1716,4.540,6.030,6.902,9.115,11.072,11.564,1.468,0.077,2.866,7.028
677,4.875,11.378,1716,4.541,6.029,6.902,9.118,11.079,11.563,1.431,0.082,4.030,5.835
678,5.222,10.266,1716,4.542,6.027,6.902,9.120,11.079,11.562,1.450,0.071,2.879,5.865
679,6.408,11.542,1716,4.545,6.057,6.901,9.124,11.086,11.561,1.450,0.124,2.865,7.102
680,6.164,11.789,1716,4.547,6.064,6.901,9.128,11.088,11.659,1.792,0.086,2.885,7.026
681,5.289,10.376,1716,4.548,6.064,6.900,9.129,11.088,11.657,1.469,0.087,2.907,5.912
682,5.816,11.425,1716,4.550,6.063,6.900,9.133,11.094,11.656,2.516,0.080,2.905,5.924
683,7.299,11.562,1705,4.554,6.074,6.955,9.136,11.096,11.654,1.423,0.078,2.913,7.149
684,5.781,11.457,1705,4.556,6.073,6.954,9.140,11.099,11.652,1.411,0.082,4.030,5.934
685,4.055,10.335,1705,4.555,6.073,6.953,9.141,11.099,11.651,1.409,0.082,2.898,5.947
686,4.728,11.464,1700,4.555,6.072,6.952,9.145,11.104,11.649,1.415,0.076,2.878,7.095
687,5.124,11.402,1700,4.556,6.071,6.951,9.148,11.108,11.647,1.396,0.081,2.888,7.037
688,4.896,9.634,1689,4.557,6.071,6.950,9.149,11.107,11.646,1.380,0.074,2.651,5.530
689,6.034,10.993,1689,4.559,6.070,6.948,9.152,11.107,11.644,1.445,0.078,2.651,6.819
690,5.569,11.148,1689,4.560,6.070,6.947,9.154,11.110,11.642,1.341,0.078,2.662,7.067
691,4.335,9.592,1689,4.560,6.069,6.946,9.155,11.110,11.641,1.360,0.074,2.669,5.489
692,5.754,11.022,1689,4.562,6.069,6.945,9.158,11.110,11.639,1.475,0.079,2.665,6.803
693,5.521,10.842,1689,4.563,6.068,6.944,9.160,11.110,11.638,1.379,0.077,2.661,6.724
694,3.805,9.625,1684,4.562,6.068,6.943,9.161,11.110,11.636,1.350,0.082,2.676,5.517
695,4.873,10.946,1684,4.562,6.067,6.942,9.163,11.109,11.634,2.710,0.073,2.665,5.499
696,5.590,10.877,1690,4.564,6.066,6.941,9.166,11.109,11.633,1.402,0.078,2.687,6.711
697,4.365,9.648,1690,4.564,6.066,6.939,9.167,11.109,11.631,1.339,0.085,2.674,5.551
698,5.073,9.516,1690,4.564,6.065,6.938,9.167,11.109,11.629,1.173,0.116,2.684,5.543
699,6.550,10.144,1670,4.567,6.076,6.937,9.168,11.109,11.628,1.346,0.099,2.442,6.257
700,5.263,8.954,1670,4.568,6.076,6.936,9.168,11.108,11.626,1.378,0.081,2.443,5.052
701,5.158,8.956,1670,4.569,6.075,6.935,9.168,11.108,11.624,1.364,0.077,2.460,5.055
702,6.446,9.993,1670,4.572,6.088,6.935,9.169,11.108,11.624,1.308,0.074,3.536,5.075
703,5.259,8.892,1670,4.573,6.088,6.934,9.169,11.108,11.623,1.289,0.075,2.456,5.072
704,4.008,10.029,1670,4.572,6.087,6.934,9.170,11.108,11.623,1.315,0.077,2.442,6.195
705,3.786,8.876,1672,4.571,6.086,6.933,9.169,11.108,11.622,1.316,0.087,2.434,5.039
706,3.855,8.652,1672,4.570,6.085,6.933,9.169,11.108,11.621,1.089,0.073,2.444,5.046
707,4.397,10.162,1663,4.569,6.085,6.932,9.170,11.108,11.621,1.336,0.077,2.436,6.313
708,4.130,8.874,1663,4.569,6.084,6.932,9.170,11.107,11.620,1.307,0.074,2.438,5.055
709,4.554,10.092,1663,4.569,6.083,6.932,9.171,11.107,11.619,1.300,0.077,2.426,6.289
710,6.064,10.765,1653,4.571,6.083,6.931,9.173,11.107,11.619,1.403,0.081,3.907,5.373
711,4.213,9.429,1653,4.570,6.082,6.931,9.174,11.107,11.618,1.348,0.069,2.648,5.364
712,5.141,10.948,1653,4.571,6.081,6.930,9.176,11.107,11.618,1.419,0.077,2.647,6.805
713,4.646,10.549,1648,4.571,6.080,6.930,9.178,11.107,11.617,1.362,0.079,3.762,5.346
714,4.103,9.441,1648,4.571,6.080,6.929,9.178,11.107,11.616,1.360,0.074,2.643,5.363
715,7.454,10.487,1637,4.575,6.093,7.031,9.180,11.106,11.616,1.313,0.075,2.616,6.482
716,4.095,10.538,1637,4.574,6.092,7.030,9.182,11.106,11.615,1.352,0.089,3.765,5.332
717,3.773,9.383,1636,4.573,6.092,7.029,9.182,11.106,11.614,1.339,0.079,2.614,5.351
718,4.579,10.487,1636,4.573,6.091,7.028,9.184,11.106,11.614,1.362,0.075,2.624,6.425
719,4.085,10.743,1642,4.572,6.090,7.027,9.186,11.106,11.613,1.342,0.094,3.888,5.419
720,4.346,9.626,1642,4.572,6.090,7.026,9.187,11.106,11.613,1.455,0.100,2.641,5.430
721,4.886,10.695,1644,4.572,6.089,7.025,9.189,11.106,11.612,1.431,0.077,2.675,6.513
722,5.865,10.782,1644,4.574,6.088,7.024,9.191,11.105,11.611,1.431,0.090,3.811,5.450
723,5.711,9.551,1644,4.576,6.088,7.023,9.192,11.105,11.611,1.344,0.073,2.680,5.455
724,4.450,10.709,1644,4.576,6.087,7.021,9.194,11.105,11.610,1.372,0.082,2.659,6.597
725,3.591,9.586,1635,4.574,6.086,7.020,9.194,11.105,11.609,1.365,0.092,2.673,5.455
726,4.024,9.387,1635,4.573,6.085,7.019,9.195,11.104,11.609,1.193,0.076,2.695,5.423
727,4.971,11.256,1626,4.574,6.085,7.018,9.198,11.108,11.608,1.416,0.080,2.857,6.903
728,4.633,11.266,1626,4.574,6.084,7.017,9.200,11.111,11.608,1.408,0.085,4.036,5.737
729,4.989,10.124,1619,4.575,6.083,7.016,9.202,11.111,11.607,1.447,0.075,2.851,5.751
730,5.409,11.323,1619,4.576,6.083,7.015,9.205,11.117,11.606,1.407,0.079,2.855,6.983
731,4.787,10.174,1619,4.576,6.082,7.014,9.206,11.117,11.606,1.403,0.076,2.880,5.816
732,5.313,10.144,1619,4.577,6.081,7.012,9.207,11.116,11.605,1.415,0.076,2.869,5.783
733,7.002,11.468,1612,4.580,6.094,7.033,9.210,11.125,11.604,1.417,0.082,2.875,7.094
734,4.413,11.399,1612,4.580,6.094,7.032,9.213,11.136,11.604,1.376,0.077,2.867,7.079
735,4.282,10.241,1603,4.580,6.093,7.032,9.215,11.135,11.603,1.399,0.093,2.850,5.899
736,4.983,10.005,1603,4.580,6.092,7.031,9.216,11.134,11.602,1.194,0.076,2.848,5.887
737,6.231,11.933,1605,4.583,6.102,7.031,9.219,11.150,11.730,1.386,0.080,3.045,7.421
738,4.531,11.976,1605,4.582,6.102,7.030,9.223,11.161,11.879,1.426,0.083,4.219,6.248
739,5.121,10.874,1605,4.583,6.102,7.030,9.225,11.160,11.878,1.487,0.093,3.045,6.250
740,6.621,12.199,1609,4.586,6.102,7.029,9.229,11.172,11.952,1.563,0.079,3.084,7.473
741,9.392,12.087,1602,4.592,6.103,7.053,9.233,11.177,11.971,1.518,0.080,3.059,7.430
742,5.559,12.030,1602,4.594,6.102,7.053,9.237,11.207,12.008,1.522,0.078,4.168,6.262
743,3.823,10.892,1593,4.593,6.102,7.052,9.239,11.205,12.007,1.500,0.073,3.059,6.260
744,5.063,12.232,1593,4.593,6.102,7.052,9.243,11.233,12.063,1.622,0.077,3.053,7.480
745,5.006,11.986,1595,4.594,6.102,7.052,9.247,11.252,12.062,1.460,0.078,3.068,7.380
746,5.124,12.068,1595,4.595,6.102,7.052,9.251,11.261,12.079,1.552,0.080,4.195,6.241
747,6.168,10.892,1684,4.597,6.131,7.052,9.253,11.261,12.078,1.486,0.074,3.068,6.265
748,6.765,10.947,1684,4.600,6.147,7.052,9.255,11.261,12.078,1.551,0.077,3.061,6.259
749,5.666,12.137,1675,4.601,6.147,7.052,9.259,11.265,12.091,1.534,0.078,3.087,7.439
750,5.488,12.152,1675,4.602,6.147,7.052,9.263,11.275,12.100,1.484,0.078,4.299,6.291
751,6.575,10.971,1675,4.605,6.150,7.052,9.265,11.274,12.100,1.480,0.078,3.095,6.318
752,6.865,12.266,1677,4.608,6.156,7.052,9.269,11.297,12.106,1.568,0.077,3.084,7.537
753,5.853,12.061,1677,4.609,6.156,7.052,9.273,11.318,12.106,1.516,0.079,3.079,7.386
754,5.408,12.185,1672,4.611,6.155,7.051,9.277,11.327,12.121,1.504,0.079,4.267,6.334
755,5.271,11.000,1681,4.611,6.154,7.051,9.279,11.327,12.121,1.477,0.084,3.111,6.328
756,6.521,12.451,1681,4.614,6.165,7.051,9.283,11.337,12.144,1.597,0.078,3.110,7.667
757,6.326,12.189,1672,4.616,6.169,7.051,9.287,11.345,12.156,1.615,0.077,3.094,7.403
758,5.303,12.188,1672,4.617,6.169,7.051,9.291,11.352,12.172,1.553,0.078,3.100,7.457
759,5.535,11.012,1665,4.618,6.169,7.051,9.293,11.350,12.172,1.502,0.089,3.090,6.331
760,4.801,10.764,1665,4.619,6.168,7.051,9.295,11.349,12.172,1.272,0.074,3.095,6.322
761,4.602,12.174,1660,4.619,6.168,7.051,9.299,11.378,12.179,1.516,0.077,3.086,7.495
762,4.790,12.252,1660,4.619,6.168,7.051,9.303,11.398,12.186,1.491,0.076,3.086,7.599
763,4.899,11.083,1660,4.619,6.168,7.051,9.305,11.397,12.186,1.552,0.091,3.085,6.355
764,5.245,10.205,1638,4.620,6.168,7.051,9.306,11.396,12.186,1.240,0.074,2.860,6.031
765,4.845,11.575,1638,4.620,6.167,7.050,9.309,11.401,12.186,1.456,0.078,2.869,7.173
766,5.494,12.109,1627,4.621,6.167,7.050,9.313,11.418,12.186,1.440,0.080,4.174,6.414
767,5.363,11.017,1627,4.622,6.167,7.050,9.315,11.417,12.186,1.469,0.074,3.078,6.395
768,5.922,11.038,1627,4.624,6.167,7.050,9.317,11.416,12.186,1.474,0.075,3.062,6.427
769,5.274,11.857,1598,4.625,6.166,7.050,9.321,11.424,12.186,1.309,0.084,2.997,7.467
770,6.755,11.940,1598,4.628,6.170,7.050,9.324,11.433,12.186,1.497,0.077,4.093,6.273
771,5.365,10.108,1587,4.629,6.170,7.050,9.325,11.432,12.186,1.344,0.075,2.767,5.922
772,4.301,11.598,1587,4.628,6.170,7.050,9.328,11.448,12.186,1.478,0.086,2.781,7.253
773,3.688,10.548,1576,4.627,6.169,7.050,9.330,11.447,12.186,1.324,0.090,2.558,6.577
774,4.379,9.161,1576,4.627,6.169,7.050,9.329,11.446,12.186,1.234,0.084,2.575,5.268
775,7.401,10.606,1576,4.630,6.179,7.119,9.331,11.445,12.186,1.334,0.078,2.578,6.617
776,5.807,9.431,1554,4.632,6.178,7.117,9.331,11.444,12.186,1.184,0.078,3.398,4.771
777,3.587,8.339,1554,4.630,6.176,7.114,9.330,11.443,12.185,1.156,0.077,2.340,4.766
778,5.171,9.501,1554,4.631,6.175,7.112,9.330,11.442,12.185,1.192,0.080,2.344,5.885
779,3.717,8.439,1619,4.630,6.174,7.110,9.329,11.441,12.185,1.194,0.080,2.348,4.817
780,3.810,9.676,1619,4.629,6.173,7.107,9.329,11.440,12.185,1.272,0.077,2.358,5.970
781,4.968,9.617,1619,4.629,6.171,7.105,9.330,11.439,12.185,1.208,0.085,3.516,4.808
782,4.633,8.619,1620,4.629,6.171,7.102,9.329,11.439,12.185,1.192,0.077,2.406,4.944
783,4.771,10.002,1620,4.630,6.171,7.100,9.330,11.438,12.185,1.233,0.079,2.427,6.263
784,4.607,8.648,1620,4.629,6.171,7.097,9.329,11.437,12.185,1.212,0.081,2.402,4.954
785,4.164,9.970,1620,4.629,6.171,7.095,9.330,11.436,12.185,1.310,0.079,2.415,6.166
786,5.154,10.456,1613,4.630,6.171,7.093,9.331,11.436,12.185,1.327,0.081,3.721,5.327
787,4.928,9.326,1613,4.630,6.170,7.090,9.331,11.435,12.185,1.282,0.080,2.617,5.345
788,4.173,11.066,1617,4.629,6.170,7.088,9.333,11.434,12.185,1.375,0.077,2.828,6.786
789,3.810,11.092,1617,4.628,6.170,7.085,9.335,11.433,12.185,1.351,0.079,3.982,5.680
790,4.068,9.998,1621,4.628,6.170,7.083,9.336,11.433,12.185,1.399,0.083,2.834,5.682
791,5.007,11.079,1621,4.628,6.170,7.080,9.339,11.432,12.185,1.338,0.076,2.825,6.840
792,4.840,11.204,1621,4.628,6.170,7.078,9.341,11.431,12.185,1.393,0.110,4.024,5.677
793,5.265,10.027,1625,4.629,6.169,7.076,9.342,11.430,12.185,1.398,0.095,2.836,5.698
794,5.871,10.054,1625,4.631,6.169,7.073,9.343,11.430,12.185,1.462,0.075,2.830,5.687
795,5.442,11.420,1625,4.632,6.169,7.071,9.345,11.429,12.185,1.415,0.081,2.843,7.081
796,7.657,10.028,1625,4.636,6.178,7.304,9.346,11.428,12.185,1.397,0.089,2.852,5.689
797,4.165,10.439,1616,4.635,6.176,7.303,9.347,11.428,12.185,2.452,0.075,2.639,5.274
798,4.112,10.571,1616,4.634,6.175,7.302,9.349,11.427,12.185,1.356,0.075,2.621,6.519
799,3.592,9.403,1600,4.633,6.174,7.301,9.349,11.426,12.185,1.395,0.073,2.630,5.306
800,4.487,10.643,1600,4.633,6.173,7.300,9.351,11.425,12.185,1.436,0.075,2.612,6.520
801,5.554,10.630,1599,4.634,6.171,7.299,9.352,11.425,12.185,1.380,0.078,2.621,6.550
802,4.103,9.384,1599,4.633,6.171,7.296,9.352,11.425,12.185,1.376,0.076,2.617,5.315
803,4.568,10.651,1599,4.633,6.171,7.294,9.354,11.424,12.185,1.455,0.076,2.624,6.496
804,6.183,11.028,1599,4.635,6.181,7.292,9.356,11.424,12.185,1.425,0.076,2.634,6.892
805,5.378,9.432,1599,4.636,6.181,7.289,9.356,11.424,12.184,1.404,0.084,2.627,5.316
806,5.275,9.568,1599,4.637,6.180,7.287,9.356,11.424,12.184,1.511,0.080,2.644,5.333
807,6.177,9.464,1601,4.639,6.181,7.284,9.357,11.424,12.184,1.458,0.073,2.623,5.310
808,5.621,9.435,1601,4.640,6.181,7.282,9.357,11.424,12.184,1.400,0.076,2.620,5.339
809,4.203,10.665,1601,4.639,6.181,7.279,9.358,11.424,12.184,1.450,0.076,2.615,6.525
810,4.525,10.658,1601,4.639,6.180,7.277,9.360,11.424,12.184,1.413,0.077,3.860,5.309
811,4.945,9.406,1601,4.640,6.180,7.275,9.360,11.424,12.184,1.393,0.075,2.623,5.315
812,4.291,10.619,1601,4.639,6.180,7.272,9.361,11.424,12.184,1.409,0.090,2.633,6.488
813,4.686,10.812,1601,4.639,6.180,7.270,9.363,11.424,12.184,1.430,0.085,3.965,5.331
814,4.663,9.517,1601,4.639,6.179,7.267,9.363,11.424,12.183,1.471,0.077,2.630,5.338
815,6.671,11.312,1603,4.642,6.187,7.265,9.366,11.424,12.183,1.437,0.076,2.822,6.977
816,5.454,11.315,1603,4.643,6.187,7.262,9.368,11.424,12.183,1.448,0.087,2.824,6.956
817,3.602,10.046,1603,4.642,6.186,7.260,9.369,11.424,12.183,1.443,0.078,2.812,5.713
818,4.294,11.365,1603,4.641,6.185,7.258,9.371,11.424,12.183,1.508,0.077,2.816,6.965
819,4.281,11.213,1603,4.641,6.185,7.255,9.374,11.424,12.183,1.479,0.078,2.809,6.846
820,4.561,10.094,1694,4.641,6.184,7.253,9.375,11.424,12.183,1.445,0.093,2.828,5.728
821,5.078,10.035,1694,4.641,6.183,7.250,9.375,11.424,12.183,1.414,0.078,2.815,5.727
822,6.184,11.136,1694,4.643,6.184,7.248,9.378,11.424,12.183,1.433,0.077,2.814,6.813
823,5.808,11.319,1694,4.644,6.184,7.245,9.380,11.423,12.183,1.407,0.083,4.056,5.774
824,5.251,10.064,1694,4.645,6.184,7.243,9.381,11.423,12.182,1.370,0.079,2.853,5.762
825,5.151,11.241,1694,4.646,6.184,7.241,9.383,11.423,12.182,1.375,0.078,2.847,6.940
826,4.630,11.221,1694,4.646,6.184,7.238,9.385,11.423,12.182,1.360,0.093,3.993,5.774
827,5.417,10.138,1694,4.647,6.184,7.236,9.386,11.423,12.182,1.454,0.077,2.846,5.762
828,5.593,11.387,1698,4.648,6.184,7.233,9.389,11.422,12.182,1.429,0.076,2.889,6.992
829,5.050,12.002,1698,4.648,6.184,7.231,9.392,11.424,12.182,1.398,0.079,2.894,7.631
830,5.014,9.325,1656,4.649,6.184,7.228,9.392,11.424,12.182,1.337,0.076,2.625,5.287
831,5.403,10.632,1656,4.650,6.184,7.226,9.393,11.424,12.182,1.356,0.083,2.624,6.570
832,6.813,10.658,1656,4.652,6.190,7.224,9.395,11.424,12.182,1.405,0.083,2.623,6.547
833,4.229,9.308,1649,4.652,6.189,7.221,9.395,11.424,12.181,1.341,0.075,2.626,5.266
834,6.199,10.572,1649,4.654,6.198,7.219,9.396,11.424,12.181,1.412,0.075,2.618,6.467
835,6.227,10.507,1649,4.655,6.207,7.216,9.397,11.424,12.181,1.392,0.075,2.634,6.406
836,3.729,9.326,1649,4.654,6.206,7.214,9.397,11.424,12.181,1.339,0.076,2.639,5.271
837,4.106,10.531,1649,4.654,6.205,7.211,9.399,11.424,12.181,1.384,0.077,2.624,6.446
838,3.853,10.465,1653,4.653,6.203,7.209,9.400,11.424,12.181,1.271,0.078,3.815,5.302
839,4.443,9.278,1653,4.653,6.202,7.207,9.400,11.424,12.181,1.266,0.075,2.637,5.299
840,5.074,10.496,1653,4.653,6.200,7.204,9.401,11.424,12.181,1.238,0.076,2.638,6.543
841,5.054,10.585,1659,4.653,6.199,7.202,9.402,11.424,12.181,1.344,0.083,3.828,5.330
842,4.587,9.308,1659,4.653,6.199,7.199,9.402,11.424,12.181,1.278,0.077,2.647,5.306
843,4.727,9.326,1659,4.654,6.199,7.197,9.402,11.423,12.180,1.275,0.076,2.649,5.326
844,4.702,11.232,1663,4.654,6.199,7.194,9.404,11.423,12.180,1.424,0.086,3.997,5.725
845,5.252,10.139,1663,4.654,6.199,7.192,9.405,11.423,12.180,1.439,0.075,2.875,5.749
846,4.959,11.366,1663,4.655,6.199,7.190,9.408,11.423,12.180,1.477,0.077,2.874,6.938
847,4.763,11.247,1663,4.655,6.198,7.187,9.410,11.423,12.180,1.404,0.077,4.039,5.727
848,4.658,10.127,1663,4.655,6.198,7.185,9.411,11.422,12.180,1.443,0.074,2.882,5.728
849,5.478,11.281,1663,4.656,6.198,7.182,9.413,11.422,12.180,1.440,0.077,2.861,6.904
850,5.122,11.852,1663,4.656,6.198,7.180,9.416,11.424,12.180,1.397,0.093,2.868,7.494
851,5.091,10.198,1663,4.657,6.198,7.178,9.417,11.424,12.180,1.486,0.106,2.866,5.740
852,5.051,8.238,1612,4.657,6.198,7.175,9.415,11.424,12.179,1.100,0.077,2.361,4.700
853,6.683,9.699,1612,4.660,6.210,7.173,9.415,11.424,12.179,1.211,0.102,2.387,5.999
854,6.085,8.371,1612,4.661,6.209,7.170,9.414,11.424,12.179,1.215,0.079,2.370,4.706
855,3.849,9.524,1585,4.660,6.207,7.168,9.414,11.424,12.179,1.222,0.076,2.375,5.850
856,3.596,8.320,1585,4.659,6.206,7.165,9.413,11.424,12.179,1.214,0.076,2.354,4.675
857,3.549,10.381,1591,4.658,6.205,7.163,9.414,11.424,12.179,1.389,0.079,2.603,6.309
858,4.215,10.283,1591,4.657,6.203,7.161,9.415,11.424,12.179,1.378,0.077,2.589,6.238
859,3.831,9.052,1591,4.656,6.202,7.158,9.415,11.424,12.179,1.338,0.076,2.586,5.052
860,4.061,10.282,1591,4.656,6.200,7.156,9.416,11.424,12.179,1.378,0.076,2.585,6.243
861,4.585,10.319,1593,4.656,6.199,7.153,9.417,11.424,12.179,1.447,0.079,3.705,5.088
862,4.429,9.105,1593,4.655,6.199,7.151,9.417,11.424,12.178,1.336,0.080,2.610,5.078
863,4.637,8.408,1584,4.655,6.199,7.148,9.415,11.423,12.178,1.312,0.076,2.368,4.652
864,4.833,8.442,1584,4.655,6.199,7.146,9.414,11.423,12.178,1.329,0.076,2.376,4.661
865,5.367,9.714,1584,4.656,6.199,7.144,9.415,11.423,12.178,1.375,0.076,2.374,5.889
866,4.756,9.631,1550,4.656,6.199,7.141,9.415,11.423,12.178,1.296,0.083,3.624,4.628
867,4.159,8.344,1550,4.656,6.198,7.139,9.414,11.423,12.178,1.275,0.078,2.356,4.636
868,4.435,9.458,1550,4.656,6.198,7.136,9.414,11.422,12.178,1.285,0.078,2.365,5.730
869,3.923,9.014,1550,4.655,6.198,7.134,9.413,11.422,12.178,1.346,0.077,2.576,5.015
870,3.696,10.305,1550,4.654,6.198,7.131,9.414,11.422,12.178,1.387,0.078,2.570,6.271
871,4.582,10.810,1550,4.654,6.198,7.129,9.416,11.422,12.177,1.313,0.119,2.583,6.796
872,3.661,9.688,1550,4.652,6.198,7.127,9.416,11.422,12.177,1.457,0.094,2.771,5.365
873,4.564,11.006,1550,4.652,6.198,7.124,9.418,11.421,12.177,1.448,0.077,2.774,6.706
874,6.327,10.670,1550,4.654,6.209,7.122,9.419,11.421,12.177,1.371,0.079,2.766,6.454
875,6.019,9.651,1552,4.656,6.207,7.119,9.420,11.421,12.177,1.366,0.078,2.810,5.398
876,5.633,10.878,1552,4.657,6.206,7.117,9.421,11.421,12.177,1.418,0.085,2.794,6.580
877,4.100,10.864,1552,4.656,6.205,7.114,9.423,11.421,12.177,1.354,0.092,2.806,6.612
878,3.700,9.660,1558,4.655,6.203,7.112,9.423,11.420,12.177,1.353,0.081,2.807,5.419
879,4.258,10.880,1558,4.655,6.202,7.110,9.425,11.420,12.177,1.360,0.079,2.816,6.625
880,6.006,10.891,1562,4.656,6.200,7.107,9.427,11.420,12.177,1.444,0.078,2.826,6.543
881,4.674,9.828,1562,4.656,6.199,7.105,9.427,11.420,12.176,1.436,0.089,2.825,5.478
882,5.225,11.042,1562,4.657,6.199,7.102,9.429,11.419,12.176,2.718,0.078,2.821,5.425
883,6.187,11.038,1562,4.659,6.199,7.100,9.431,11.418,12.176,1.531,0.080,2.824,6.603
884,4.745,11.026,1562,4.659,6.199,7.097,9.432,11.417,12.176,1.442,0.090,4.042,5.451
885,5.489,9.824,1562,4.660,6.199,7.095,9.433,11.416,12.176,1.473,0.079,2.824,5.449
886,6.439,11.052,1566,4.662,6.220,7.093,9.435,11.415,12.176,1.462,0.081,2.845,6.664
887,5.604,11.146,1566,4.663,6.218,7.090,9.437,11.414,12.176,1.443,0.084,4.105,5.515
888,5.173,9.945,1566,4.663,6.217,7.088,9.437,11.414,12.176,1.452,0.085,2.871,5.537
889,5.469,11.105,1566,4.664,6.216,7.085,9.439,11.413,12.176,1.443,0.079,2.858,6.725
890,4.902,10.036,1566,4.665,6.214,7.083,9.440,11.412,12.175,1.514,0.080,2.860,5.582
891,4.787,9.981,1546,4.665,6.213,7.080,9.440,11.411,12.175,1.548,0.087,2.843,5.503
892,5.515,11.195,1546,4.666,6.212,7.078,9.442,11.410,12.175,1.505,0.100,2.839,6.751
893,4.582,10.987,1535,4.666,6.210,7.076,9.444,11.409,12.175,1.481,0.076,3.928,5.502
894,7.288,9.872,1535,4.668,6.228,7.288,9.445,11.408,12.175,1.480,0.076,2.826,5.491
895,6.220,11.135,1541,4.670,6.228,7.288,9.446,11.407,12.175,1.517,0.077,2.832,6.709
896,3.558,11.076,1541,4.669,6.228,7.288,9.448,11.406,12.175,1.468,0.078,2.828,6.702
897,3.618,9.222,1612,4.668,6.228,7.288,9.448,11.405,12.175,1.442,0.077,2.616,5.087
898,5.140,10.442,1612,4.668,6.227,7.288,9.449,11.405,12.175,1.461,0.077,2.608,6.295
899,5.155,10.516,1614,4.669,6.227,7.288,9.450,11.404,12.175,1.508,0.080,3.812,5.116
900,4.546,9.232,1614,4.669,6.227,7.288,9.450,11.403,12.174,1.413,0.089,2.614,5.116
901,5.003,10.437,1614,4.669,6.227,7.288,9.451,11.402,12.174,1.513,0.080,2.633,6.211
902,4.909,10.462,1609,4.669,6.226,7.285,9.452,11.402,12.174,1.441,0.087,3.837,5.097
903,5.154,9.216,1609,4.670,6.226,7.283,9.452,11.402,12.174,1.410,0.077,2.632,5.097
904,4.104,9.259,1611,4.669,6.226,7.281,9.452,11.402,12.174,1.430,0.081,2.638,5.111
905,4.972,10.393,1611,4.670,6.225,7.278,9.453,11.401,12.174,1.404,0.086,3.791,5.111
906,3.682,9.304,1611,4.668,6.225,7.276,9.453,11.401,12.174,1.436,0.081,2.634,5.153
907,4.817,10.369,1687,4.669,6.225,7.274,9.454,11.401,12.174,1.450,0.077,2.634,6.209
908,4.257,9.217,1687,4.668,6.224,7.271,9.453,11.401,12.173,1.414,0.078,2.624,5.101
909,4.694,10.512,1687,4.668,6.224,7.269,9.455,11.401,12.173,1.463,0.116,2.635,6.299
910,5.457,11.184,1678,4.669,6.224,7.267,9.456,11.401,12.173,1.537,0.100,2.821,6.726
911,4.557,10.026,1678,4.669,6.223,7.264,9.457,11.401,12.173,1.613,0.098,2.839,5.476
912,4.952,11.204,1678,4.669,6.223,7.262,9.459,11.400,12.173,2.810,0.086,2.817,5.490
913,7.586,11.034,1678,4.672,6.229,7.297,9.461,11.400,12.173,1.453,0.079,2.827,6.675
914,6.137,11.021,1678,4.674,6.228,7.297,9.462,11.400,12.173,1.489,0.089,3.971,5.472
915,4.072,9.854,1678,4.673,6.228,7.297,9.463,11.400,12.173,1.484,0.076,2.827,5.467
916,4.757,10.977,1678,4.674,6.228,7.297,9.465,11.400,12.173,1.479,0.082,2.837,6.580
917,3.799,10.916,1678,4.673,6.228,7.297,9.466,11.400,12.172,1.472,0.085,3.888,5.471
918,3.820,9.867,1669,4.672,6.227,7.297,9.467,11.400,12.172,1.480,0.077,2.821,5.489
919,4.676,10.959,1669,4.672,6.227,7.297,9.468,11.400,12.172,1.440,0.080,2.833,6.606
920,4.591,11.061,1669,4.672,6.227,7.297,9.470,11.399,12.172,1.479,0.086,4.005,5.492
921,4.996,9.826,1669,4.672,6.227,7.297,9.470,11.399,12.172,1.373,0.075,2.843,5.534
922,5.601,10.944,1669,4.673,6.226,7.296,9.472,11.399,12.172,1.381,0.078,2.837,6.648
923,4.839,11.151,1671,4.673,6.226,7.296,9.474,11.398,12.172,1.397,0.084,4.089,5.580
924,5.068,9.922,1671,4.674,6.226,7.296,9.474,11.397,12.172,1.393,0.080,2.876,5.573
925,5.702,11.148,1671,4.675,6.225,7.296,9.476,11.397,12.171,1.379,0.080,2.859,6.831
926,4.790,11.066,1662,4.675,6.225,7.296,9.478,11.396,12.171,1.375,0.081,4.055,5.556
927,4.642,9.847,1662,4.675,6.225,7.296,9.478,11.396,12.171,1.367,0.079,2.844,5.557
928,5.989,11.141,1662,4.676,6.224,7.296,9.480,11.395,12.171,1.419,0.075,2.842,6.805
929,5.427,10.438,1651,4.677,6.224,7.296,9.481,11.394,12.171,1.348,0.091,2.656,6.344
930,4.965,9.362,1651,4.677,6.224,7.296,9.481,11.394,12.171,1.460,0.092,2.643,5.167
931,5.197,10.402,1653,4.678,6.223,7.295,9.482,11.393,12.171,1.377,0.075,2.647,6.302
932,7.589,10.366,1653,4.681,6.229,7.370,9.483,11.392,12.171,1.341,0.082,3.764,5.179
933,5.494,9.284,1653,4.682,6.229,7.368,9.483,11.392,12.171,1.397,0.074,2.637,5.177
934,4.204,9.619,1639,4.681,6.228,7.367,9.483,11.391,12.170,1.210,0.077,2.455,5.877
935,3.664,8.556,1639,4.680,6.228,7.366,9.482,11.391,12.170,1.226,0.103,2.451,4.776
936,4.104,9.767,1639,4.680,6.228,7.365,9.482,11.390,12.170,1.233,0.076,2.463,5.995
937,4.473,9.906,1634,4.679,6.228,7.364,9.482,11.389,12.170,1.247,0.080,3.875,4.704
938,4.384,8.539,1634,4.679,6.227,7.363,9.481,11.389,12.170,1.291,0.081,2.462,4.705
939,4.700,8.450,1634,4.679,6.227,7.362,9.480,11.388,12.170,1.200,0.076,2.464,4.710
940,5.392,8.602,1638,4.680,6.227,7.361,9.479,11.387,12.170,1.347,0.079,2.452,4.724
941,5.069,9.857,1629,4.680,6.227,7.360,9.480,11.387,12.170,2.601,0.080,2.473,4.703
942,4.404,8.581,1629,4.680,6.226,7.359,9.479,11.386,12.170,1.337,0.076,2.456,4.712
943,4.250,8.532,1633,4.680,6.226,7.358,9.478,11.386,12.169,1.284,0.077,2.468,4.703
944,5.088,9.759,1633,4.680,6.226,7.357,9.478,11.386,12.169,1.308,0.075,2.474,5.901
945,3.923,9.743,1633,4.679,6.225,7.356,9.478,11.385,12.169,1.301,0.095,3.624,4.722
946,3.926,8.602,1633,4.678,6.225,7.355,9.478,11.385,12.169,1.332,0.086,2.458,4.726
947,4.336,9.668,1615,4.678,6.225,7.354,9.478,11.384,12.169,1.266,0.079,2.425,5.899
948,4.504,8.500,1615,4.678,6.224,7.353,9.477,11.384,12.169,1.306,0.077,2.431,4.687
949,3.857,10.077,1619,4.677,6.224,7.352,9.477,11.383,12.169,1.368,0.083,2.439,6.187
950,4.508,9.875,1619,4.677,6.224,7.351,9.478,11.383,12.169,1.344,0.089,3.760,4.682
951,4.011,8.505,1619,4.676,6.223,7.350,9.477,11.383,12.168,1.313,0.076,2.440,4.676
952,6.458,9.717,1619,4.678,6.229,7.349,9.477,11.382,12.168,1.352,0.075,2.435,5.854
953,5.446,8.599,1619,4.679,6.229,7.348,9.476,11.382,12.168,1.334,0.090,2.451,4.723
954,3.836,9.719,1619,4.678,6.228,7.347,9.476,11.381,12.168,1.297,0.076,2.448,5.898
955,3.728,8.444,1597,4.677,6.228,7.346,9.475,11.381,12.168,1.317,0.093,2.389,4.644
956,3.586,8.249,1597,4.676,6.228,7.345,9.474,11.380,12.168,1.111,0.099,2.400,4.640
957,4.720,9.530,1597,4.676,6.228,7.344,9.474,11.380,12.168,1.300,0.081,3.501,4.648
958,3.689,8.889,1601,4.675,6.227,7.343,9.473,11.380,12.168,1.339,0.077,2.579,4.894
959,3.817,10.064,1601,4.674,6.227,7.342,9.474,11.379,12.168,1.307,0.076,2.572,6.108
960,4.393,10.135,1601,4.674,6.227,7.341,9.475,11.379,12.167,1.411,0.091,3.728,4.905
961,4.011,8.780,1594,4.673,6.227,7.340,9.474,11.378,12.167,1.253,0.076,2.568,4.883
962,5.358,10.383,1594,4.674,6.226,7.339,9.475,11.378,12.167,1.241,0.080,2.573,6.489
963,4.902,8.790,1594,4.674,6.226,7.338,9.474,11.377,12.167,1.240,0.079,2.582,4.890
964,4.703,10.493,1583,4.674,6.226,7.337,9.475,11.376,12.167,1.306,0.077,2.759,6.351
965,5.271,10.426,1583,4.674,6.225,7.336,9.476,11.376,12.167,1.262,0.080,3.880,5.204
966,4.367,8.784,1576,4.674,6.225,7.335,9.476,11.375,12.167,1.234,0.085,2.593,4.872
967,4.756,9.935,1576,4.674,6.225,7.334,9.476,11.375,12.167,1.229,0.079,2.598,6.029
968,4.885,8.800,1576,4.674,6.224,7.333,9.475,11.374,12.166,1.221,0.093,2.593,4.892
969,4.512,9.298,1569,4.674,6.224,7.332,9.475,11.373,12.166,1.096,0.077,2.792,5.332
970,5.273,10.706,1569,4.675,6.224,7.331,9.476,11.373,12.166,1.264,0.082,2.822,6.539
971,4.640,9.534,1569,4.675,6.223,7.330,9.476,11.372,12.166,1.351,0.091,2.788,5.304
972,4.044,10.905,1558,4.674,6.223,7.329,9.478,11.372,12.166,2.627,0.076,2.819,5.384
973,6.142,11.139,1558,4.676,6.223,7.327,9.480,11.371,12.166,1.302,0.079,2.823,6.935
974,5.372,9.589,1558,4.676,6.222,7.326,9.480,11.370,12.166,1.314,0.095,2.816,5.364
975,3.750,10.059,1549,4.675,6.222,7.325,9.480,11.370,12.166,1.132,0.077,3.014,5.836
976,5.703,11.387,1549,4.677,6.222,7.324,9.482,11.380,12.166,1.330,0.078,3.014,6.965
977,3.727,11.335,1549,4.676,6.221,7.323,9.484,11.380,12.165,1.341,0.086,4.075,5.833
978,4.162,10.345,1551,4.675,6.221,7.322,9.485,11.380,12.165,1.305,0.088,3.030,5.922
979,5.380,11.511,1551,4.676,6.221,7.321,9.487,11.387,12.165,1.295,0.076,3.032,7.108
980,5.236,11.887,1633,4.676,6.221,7.320,9.490,11.388,12.165,1.451,0.078,3.036,7.321
981,4.980,10.559,1633,4.677,6.220,7.319,9.491,11.387,12.165,1.471,0.108,3.044,5.935
982,5.776,11.685,1633,4.678,6.219,7.318,9.493,11.399,12.165,2.638,0.078,3.025,5.944
983,6.419,11.595,1628,4.680,6.226,7.317,9.495,11.402,12.165,1.402,0.077,3.031,7.085
984,5.176,11.602,1628,4.680,6.226,7.316,9.497,11.417,12.165,1.519,0.084,4.082,5.917
985,5.892,10.462,1619,4.681,6.225,7.315,9.498,11.416,12.165,1.476,0.081,2.995,5.909
986,7.044,11.606,1619,4.684,6.230,7.314,9.500,11.423,12.164,1.516,0.078,3.002,7.010
987,6.114,11.643,1612,4.685,6.230,7.313,9.502,11.424,12.164,1.525,0.078,3.003,7.036
988,5.783,10.517,1612,4.686,6.230,7.312,9.504,11.424,12.164,1.508,0.101,3.007,5.901
989,5.647,10.538,1614,4.687,6.230,7.311,9.505,11.424,12.164,1.549,0.088,3.015,5.887
990,5.476,11.353,1614,4.688,6.229,7.310,9.506,11.424,12.164,1.284,0.075,3.021,6.972
991,8.205,11.467,1616,4.692,6.241,7.407,9.508,11.432,12.164,1.448,0.081,4.054,5.884
992,5.951,10.486,1616,4.693,6.240,7.406,9.509,11.431,12.164,1.515,0.078,2.996,5.896
993,4.357,11.541,1616,4.692,6.239,7.406,9.511,11.447,12.164,1.449,0.076,3.002,7.015
994,3.662,11.070,1607,4.691,6.238,7.405,9.513,11.446,12.163,1.414,0.077,2.808,6.772
995,4.777,9.934,1607,4.692,6.237,7.404,9.513,11.445,12.163,1.444,0.080,2.820,5.589
996,5.484,11.168,1604,4.692,6.236,7.404,9.515,11.444,12.163,1.442,0.076,2.813,6.837
997,5.669,11.391,1604,4.693,6.235,7.403,9.517,11.443,12.163,1.358,0.078,2.828,7.127
998,5.273,9.951,1604,4.694,6.234,7.403,9.517,11.442,12.163,1.409,0.098,2.835,5.609
999,5.131,11.402,1604,4.694,6.233,7.402,9.519,11.441,12.163,2.874,0.078,2.825,5.625
1000,6.015,9.921,1604,4.696,6.232,7.402,9.520,11.440,12.163,1.398,0.079,2.826,5.617
1001,5.469,12.615,1604,4.696,6.231,7.401,9.523,11.457,12.174,1.421,0.084,5.497,5.613
1002,6.031,9.876,1595,4.698,6.231,7.400,9.523,11.457,12.174,1.419,0.079,2.810,5.568
1003,5.545,10.994,1595,4.699,6.231,7.399,9.525,11.456,12.174,1.417,0.078,2.805,6.694
1004,4.468,10.919,1595,4.698,6.231,7.398,9.526,11.455,12.174,1.366,0.093,3.877,5.583
1005,4.424,9.875,1595,4.698,6.231,7.397,9.526,11.454,12.174,1.409,0.080,2.796,5.590
1006,5.308,11.671,1586,4.699,6.230,7.396,9.528,11.462,12.174,1.378,0.077,3.020,7.196
1007,5.192,11.961,1586,4.699,6.230,7.395,9.531,11.466,12.174,1.466,0.088,3.047,7.361
1008,5.059,10.714,1590,4.700,6.230,7.394,9.532,11.466,12.173,1.499,0.086,3.016,6.113
1009,5.412,11.780,1590,4.700,6.230,7.393,9.534,11.467,12.173,2.561,0.086,3.033,6.100
1010,8.201,11.724,1590,4.704,6.242,7.449,9.536,11.473,12.173,1.378,0.083,3.018,7.245
1011,5.301,11.630,1581,4.704,6.241,7.449,9.539,11.494,12.173,1.340,0.080,4.120,6.090
1012,3.739,10.554,1581,4.703,6.240,7.448,9.540,11.492,12.173,1.360,0.078,3.011,6.105
1013,4.579,11.086,1570,4.703,6.239,7.447,9.541,11.490,12.173,1.297,0.078,2.835,6.876
1014,5.246,11.129,1570,4.704,6.238,7.447,9.543,11.489,12.173,1.261,0.077,2.812,6.979
1015,5.568,9.906,1570,4.705,6.237,7.446,9.543,11.487,12.173,1.304,0.080,2.808,5.714
1016,5.750,10.705,1559,4.706,6.236,7.446,9.544,11.485,12.173,1.302,0.074,2.602,6.726
1017,5.796,10.647,1559,4.707,6.235,7.445,9.545,11.483,12.172,1.233,0.080,2.618,6.715
1018,5.573,9.397,1622,4.708,6.234,7.445,9.545,11.482,12.172,1.249,0.081,2.635,5.432
1019,5.473,10.692,1622,4.708,6.233,7.444,9.546,11.480,12.172,1.306,0.079,2.607,6.700
1020,6.823,10.814,1622,4.710,6.250,7.444,9.547,11.478,12.172,1.268,0.079,2.621,6.846
1021,4.405,9.356,1622,4.710,6.250,7.443,9.547,11.477,12.172,1.234,0.079,2.620,5.424
1022,4.775,10.746,1632,4.710,6.249,7.443,9.548,11.476,12.172,1.277,0.078,2.692,6.699
1023,6.955,10.826,1632,4.712,6.252,7.442,9.550,11.476,12.172,1.277,0.078,3.881,5.591
1024,4.856,9.546,1623,4.712,6.252,7.442,9.550,11.475,12.172,1.270,0.080,2.678,5.517
1025,4.729,10.800,1623,4.712,6.252,7.441,9.551,11.475,12.171,1.294,0.088,2.686,6.732
1026,5.243,10.960,1623,4.713,6.252,7.441,9.552,11.474,12.171,1.346,0.085,3.981,5.548
1027,4.561,9.672,1623,4.713,6.251,7.440,9.552,11.474,12.171,1.373,0.086,2.705,5.508
1028,4.850,11.487,1625,4.713,6.251,7.440,9.554,11.483,12.171,1.487,0.075,2.868,7.056
1029,7.516,11.349,1625,4.716,6.253,7.467,9.556,11.483,12.171,1.396,0.084,2.884,6.985
1030,5.651,10.178,1629,4.717,6.252,7.467,9.557,11.482,12.171,1.394,0.091,2.876,5.817
1031,4.261,11.463,1629,4.716,6.252,7.466,9.558,11.482,12.171,2.686,0.076,2.868,5.833
1032,3.831,11.269,1626,4.715,6.252,7.466,9.560,11.481,12.171,1.387,0.077,2.885,6.920
1033,4.706,11.376,1626,4.715,6.252,7.466,9.562,11.481,12.171,1.382,0.098,4.053,5.843
1034,5.000,10.343,1626,4.716,6.252,7.466,9.563,11.480,12.170,1.542,0.078,2.886,5.838
1035,6.371,10.166,1608,4.717,6.264,7.466,9.563,11.480,12.170,1.413,0.077,2.869,5.806
1036,5.027,12.240,1606,4.717,6.262,7.466,9.566,11.493,12.181,1.394,0.108,4.976,5.762
1037,4.975,10.154,1606,4.718,6.260,7.465,9.566,11.492,12.181,1.455,0.077,2.846,5.775
1038,6.080,9.492,1599,4.719,6.258,7.465,9.566,11.491,12.181,1.457,0.080,2.633,5.323
1039,5.291,10.484,1599,4.720,6.256,7.465,9.567,11.490,12.181,1.314,0.077,2.646,6.446
1040,3.982,9.348,1599,4.719,6.255,7.465,9.567,11.488,12.181,1.319,0.086,2.639,5.304
1041,4.575,10.641,1605,4.719,6.253,7.465,9.568,11.487,12.181,1.342,0.076,2.664,6.558
1042,4.380,10.483,1605,4.718,6.253,7.464,9.569,11.487,12.181,1.333,0.078,3.744,5.328
1043,3.957,9.356,1596,4.718,6.253,7.464,9.569,11.486,12.180,1.335,0.078,2.648,5.295
1044,4.510,10.573,1605,4.717,6.253,7.464,9.570,11.486,12.180,1.330,0.076,2.647,6.521
1045,4.473,10.791,1605,4.717,6.253,7.464,9.571,11.485,12.180,1.392,0.096,3.983,5.320
1046,4.381,9.429,1607,4.717,6.253,7.464,9.571,11.484,12.180,1.384,0.093,2.646,5.306
1047,5.184,10.597,1607,4.717,6.253,7.464,9.572,11.484,12.180,1.352,0.078,2.650,6.517
1048,6.412,10.549,1607,4.719,6.277,7.463,9.573,11.483,12.180,1.327,0.087,3.769,5.366
1049,5.334,9.370,1607,4.720,6.275,7.463,9.572,11.483,12.180,1.339,0.084,2.648,5.300
1050,5.007,11.264,1627,4.720,6.273,7.463,9.574,11.482,12.180,1.402,0.077,2.863,6.923
1051,3.670,11.318,1627,4.719,6.271,7.463,9.576,11.482,12.180,1.401,0.084,3.999,5.834
1052,3.732,10.743,1618,4.718,6.269,7.463,9.577,11.481,12.179,1.456,0.094,3.048,6.146
1053,4.326,11.974,1618,4.718,6.268,7.462,9.579,11.497,12.179,1.419,0.078,3.055,7.421
1054,4.618,12.064,1622,4.717,6.266,7.462,9.581,11.521,12.179,1.376,0.094,3.064,7.530
1055,5.426,12.038,1622,4.718,6.264,7.462,9.584,11.539,12.179,1.408,0.086,4.374,6.170
1056,5.665,10.627,1611,4.719,6.262,7.462,9.585,11.539,12.179,1.381,0.082,3.045,6.119
1057,6.356,12.062,1611,4.721,6.295,7.462,9.587,11.541,12.179,1.438,0.075,3.033,7.515
1058,4.584,11.096,1591,4.720,6.294,7.462,9.588,11.541,12.179,1.312,0.078,2.860,6.845
1059,4.958,9.833,1591,4.721,6.293,7.461,9.589,11.541,12.179,1.263,0.087,2.829,5.654
1060,6.241,11.973,1613,4.722,6.291,7.461,9.591,11.542,12.179,1.437,0.079,3.061,7.396
1061,7.337,11.773,1613,4.725,6.318,7.461,9.593,11.543,12.179,1.336,0.095,3.061,7.281
1062,6.141,11.778,1686,4.726,6.317,7.461,9.595,11.561,12.178,1.326,0.082,4.169,6.202
1063,5.008,10.676,1686,4.726,6.315,7.461,9.596,11.560,12.178,1.313,0.097,3.064,6.202
1064,6.019,12.106,1686,4.727,6.314,7.460,9.598,11.573,12.178,1.422,0.106,3.064,7.514
1065,5.326,12.222,1686,4.728,6.312,7.460,9.601,11.591,12.186,1.510,0.078,3.075,7.560
1066,4.461,11.980,1681,4.728,6.311,7.460,9.603,11.597,12.186,1.360,0.084,4.266,6.271
1067,6.031,10.787,1681,4.729,6.310,7.460,9.604,11.597,12.186,1.339,0.089,3.100,6.259
1068,3.993,11.235,1663,4.728,6.308,7.460,9.606,11.597,12.186,1.299,0.078,2.896,6.962
1069,3.911,11.533,1663,4.727,6.307,7.460,9.608,11.596,12.186,1.293,0.095,2.893,7.252
1070,5.130,10.883,1667,4.728,6.305,7.459,9.609,11.596,12.186,1.332,0.097,3.104,6.349
1071,4.720,10.676,1667,4.728,6.304,7.459,9.610,11.596,12.186,1.192,0.080,3.099,6.304
1072,5.629,11.873,1660,4.729,6.303,7.459,9.612,11.599,12.186,1.316,0.082,3.115,7.360
1073,4.271,11.876,1660,4.728,6.301,7.459,9.614,11.604,12.186,1.327,0.088,4.254,6.207
1074,4.829,11.561,1673,4.728,6.300,7.459,9.616,11.603,12.186,1.453,0.091,3.329,6.687
1075,5.856,11.414,1673,4.729,6.298,7.458,9.617,11.603,12.186,1.280,0.079,3.324,6.731
1076,5.011,12.798,1675,4.730,6.297,7.458,9.620,11.611,12.188,1.469,0.079,3.320,7.930
1077,5.441,12.830,1675,4.730,6.295,7.458,9.623,11.626,12.191,1.488,0.081,3.321,7.940
1078,5.214,13.430,1675,4.731,6.294,7.458,9.627,11.632,12.204,1.504,0.080,4.813,7.032
1079,7.005,12.214,1675,4.733,6.319,7.458,9.629,11.646,12.216,1.572,0.121,3.496,7.025
1080,6.974,13.681,1670,4.735,6.323,7.458,9.633,11.672,12.224,1.579,0.104,4.940,7.057
1081,5.539,13.557,1670,4.736,6.323,7.457,9.637,11.685,12.233,1.641,0.084,3.511,8.322
1082,6.000,13.407,1654,4.737,6.323,7.457,9.640,11.722,12.242,1.552,0.077,3.533,8.245
1083,7.457,13.374,1654,4.739,6.326,7.460,9.644,11.768,12.255,1.529,0.079,3.521,8.244
1084,4.183,13.295,1663,4.739,6.325,7.459,9.647,11.777,12.288,1.491,0.084,4.616,7.105
1085,4.926,13.411,1663,4.739,6.325,7.459,9.650,11.780,12.403,1.477,0.087,4.722,7.125
1086,6.085,11.555,1654,4.740,6.325,7.459,9.652,11.779,12.403,1.465,0.085,3.305,6.700
1087,5.263,12.921,1654,4.741,6.325,7.459,9.655,11.786,12.474,1.572,0.077,3.322,7.950
1088,5.659,12.709,1656,4.742,6.325,7.459,9.658,11.830,12.627,1.488,0.085,3.317,7.818
1089,6.076,11.670,1656,4.743,6.325,7.459,9.660,11.827,12.626,1.624,0.076,3.299,6.671
1090,4.573,10.241,1636,4.743,6.325,7.459,9.660,11.824,12.625,1.469,0.083,2.876,5.812
1091,5.630,11.493,1636,4.743,6.325,7.458,9.662,11.820,12.624,2.751,0.078,2.885,5.779
1092,4.787,10.655,1625,4.744,6.324,7.458,9.663,11.817,12.623,1.337,0.078,2.689,6.551
1093,5.316,10.745,1625,4.744,6.324,7.458,9.664,11.814,12.622,1.352,1.289,2.679,5.425
1094,5.153,9.934,1574,4.744,6.324,7.458,9.664,11.811,12.621,1.406,0.081,2.783,5.663
1095,6.040,11.094,1574,4.746,6.324,7.458,9.666,11.808,12.620,1.352,0.077,2.794,6.871
1096,4.403,11.420,1560,4.745,6.324,7.458,9.667,11.805,12.619,1.350,0.091,4.318,5.661
1097,4.778,10.086,1560,4.745,6.324,7.457,9.668,11.801,12.618,1.480,0.101,2.789,5.716
1098,5.744,11.298,1576,4.746,6.324,7.457,9.669,11.798,12.617,1.443,0.076,2.792,6.987
1099,4.500,11.069,1576,4.746,6.324,7.457,9.670,11.795,12.616,1.358,0.079,3.947,5.685
1100,5.256,10.002,1580,4.746,6.323,7.457,9.671,11.792,12.615,1.271,0.081,2.876,5.774
1101,4.742,11.126,1580,4.746,6.323,7.457,9.672,11.789,12.615,1.307,0.079,2.838,6.901
1102,3.653,11.238,1560,4.745,6.323,7.457,9.673,11.788,12.613,1.389,0.087,2.829,6.934
1103,5.258,10.041,1560,4.746,6.323,7.457,9.674,11.788,12.611,1.372,0.080,2.824,5.764
1104,4.539,11.193,1660,4.746,6.323,7.457,9.675,11.787,12.610,1.289,0.078,2.826,7.000
1105,4.576,11.143,1660,4.746,6.322,7.457,9.676,11.787,12.608,1.266,0.080,2.811,6.986
1106,4.522,9.426,1642,4.745,6.322,7.457,9.676,11.786,12.606,1.265,0.098,2.627,5.436
1107,5.141,10.740,1642,4.746,6.322,7.457,9.677,11.786,12.605,2.590,0.082,2.642,5.425
1108,5.968,10.323,1613,4.747,6.321,7.457,9.678,11.786,12.603,1.204,0.079,2.574,6.466
1109,5.022,9.313,1613,4.747,6.321,7.457,9.677,11.785,12.601,1.306,0.080,2.585,5.341
1110,4.953,10.473,1615,4.747,6.321,7.457,9.678,11.785,12.600,1.230,0.081,2.575,6.587
1111,5.779,10.422,1615,4.748,6.321,7.457,9.679,11.784,12.598,1.238,0.089,2.582,6.512
1112,4.626,9.324,1619,4.748,6.320,7.457,9.678,11.784,12.597,1.252,0.084,2.606,5.383
1113,5.070,10.491,1619,4.748,6.320,7.457,9.679,11.783,12.595,1.259,0.080,2.600,6.552
1114,6.318,11.051,1612,4.750,6.320,7.456,9.680,11.783,12.593,1.265,0.128,2.817,6.840
1115,5.262,9.952,1612,4.750,6.320,7.456,9.681,11.783,12.592,1.347,0.095,2.805,5.705
1116,5.481,11.294,1612,4.751,6.319,7.456,9.682,11.782,12.590,1.363,0.079,2.814,7.039
1117,4.627,10.435,1603,4.751,6.319,7.456,9.683,11.782,12.588,1.304,0.078,2.581,6.471
1118,5.750,9.315,1603,4.752,6.319,7.456,9.682,11.781,12.587,1.302,0.085,2.609,5.320
1119,5.292,10.614,1603,4.752,6.319,7.456,9.683,11.781,12.585,1.392,0.078,2.587,6.557
1120,3.918,10.472,1605,4.751,6.318,7.456,9.684,11.780,12.584,1.313,0.077,2.595,6.487
1121,3.873,9.283,1605,4.751,6.318,7.456,9.684,11.780,12.582,1.298,0.081,2.601,5.302
1122,4.426,10.452,1605,4.750,6.318,7.456,9.684,11.780,12.580,1.296,0.077,2.594,6.485
1123,4.571,10.613,1607,4.750,6.318,7.456,9.685,11.780,12.579,1.308,0.085,3.903,5.317
1124,4.304,9.345,1607,4.750,6.318,7.456,9.685,11.780,12.577,1.313,0.103,2.596,5.333
1125,4.512,9.217,1591,4.750,6.318,7.456,9.684,11.780,12.575,1.286,0.080,2.583,5.270
1126,5.754,10.403,1591,4.750,6.318,7.456,9.685,11.779,12.574,1.276,0.105,3.723,5.298
1127,4.190,9.219,1591,4.750,6.318,7.456,9.685,11.779,12.572,1.281,0.078,2.574,5.287
1128,4.399,9.246,1584,4.750,6.318,7.456,9.684,11.779,12.570,1.328,0.088,2.570,5.260
1129,5.599,10.452,1584,4.750,6.318,7.456,9.685,11.779,12.569,1.421,0.091,3.660,5.280
1130,3.619,9.202,1584,4.749,6.318,7.456,9.685,11.779,12.567,1.309,0.079,2.563,5.250
1131,4.743,9.786,1575,4.749,6.318,7.456,9.685,11.779,12.566,1.187,0.077,2.356,6.165
1132,4.012,8.453,1575,4.749,6.318,7.456,9.684,11.779,12.564,1.181,0.080,2.360,4.832
1133,4.047,9.668,1575,4.748,6.318,7.456,9.683,11.779,12.562,1.158,0.077,2.349,6.085
1134,6.071,8.606,1579,4.749,6.318,7.456,9.683,11.779,12.561,1.227,0.099,2.375,4.905
1135,3.642,8.567,1579,4.748,6.318,7.456,9.682,11.779,12.559,1.208,0.088,2.372,4.899
1136,4.958,9.757,1579,4.749,6.318,7.456,9.682,11.778,12.557,1.178,0.088,2.391,6.100
1137,4.368,8.649,1579,4.748,6.318,7.456,9.681,11.778,12.556,1.305,0.077,2.390,4.878
1138,6.407,9.665,1579,4.750,6.319,7.456,9.681,11.778,12.554,1.179,0.075,2.382,6.029
1139,6.326,8.579,1579,4.751,6.324,7.456,9.680,11.778,12.553,1.225,0.100,2.382,4.871
1140,4.034,8.546,1581,4.750,6.323,7.456,9.679,11.778,12.551,1.222,0.076,2.375,4.873
1141,4.520,9.591,1581,4.750,6.323,7.456,9.679,11.778,12.549,1.212,0.081,2.389,5.910
1142,3.803,8.527,1581,4.749,6.323,7.456,9.678,11.778,12.548,1.222,0.080,2.372,4.853
1143,3.635,9.643,1550,4.748,6.323,7.456,9.678,11.778,12.546,1.295,0.077,2.366,5.906
1144,3.951,8.599,1550,4.748,6.323,7.456,9.677,11.777,12.544,1.369,0.095,2.365,4.771
1145,5.304,9.704,1550,4.748,6.322,7.456,9.677,11.777,12.543,2.510,0.077,2.358,4.759
1146,3.987,9.605,1552,4.748,6.322,7.456,9.677,11.777,12.541,1.288,0.078,3.448,4.791
1147,4.152,8.559,1552,4.747,6.322,7.455,9.676,11.777,12.539,1.326,0.078,2.371,4.784
1148,4.511,9.749,1552,4.747,6.321,7.455,9.676,11.776,12.538,1.302,0.077,2.378,5.992
1149,4.896,8.580,1552,4.747,6.321,7.455,9.675,11.776,12.536,1.355,0.076,2.366,4.784
1150,4.368,10.383,1554,4.747,6.321,7.455,9.675,11.776,12.535,1.367,0.076,2.588,6.352
1151,5.874,10.708,1554,4.748,6.321,7.455,9.676,11.776,12.533,1.345,0.075,2.588,6.698
1152,4.429,10.040,1549,4.747,6.320,7.455,9.677,11.775,12.531,1.383,0.079,2.814,5.765
1153,4.519,11.280,1549,4.747,6.320,7.455,9.678,11.775,12.530,1.412,0.087,2.812,6.969
1154,5.941,11.201,1549,4.748,6.320,7.455,9.679,11.775,12.528,1.364,0.076,2.824,6.937
1155,5.400,11.128,1549,4.749,6.320,7.455,9.681,11.775,12.526,1.404,0.090,3.895,5.739
1156,5.535,10.046,1538,4.749,6.319,7.455,9.681,11.775,12.525,1.367,0.086,2.799,5.794
1157,5.938,11.281,1538,4.750,6.319,7.455,9.682,11.774,12.523,1.449,0.086,2.798,6.948
1158,4.832,11.183,1540,4.750,6.319,7.455,9.684,11.774,12.522,1.362,0.085,3.924,5.811
1159,6.830,10.132,1540,4.752,6.324,7.455,9.684,11.774,12.520,1.389,0.077,2.848,5.818
1160,5.857,11.165,1533,4.753,6.323,7.455,9.685,11.774,12.518,1.358,0.074,2.810,6.923
1161,3.585,11.338,1533,4.752,6.323,7.455,9.687,11.773,12.517,1.366,0.080,4.103,5.789
1162,3.628,10.061,1533,4.751,6.323,7.455,9.687,11.771,12.515,1.385,0.078,2.818,5.780
1163,4.695,11.488,1528,4.751,6.323,7.455,9.689,11.768,12.513,1.506,0.076,2.833,7.073
1164,4.740,11.456,1528,4.751,6.323,7.455,9.690,11.766,12.512,1.446,0.078,2.831,7.101
1165,5.019,10.229,1528,4.751,6.322,7.455,9.691,11.763,12.510,1.472,0.091,2.842,5.823
1166,5.226,11.373,1528,4.752,6.322,7.455,9.692,11.761,12.508,2.638,0.083,2.821,5.832
1167,6.746,11.364,1528,4.754,6.325,7.455,9.693,11.759,12.507,1.495,0.078,2.836,6.954
1168,5.522,10.270,1530,4.754,6.325,7.455,9.694,11.756,12.505,1.457,0.081,2.841,5.890
1169,4.610,11.812,1530,4.754,6.325,7.455,9.696,11.776,12.504,1.442,0.097,4.379,5.894
1170,6.048,11.392,1519,4.755,6.325,7.455,9.697,11.776,12.502,1.438,0.078,2.835,7.042
1171,5.261,11.498,1519,4.756,6.325,7.455,9.699,11.776,12.500,1.425,0.079,2.846,7.148
1172,4.649,10.249,1519,4.756,6.324,7.455,9.699,11.775,12.499,1.437,0.091,2.831,5.890
1173,5.149,10.244,1508,4.756,6.324,7.455,9.700,11.775,12.497,1.432,0.120,2.807,5.885
1174,5.579,11.319,1508,4.757,6.324,7.455,9.701,11.775,12.495,1.316,0.088,2.802,7.113
1175,4.791,11.441,1510,4.757,6.324,7.455,9.702,11.775,12.494,1.509,0.083,3.987,5.862
1176,4.990,10.181,1510,4.757,6.324,7.455,9.703,11.775,12.492,1.419,0.081,2.829,5.853
1177,7.052,11.408,1510,4.759,6.326,7.455,9.704,11.774,12.491,1.503,0.076,2.817,7.013
1178,4.829,11.487,1633,4.759,6.326,7.455,9.706,11.774,12.489,1.444,0.076,2.852,7.114
1179,3.746,10.264,1633,4.758,6.326,7.454,9.706,11.774,12.487,1.426,0.077,2.834,5.927
1180,4.520,11.542,1624,4.758,6.326,7.454,9.708,11.774,12.486,1.500,0.076,2.850,7.116
1181,4.912,11.424,1624,4.758,6.326,7.454,9.709,11.773,12.484,1.431,0.077,2.845,7.071
1182,4.816,11.487,1624,4.758,6.326,7.454,9.711,11.771,12.482,1.432,0.087,3.997,5.972
1183,5.072,9.708,1615,4.758,6.326,7.454,9.711,11.768,12.481,1.408,0.079,2.638,5.583
1184,6.703,10.699,1615,4.760,6.326,7.454,9.712,11.766,12.479,1.354,0.075,2.638,6.632
1185,5.451,11.017,1604,4.760,6.326,7.454,9.713,11.763,12.477,1.392,0.086,3.843,5.695
1186,5.583,9.741,1604,4.761,6.326,7.454,9.713,11.761,12.476,1.357,0.080,2.626,5.678
1187,4.687,11.097,1604,4.761,6.326,7.454,9.714,11.759,12.474,1.380,0.079,2.632,7.005
1188,4.176,10.958,1588,4.761,6.326,7.454,9.715,11.756,12.473,1.376,0.085,3.794,5.704
1189,4.452,9.776,1588,4.760,6.326,7.454,9.715,11.754,12.471,1.382,0.078,2.611,5.705
1190,6.065,11.021,1588,4.761,6.326,7.454,9.716,11.751,12.469,1.387,0.078,2.613,6.942
1191,4.740,11.525,1590,4.761,6.326,7.454,9.718,11.749,12.468,1.367,0.084,3.989,6.086
1192,4.362,10.406,1590,4.761,6.326,7.454,9.718,11.746,12.466,1.406,0.106,2.820,6.074
1193,5.482,10.973,1568,4.762,6.326,7.454,9.719,11.744,12.464,1.401,0.086,2.583,6.903
1194,4.740,10.801,1568,4.762,6.326,7.454,9.720,11.741,12.463,1.292,0.078,2.602,6.830
1195,8.559,9.595,1568,4.765,6.326,7.458,9.720,11.739,12.461,1.286,0.077,2.590,5.641
1196,5.493,10.845,1613,4.765,6.326,7.458,9.721,11.736,12.460,1.362,0.077,2.603,6.803
1197,3.718,10.812,1613,4.765,6.326,7.457,9.722,11.734,12.458,1.252,0.087,2.598,6.874
1198,3.811,9.624,1613,4.764,6.326,7.457,9.722,11.731,12.456,1.259,0.081,2.590,5.693
1199,4.154,9.931,1599,4.763,6.326,7.457,9.722,11.729,12.455,1.222,0.077,2.355,6.278
1200,4.116,9.838,1599,4.763,6.326,7.457,9.722,11.726,12.453,1.158,0.082,3.510,5.089
1201,4.076,8.774,1599,4.762,6.326,7.457,9.721,11.724,12.451,1.163,0.078,2.394,5.138
1202,5.042,9.934,1599,4.762,6.326,7.457,9.722,11.722,12.451,1.184,0.076,2.373,6.301
1203,4.593,8.764,1599,4.762,6.326,7.457,9.721,11.720,12.450,1.183,0.076,2.392,5.113
1204,4.206,10.187,1590,4.762,6.326,7.457,9.721,11.718,12.450,1.302,0.076,2.376,6.433
1205,5.056,8.744,1590,4.762,6.326,7.457,9.720,11.716,12.449,1.185,0.074,2.383,5.102
1206,4.224,8.771,1590,4.762,6.326,7.457,9.720,11.714,12.449,1.192,0.080,2.379,5.119
1207,5.274,10.011,1590,4.762,6.326,7.457,9.720,11.712,12.448,1.162,0.077,2.409,6.364
1208,4.232,10.014,1590,4.762,6.326,7.457,9.720,11.710,12.447,1.197,0.087,3.565,5.166
1209,3.996,8.833,1590,4.761,6.326,7.457,9.719,11.708,12.447,1.185,0.080,2.409,5.159
1210,4.457,9.858,1583,4.761,6.326,7.457,9.719,11.706,12.446,1.175,0.085,2.407,6.191
1211,3.947,8.794,1583,4.760,6.326,7.457,9.719,11.704,12.446,1.189,0.086,2.383,5.136
1212,4.369,10.121,1583,4.760,6.326,7.457,9.719,11.702,12.445,1.220,0.096,2.394,6.411
1213,5.664,10.153,1585,4.760,6.326,7.457,9.719,11.700,12.445,1.290,0.080,3.586,5.197
1214,4.402,8.902,1585,4.760,6.326,7.456,9.719,11.698,12.444,1.196,0.079,2.426,5.201
1215,5.268,9.972,1585,4.761,6.326,7.456,9.719,11.697,12.443,1.194,0.076,2.421,6.280
1216,3.742,8.967,1585,4.760,6.326,7.456,9.718,11.695,12.443,1.246,0.089,2.436,5.196
1217,3.582,9.446,1580,4.759,6.326,7.456,9.718,11.693,12.442,1.049,0.078,2.643,5.676
1218,4.795,10.877,1580,4.759,6.326,7.456,9.719,11.691,12.442,1.244,0.104,2.638,6.891
1219,4.232,9.661,1580,4.758,6.326,7.456,9.719,11.689,12.441,1.240,0.095,2.640,5.686
1220,4.207,9.577,1571,4.758,6.326,7.456,9.719,11.687,12.441,1.158,0.127,2.632,5.660
1221,5.622,9.737,1571,4.759,6.326,7.456,9.719,11.685,12.440,1.332,0.084,2.650,5.671
1222,4.893,9.496,1562,4.759,6.326,7.456,9.719,11.684,12.439,1.317,0.077,2.636,5.466
1223,5.070,9.456,1562,4.759,6.326,7.456,9.718,11.684,12.439,1.275,0.075,2.636,5.470
1224,5.580,10.840,1553,4.760,6.325,7.456,9.719,11.683,12.438,1.314,0.076,2.645,6.805
1225,3.600,10.760,1553,4.759,6.325,7.456,9.720,11.682,12.438,1.360,0.090,3.825,5.486
1226,4.664,9.468,1535,4.759,6.325,7.456,9.720,11.681,12.437,1.306,0.079,2.625,5.458
1227,4.704,10.617,1535,4.759,6.325,7.456,9.721,11.681,12.437,1.315,0.076,2.635,6.590
1228,4.113,9.538,1539,4.758,6.325,7.456,9.721,11.680,12.436,1.314,0.098,2.634,5.492
1229,4.093,9.349,1539,4.757,6.325,7.456,9.720,11.679,12.435,1.149,0.078,2.641,5.482
1230,5.014,10.846,1528,4.758,6.325,7.456,9.721,11.679,12.435,1.364,0.102,2.645,6.736
1231,4.414,9.661,1528,4.757,6.325,7.456,9.721,11.678,12.434,1.429,0.111,2.629,5.492
1232,4.420,9.481,1532,4.757,6.324,7.456,9.721,11.677,12.434,1.224,0.080,2.643,5.534
1233,7.754,10.924,1532,4.760,6.326,7.467,9.722,11.677,12.433,1.302,0.081,2.653,6.888
1234,5.326,9.640,1532,4.760,6.326,7.467,9.722,11.676,12.433,1.361,0.096,2.644,5.539
1235,3.714,8.879,1523,4.759,6.326,7.467,9.721,11.675,12.432,1.208,0.077,2.423,5.172
1236,4.925,10.234,1523,4.759,6.326,7.467,9.722,11.675,12.431,1.257,0.075,2.425,6.477
1237,3.729,8.913,1523,4.758,6.326,7.466,9.721,11.674,12.431,1.229,0.079,2.423,5.183
1238,4.223,10.086,1514,4.758,6.326,7.466,9.721,11.673,12.430,1.317,0.079,2.395,6.295
1239,5.712,10.003,1514,4.759,6.326,7.466,9.721,11.673,12.430,1.272,0.081,3.505,5.144
1240,4.473,8.906,1514,4.759,6.326,7.466,9.721,11.672,12.429,1.326,0.080,2.388,5.112
1241,4.588,9.949,1494,4.758,6.326,7.466,9.721,11.671,12.428,1.262,0.081,2.361,6.244
1242,4.315,8.791,1494,4.758,6.326,7.466,9.720,11.671,12.428,1.264,0.102,2.358,5.067
1243,4.206,10.916,1496,4.758,6.326,7.466,9.721,11.671,12.427,1.409,0.075,2.578,6.854
1244,5.012,11.092,1496,4.758,6.325,7.465,9.722,11.671,12.427,1.314,0.076,2.566,7.136
1245,4.034,9.462,1496,4.757,6.325,7.465,9.722,11.671,12.426,1.293,0.094,2.564,5.511
1246,4.402,10.754,1496,4.757,6.325,7.465,9.723,11.671,12.426,2.641,0.081,2.561,5.471
1247,5.088,10.673,1496,4.757,6.325,7.465,9.724,11.671,12.425,1.278,0.077,2.561,6.757
1248,4.956,9.432,1496,4.757,6.325,7.465,9.723,11.671,12.424,1.293,0.094,2.568,5.477
1249,5.816,10.362,1598,4.758,6.325,7.465,9.724,11.671,12.424,1.325,0.093,2.361,6.584
1250,6.245,10.086,1598,4.759,6.325,7.464,9.724,11.671,12.423,1.239,0.085,2.368,6.394
1251,5.065,8.828,1598,4.760,6.325,7.464,9.724,11.671,12.423,1.249,0.077,2.358,5.144
1252,6.847,10.347,1600,4.761,6.326,7.464,9.724,11.671,12.422,1.350,0.078,2.402,6.517
1253,5.978,9.956,1600,4.762,6.326,7.464,9.724,11.670,12.422,1.246,0.083,3.438,5.188
1254,3.689,8.982,1600,4.761,6.326,7.464,9.724,11.670,12.421,1.314,0.082,2.416,5.170
1255,4.950,10.012,1600,4.762,6.326,7.464,9.724,11.670,12.420,1.265,0.076,2.390,6.281
1256,3.821,8.954,1600,4.761,6.326,7.464,9.723,11.670,12.420,1.272,0.092,2.397,5.193
1257,3.651,8.641,1589,4.760,6.326,7.463,9.722,11.670,12.419,1.062,0.081,2.362,5.137
1258,4.222,10.427,1589,4.760,6.326,7.463,9.723,11.670,12.419,1.275,0.075,2.386,6.691
1259,4.146,8.802,1589,4.759,6.326,7.463,9.722,11.670,12.418,1.222,0.081,2.367,5.132
1260,3.981,9.348,1564,4.758,6.326,7.463,9.722,11.670,12.418,1.157,0.088,2.156,5.946
1261,5.194,8.144,1564,4.759,6.326,7.463,9.721,11.670,12.417,1.143,0.096,2.152,4.752
1262,5.182,8.001,1564,4.759,6.326,7.463,9.719,11.669,12.416,0.991,0.085,2.159,4.765
1263,5.071,9.406,1559,4.759,6.326,7.463,9.719,11.667,12.416,1.162,0.076,2.174,5.994
1264,5.048,8.145,1559,4.760,6.325,7.462,9.718,11.666,12.415,1.132,0.084,2.181,4.747
1265,3.868,9.266,1559,4.759,6.325,7.462,9.717,11.665,12.415,1.139,0.078,2.174,5.876
1266,4.071,8.223,1559,4.758,6.325,7.462,9.716,11.663,12.414,1.232,0.081,2.163,4.748
1267,3.715,9.421,1559,4.758,6.325,7.462,9.716,11.662,12.414,1.204,0.078,2.164,5.974
1268,4.896,9.330,1559,4.758,6.325,7.462,9.716,11.661,12.413,1.139,0.089,3.362,4.740
1269,4.325,8.176,1561,4.757,6.325,7.462,9.714,11.659,12.412,1.130,0.079,2.199,4.767
1270,4.722,9.467,1561,4.757,6.325,7.462,9.714,11.658,12.412,1.134,0.109,2.228,5.997
1271,4.747,8.248,1561,4.757,6.325,7.461,9.713,11.657,12.411,1.192,0.089,2.187,4.780
1272,4.506,8.259,1561,4.757,6.324,7.461,9.712,11.655,12.411,1.222,0.095,2.173,4.769
1273,4.158,8.206,1567,4.757,6.324,7.461,9.711,11.654,12.410,1.171,0.078,2.190,4.768
1274,4.852,9.489,1567,4.757,6.324,7.461,9.711,11.652,12.410,1.223,0.088,2.201,5.976
1275,5.679,9.278,1567,4.757,6.324,7.461,9.710,11.651,12.409,1.133,0.092,3.299,4.753
1276,3.601,8.193,1560,4.756,6.324,7.461,9.709,11.650,12.408,1.147,0.079,2.181,4.787
1277,4.152,9.458,1560,4.756,6.324,7.460,9.709,11.648,12.408,1.152,0.082,2.192,6.032
1278,3.814,8.241,1560,4.755,6.324,7.460,9.708,11.647,12.407,1.173,0.083,2.209,4.776
1279,3.565,9.245,1562,4.754,6.324,7.460,9.707,11.646,12.407,1.069,0.076,2.172,5.929
1280,4.135,8.132,1562,4.754,6.323,7.460,9.706,11.644,12.406,1.061,0.117,2.177,4.777
1281,3.990,9.574,1562,4.753,6.323,7.460,9.706,11.643,12.406,1.202,0.077,2.172,6.123
1282,3.989,9.147,1542,4.753,6.323,7.460,9.706,11.642,12.405,1.105,0.079,3.284,4.679
1283,4.414,8.104,1542,4.752,6.323,7.460,9.704,11.642,12.404,1.147,0.115,2.171,4.672
1284,5.928,9.654,1542,4.753,6.323,7.459,9.704,11.641,12.404,1.141,0.075,2.182,6.256
1285,3.520,8.043,1522,4.752,6.322,7.459,9.703,11.640,12.403,1.135,0.081,2.176,4.651
1286,3.603,9.172,1522,4.751,6.322,7.459,9.703,11.640,12.403,1.134,0.090,2.161,5.787
1287,4.529,8.181,1522,4.751,6.322,7.459,9.701,11.639,12.402,1.289,0.087,2.161,4.643
1288,3.765,9.369,1524,4.751,6.321,7.459,9.701,11.638,12.402,1.176,0.075,2.164,5.955
1289,5.191,9.177,1524,4.751,6.321,7.459,9.701,11.638,12.401,1.121,0.084,3.326,4.646
1290,3.799,8.039,1524,4.750,6.321,7.459,9.700,11.637,12.400,1.142,0.094,2.166,4.637
1291,3.751,10.022,1530,4.749,6.321,7.458,9.700,11.636,12.400,1.316,0.076,2.377,6.253
1292,3.768,8.881,1530,4.749,6.320,7.458,9.699,11.636,12.399,1.285,0.082,2.427,5.087
1293,3.515,10.182,1530,4.748,6.320,7.458,9.699,11.635,12.399,1.337,0.098,2.365,6.382
1294,4.631,10.268,1523,4.748,6.320,7.458,9.700,11.635,12.398,1.365,0.102,2.434,6.367
1295,4.237,8.906,1523,4.747,6.320,7.458,9.699,11.634,12.398,1.350,0.091,2.382,5.083
1296,5.529,10.090,1523,4.748,6.319,7.458,9.700,11.633,12.397,1.281,0.075,2.388,6.346
1297,6.528,10.169,1527,4.749,6.324,7.457,9.700,11.633,12.396,1.314,0.086,3.580,5.189
1298,3.636,8.996,1527,4.748,6.324,7.457,9.699,11.632,12.396,1.280,0.084,2.426,5.206
1299,4.328,10.131,1527,4.748,6.324,7.457,9.700,11.631,12.395,1.290,0.074,2.405,6.361
1300,3.530,9.057,1529,4.747,6.323,7.457,9.699,11.631,12.395,1.297,0.078,2.427,5.254
1301,3.614,10.293,1529,4.746,6.323,7.457,9.700,11.630,12.394,1.324,0.075,2.426,6.468
1302,4.835,10.467,1529,4.746,6.323,7.457,9.700,11.630,12.393,1.307,0.075,2.424,6.661
1303,3.975,9.101,1529,4.746,6.323,7.457,9.700,11.629,12.392,1.316,0.079,2.443,5.262
1304,4.215,10.342,1529,4.745,6.323,7.457,9.700,11.629,12.390,1.347,0.075,2.437,6.482
1305,6.366,10.625,1529,4.746,6.325,7.457,9.701,11.629,12.389,1.307,0.081,3.964,5.273
1306,4.385,9.613,1498,4.746,6.325,7.457,9.701,11.629,12.388,1.308,0.079,2.598,5.627
1307,4.480,9.609,1498,4.746,6.325,7.457,9.701,11.628,12.386,1.300,0.075,2.609,5.626
1308,6.420,10.786,1498,4.747,6.326,7.457,9.702,11.628,12.385,1.335,0.075,3.734,5.642
1309,3.520,10.182,1498,4.746,6.326,7.457,9.702,11.628,12.384,1.338,0.075,2.799,5.970
1310,4.471,11.406,1498,4.746,6.326,7.457,9.703,11.627,12.383,1.389,0.073,2.795,7.148
1311,4.528,11.495,1502,4.746,6.326,7.457,9.705,11.627,12.381,1.364,0.076,2.798,7.256
1312,4.646,10.243,1502,4.746,6.326,7.457,9.705,11.627,12.380,1.326,0.092,2.797,6.028
1313,5.422,10.079,1502,4.746,6.326,7.457,9.705,11.627,12.379,1.159,0.090,2.804,6.026
1314,6.408,11.304,1491,4.748,6.326,7.456,9.707,11.626,12.377,1.314,0.085,2.766,7.139
1315,4.701,11.584,1491,4.748,6.326,7.456,9.708,11.626,12.376,1.327,0.095,4.200,5.962
1316,6.750,10.142,1491,4.749,6.328,7.456,9.708,11.626,12.375,1.320,0.084,2.781,5.957
1317,5.548,11.241,1493,4.750,6.328,7.456,9.710,11.626,12.374,1.308,0.081,2.793,7.059
1318,3.489,11.455,1493,4.749,6.327,7.456,9.711,11.625,12.372,1.317,0.094,2.795,7.248
1319,3.482,10.322,1497,4.748,6.327,7.456,9.711,11.625,12.371,1.434,0.079,2.808,6.000
1320,4.908,11.577,1497,4.748,6.327,7.456,9.713,11.625,12.370,1.445,0.077,2.793,7.262
1321,4.865,11.497,1497,4.748,6.327,7.456,9.714,11.624,12.368,1.427,0.080,2.808,7.183
1322,5.807,12.817,1490,4.749,6.326,7.456,9.717,11.630,12.439,1.821,0.071,3.512,7.412
1323,4.356,15.841,1490,4.749,6.326,7.456,9.721,11.642,12.579,1.798,0.078,4.609,9.356
1324,5.848,12.742,1490,4.749,6.326,7.456,9.723,11.666,12.687,1.766,0.086,3.494,7.397
1325,5.623,12.738,1490,4.750,6.326,7.456,9.726,11.671,12.731,1.763,0.070,3.503,7.402
1326,7.051,14.150,1490,4.752,6.331,7.456,9.729,11.681,12.741,3.185,0.069,3.493,7.403
1327,7.076,14.033,1490,4.754,6.344,7.456,9.732,11.712,12.784,1.780,0.070,3.508,8.675
1328,7.108,13.999,1490,4.755,6.354,7.456,9.736,11.756,12.812,1.775,0.071,3.493,8.660
1329,7.353,14.094,1490,4.757,6.362,7.456,9.739,11.776,12.826,1.802,0.093,3.531,8.668
1330,8.083,14.200,1490,4.760,6.369,7.467,9.742,11.779,12.895,1.888,0.075,3.505,8.732
1331,7.878,14.028,1490,4.762,6.383,7.482,9.745,11.784,13.183,1.795,0.086,4.761,7.386
1332,8.651,14.028,1490,4.765,6.400,7.507,9.749,11.799,13.349,1.802,0.083,4.721,7.423
1333,6.391,12.753,1490,4.766,6.400,7.506,9.751,11.828,13.349,1.780,0.073,3.504,7.396
1334,3.973,14.124,1490,4.766,6.399,7.506,9.754,11.854,13.396,3.136,0.077,3.504,7.407
1335,5.112,14.058,1490,4.766,6.399,7.506,9.757,11.861,13.410,1.799,0.068,3.507,8.684
1336,6.196,14.062,1490,4.767,6.398,7.506,9.761,11.874,13.423,1.839,0.070,3.494,8.660
1337,6.998,14.068,1490,4.769,6.407,7.505,9.764,11.878,13.511,1.831,0.070,3.513,8.654
1338,7.505,13.956,1490,4.771,6.408,7.512,9.767,11.893,13.635,1.770,0.071,4.706,7.408
1339,8.144,13.981,1490,4.773,6.409,7.559,9.770,11.933,13.851,1.779,0.077,4.721,7.403
1340,8.386,12.743,1490,4.776,6.412,7.588,9.772,11.941,13.848,1.784,0.078,3.491,7.391
1341,7.766,14.085,1490,4.778,6.413,7.630,9.775,11.961,13.971,3.118,0.070,3.503,7.394
1342,7.106,14.111,1490,4.780,6.419,7.629,9.779,11.965,13.991,1.846,0.069,3.495,8.701
1343,7.152,14.005,1490,4.782,6.420,7.629,9.782,11.972,14.002,1.776,0.069,3.507,8.652
1344,7.258,14.069,1490,4.783,6.436,7.628,9.785,11.974,14.018,1.786,0.084,3.543,8.657
1345,7.948,14.283,1490,4.786,6.444,7.712,9.788,11.975,14.028,1.882,0.075,3.517,8.809
1346,7.605,13.975,1490,4.788,6.455,7.711,9.792,11.979,14.028,1.781,0.088,3.512,8.594
1347,7.933,14.044,1490,4.790,6.467,7.760,9.795,11.985,14.031,1.827,0.078,4.726,7.414
1348,8.265,12.771,1490,4.793,6.503,7.823,9.797,11.996,14.031,1.790,0.085,3.491,7.405
1349,3.936,12.719,1490,4.792,6.501,7.822,9.799,12.019,14.031,1.735,0.071,3.501,7.412
1350,4.479,14.183,1490,4.792,6.498,7.821,9.802,12.035,14.039,1.855,0.071,3.506,8.751
1351,6.328,14.002,1490,4.793,6.496,7.820,9.805,12.050,14.039,1.817,0.068,3.513,8.603
1352,6.611,14.245,1490,4.794,6.524,7.819,9.809,12.062,14.051,1.804,0.070,3.495,8.877
1353,5.546,14.121,1490,4.795,6.524,7.817,9.812,12.063,14.060,1.821,0.070,3.512,8.717
1354,4.777,12.756,1490,4.795,6.523,7.816,9.814,12.066,14.060,1.779,0.069,3.491,7.416
1355,5.154,15.838,1490,4.795,6.523,7.815,9.818,12.074,14.065,1.775,0.075,4.711,9.277
1356,10.067,14.006,1490,4.799,6.533,7.875,9.822,12.089,14.065,1.791,0.079,4.722,7.415
1357,7.377,12.732,1490,4.801,6.555,7.875,9.824,12.096,14.065,1.773,0.069,3.504,7.385
1358,8.295,12.901,1490,4.804,6.580,7.901,9.826,12.105,14.065,1.904,0.074,3.498,7.424
1359,7.576,14.069,1490,4.806,6.612,7.901,9.829,12.106,14.069,1.746,0.075,3.522,8.727
1360,7.558,14.190,1490,4.808,6.622,7.900,9.832,12.106,14.069,1.899,0.077,3.508,8.707
1361,7.341,13.957,1490,4.810,6.628,7.900,9.835,12.109,14.069,1.795,0.071,3.521,8.570
1362,7.737,14.154,1490,4.812,6.669,7.899,9.839,12.136,14.075,1.866,0.070,3.521,8.698
1363,7.580,13.921,1490,4.814,6.682,7.899,9.842,12.150,14.075,1.784,0.075,4.660,7.402
1364,3.926,14.060,1490,4.813,6.681,7.898,9.845,12.161,14.075,1.778,0.083,4.801,7.397
1365,5.526,12.643,1490,4.814,6.680,7.897,9.847,12.172,14.075,1.731,0.070,3.470,7.372
1366,5.694,14.085,1490,4.814,6.680,7.897,9.850,12.182,14.085,3.194,0.068,3.461,7.362
1367,6.864,13.964,1490,4.816,6.693,7.896,9.853,12.187,14.085,1.782,0.068,3.471,8.643
1368,6.701,13.855,1490,4.817,6.700,7.896,9.856,12.189,14.085,1.750,0.070,3.462,8.573
1369,6.996,13.971,1490,4.819,6.702,7.895,9.859,12.195,14.085,1.786,0.070,3.481,8.634
1370,7.744,13.910,1490,4.821,6.726,7.895,9.862,12.207,14.085,1.753,0.069,3.511,8.578
1371,8.477,13.835,1490,4.823,6.748,7.934,9.865,12.218,14.085,1.757,0.077,4.634,7.367
1372,8.870,12.668,1490,4.826,6.753,7.940,9.867,12.227,14.085,1.735,0.091,3.456,7.386
1373,6.498,14.074,1490,4.828,6.752,7.940,9.870,12.235,14.085,3.142,0.081,3.475,7.377
1374,6.905,14.229,1490,4.829,6.759,7.940,9.873,12.244,14.087,1.877,0.073,3.472,8.807
1375,7.119,13.958,1490,4.831,6.779,7.940,9.876,12.256,14.087,1.761,0.069,3.479,8.649
1376,7.038,14.097,1490,4.832,6.815,7.940,9.879,12.298,14.094,1.752,0.069,3.474,8.802
1377,7.855,14.001,1490,4.835,6.824,7.940,9.882,12.406,14.094,1.745,0.070,3.478,8.708
1378,4.551,13.822,1490,4.834,6.824,7.940,9.885,12.476,14.094,1.747,0.071,4.628,7.376
1379,6.435,13.986,1490,4.836,6.823,7.940,9.888,12.617,14.094,1.757,0.078,4.747,7.403
1380,6.941,12.640,1490,4.837,6.830,7.940,9.890,12.640,14.094,1.763,0.070,3.431,7.376
1381,7.075,14.109,1490,4.839,6.835,7.939,9.893,12.643,14.100,3.211,0.071,3.443,7.385
1382,7.168,14.099,1490,4.840,6.846,7.939,9.896,12.667,14.101,1.796,0.068,3.427,8.808
1383,7.099,12.598,1490,4.842,6.862,7.939,9.898,12.666,14.101,1.740,0.070,3.441,7.348
1384,7.636,15.730,1490,4.844,6.865,7.939,9.902,12.703,14.109,1.774,0.069,3.459,10.427
1385,10.585,14.151,1490,4.848,6.886,7.969,9.905,12.717,14.113,1.745,0.069,3.447,8.890
1386,6.938,13.768,1490,4.850,6.902,7.968,9.908,12.729,14.112,1.733,0.074,4.660,7.301
1387,8.409,14.006,1490,4.852,6.926,8.092,9.911,12.737,14.112,1.736,0.096,4.858,7.316
1388,7.601,12.783,1490,4.854,6.937,8.091,9.913,12.741,14.112,1.905,0.102,3.440,7.335
1389,6.447,13.917,1490,4.855,6.937,8.090,9.916,12.743,14.112,3.065,0.071,3.453,7.328
1390,6.798,13.973,1490,4.857,6.937,8.090,9.919,12.748,14.112,1.794,0.069,3.441,8.668
1391,7.793,13.785,1490,4.859,6.940,8.089,9.921,12.754,14.112,1.730,0.071,3.447,8.537
1392,3.902,13.888,1490,4.858,6.940,8.089,9.924,12.763,14.112,1.738,0.070,3.457,8.623
1393,6.278,13.962,1490,4.859,6.940,8.088,9.927,12.776,14.112,1.809,0.070,3.446,8.637
1394,7.311,13.805,1490,4.861,6.946,8.087,9.930,12.788,14.112,1.774,0.076,4.644,7.310
1395,8.120,12.594,1490,4.863,6.961,8.121,9.932,12.787,14.112,1.741,0.080,3.445,7.329
1396,7.747,12.654,1490,4.865,6.980,8.121,9.934,12.787,14.111,1.820,0.071,3.433,7.330
1397,7.322,13.909,1490,4.867,6.996,8.121,9.937,12.802,14.111,1.769,0.070,3.445,8.625
1398,7.570,13.765,1490,4.869,6.998,8.120,9.939,12.819,14.111,1.749,0.069,3.436,8.511
1399,7.532,13.988,1592,4.871,7.002,8.120,9.942,12.837,14.111,1.738,0.070,3.493,8.689
1400,8.202,14.390,1592,4.873,7.007,8.145,9.945,12.902,14.121,1.799,0.070,3.475,9.045
1401,7.987,13.258,1583,4.876,7.038,8.144,9.948,12.921,14.121,1.649,0.098,4.531,6.980
1402,8.437,12.037,1583,4.878,7.044,8.201,9.949,12.920,14.121,1.709,0.090,3.257,6.980
1403,8.160,11.863,1585,4.881,7.047,8.200,9.951,12.919,14.121,1.501,0.079,3.252,7.031
1404,6.952,13.519,1585,4.882,7.047,8.200,9.953,13.207,14.121,1.708,0.069,3.253,8.489
1405,6.916,13.211,1585,4.883,7.047,8.200,9.956,13.248,14.120,1.598,0.070,3.281,8.263
1406,4.314,12.567,1571,4.883,7.046,8.199,9.957,13.246,14.120,1.556,0.068,3.066,7.877
1407,6.856,12.611,1571,4.884,7.046,8.199,9.959,13.244,14.120,1.549,0.081,4.340,6.642
1408,5.320,10.218,1562,4.885,7.046,8.198,9.959,13.241,14.120,1.398,0.071,2.797,5.951
1409,5.685,11.491,1562,4.885,7.046,8.198,9.961,13.239,14.120,1.432,0.069,2.811,7.180
1410,5.431,11.308,1562,4.886,7.046,8.198,9.962,13.237,14.120,1.407,0.075,3.901,5.925
1411,6.380,10.171,1562,4.887,7.046,8.197,9.962,13.234,14.120,1.380,0.069,2.791,5.930
1412,4.853,11.394,1551,4.887,7.046,8.197,9.963,13.232,14.120,1.419,0.088,2.784,7.103
1413,5.356,11.297,1551,4.887,7.045,8.196,9.964,13.230,14.120,1.336,0.075,2.779,7.108
1414,5.933,10.030,1551,4.888,7.045,8.196,9.964,13.227,14.120,1.378,0.068,2.760,5.823
1415,5.077,11.370,1553,4.888,7.045,8.196,9.965,13.225,14.119,2.713,0.066,2.731,5.861
1416,5.469,11.290,1553,4.888,7.045,8.195,9.966,13.223,14.119,1.342,0.070,2.739,7.138
1417,4.834,12.037,1553,4.888,7.045,8.195,9.967,13.220,14.119,1.377,0.077,4.224,6.359
1418,5.228,10.869,1553,4.889,7.045,8.194,9.968,13.218,14.119,1.431,0.066,3.011,6.361
1419,6.815,12.261,1553,4.890,7.045,8.194,9.969,13.216,14.119,1.531,0.078,2.992,7.659
1420,5.473,12.260,1553,4.890,7.044,8.193,9.971,13.213,14.119,1.557,0.075,3.010,7.618
1421,5.346,12.145,1557,4.891,7.044,8.193,9.972,13.211,14.119,1.464,0.075,4.245,6.360
1422,7.577,10.789,1557,4.893,7.047,8.193,9.973,13.196,14.119,1.378,0.067,2.995,6.348
1423,6.564,12.013,1546,4.894,7.047,8.192,9.974,13.182,14.119,1.500,0.075,2.922,7.516
1424,4.287,12.168,1546,4.893,7.047,8.192,9.976,13.167,14.119,1.420,0.067,2.929,7.752
1425,4.080,11.907,1537,4.893,7.047,8.191,9.977,13.153,14.118,1.392,0.081,4.096,6.339
1426,5.742,10.705,1537,4.893,7.046,8.191,9.978,13.138,14.118,1.371,0.067,2.930,6.337
1427,6.364,11.821,1537,4.894,7.046,8.191,9.979,13.124,14.118,1.337,0.070,2.908,7.507
1428,5.556,11.973,1537,4.895,7.046,8.190,9.981,13.109,14.118,1.382,0.067,2.894,7.629
1429,5.824,11.832,1546,4.895,7.046,8.190,9.982,13.095,14.118,1.373,0.086,4.040,6.334
1430,5.998,10.692,1546,4.896,7.046,8.189,9.982,13.081,14.118,1.384,0.070,2.895,6.342
1431,6.322,10.556,1548,4.897,7.046,8.189,9.983,13.066,14.118,1.353,0.076,2.886,6.242
1432,6.106,11.797,1548,4.898,7.046,8.189,9.984,13.052,14.118,1.438,0.078,2.917,7.364
1433,4.172,10.664,1534,4.898,7.045,8.188,9.984,13.037,14.118,1.380,0.082,2.903,6.299
1434,5.903,11.989,1534,4.898,7.045,8.188,9.986,13.023,14.118,1.503,0.073,2.876,7.537
1435,5.208,13.996,1525,4.898,7.045,8.187,9.989,13.225,14.118,1.601,0.071,3.600,8.724
1436,5.854,12.902,1525,4.899,7.045,8.187,9.991,13.223,14.117,1.701,0.087,3.576,7.538
1437,5.644,13.029,1576,4.900,7.045,8.187,9.993,13.220,14.117,1.860,0.066,3.601,7.501
1438,6.967,14.146,1576,4.901,7.045,8.186,9.996,13.264,14.123,1.846,0.075,4.743,7.482
1439,7.130,14.229,1569,4.903,7.048,8.186,9.999,13.303,14.138,1.920,0.084,4.781,7.444
1440,4.177,12.985,1569,4.902,7.047,8.185,10.001,13.299,14.137,1.946,0.076,3.561,7.402
1441,5.216,14.276,1580,4.902,7.047,8.185,10.004,13.374,14.148,3.207,0.067,3.561,7.441
1442,6.341,14.278,1580,4.903,7.047,8.184,10.007,13.405,14.150,1.858,0.067,3.594,8.758
1443,6.862,14.036,1575,4.905,7.047,8.184,10.009,13.411,14.150,1.787,0.069,3.567,8.614
1444,7.353,14.156,1575,4.906,7.051,8.184,10.012,13.427,14.153,1.870,0.070,3.591,8.625
1445,7.812,14.020,1575,4.908,7.052,8.183,10.015,13.501,14.153,1.794,0.071,3.564,8.590
1446,7.920,14.022,1575,4.910,7.055,8.183,10.018,13.548,14.153,1.808,0.075,4.751,7.388
1447,8.428,12.159,1566,4.913,7.070,8.202,10.019,13.546,14.153,1.710,0.085,3.375,6.990
1448,7.226,13.534,1566,4.915,7.076,8.202,10.022,13.549,14.153,3.088,0.069,3.380,6.997
1449,7.198,13.552,1568,4.916,7.090,8.202,10.024,13.555,14.153,1.690,0.068,3.399,8.396
1450,7.529,13.727,1568,4.918,7.103,8.202,10.027,13.625,14.153,1.844,0.079,3.381,8.423
1451,6.047,13.748,1550,4.919,7.103,8.201,10.029,13.704,14.153,1.818,0.070,3.387,8.473
1452,7.210,13.336,1550,4.920,7.107,8.201,10.032,13.701,14.153,1.754,0.070,4.478,7.034
1453,10.120,13.242,1552,4.924,7.112,8.203,10.034,13.699,14.153,1.649,0.084,4.462,7.046
1454,8.209,12.134,1552,4.926,7.123,8.207,10.035,13.697,14.152,1.671,0.073,3.335,7.055
1455,4.647,13.398,1552,4.926,7.122,8.207,10.038,13.695,14.152,1.695,0.067,3.331,8.305
1456,5.564,13.283,1552,4.926,7.122,8.207,10.040,13.692,14.152,1.674,0.070,3.328,8.212
1457,6.432,13.648,1554,4.927,7.121,8.207,10.042,13.690,14.152,1.620,0.068,3.335,8.625
1458,7.042,13.237,1554,4.929,7.121,8.207,10.044,13.688,14.152,1.632,0.085,4.428,7.091
1459,7.714,11.465,1656,4.931,7.132,8.207,10.045,13.685,14.152,1.607,0.069,3.123,6.667
1460,8.185,11.442,1656,4.933,7.153,8.207,10.046,13.683,14.152,1.587,0.072,3.116,6.667
1461,6.477,12.524,1636,4.934,7.152,8.207,10.048,13.681,14.152,1.425,0.069,3.147,7.883
1462,7.788,12.616,1636,4.936,7.167,8.207,10.050,13.679,14.152,1.548,0.070,3.180,7.819
1463,6.040,12.404,1638,4.937,7.166,8.207,10.051,13.678,14.152,1.504,0.080,4.250,6.571
1464,7.764,11.356,1638,4.939,7.193,8.207,10.052,13.676,14.152,1.543,0.066,3.177,6.570
1465,9.500,11.766,1616,4.942,7.208,8.229,10.054,13.674,14.152,1.410,0.068,2.920,7.368
1466,5.309,11.819,1616,4.942,7.207,8.229,10.055,13.673,14.152,1.430,0.072,2.910,7.407
1467,5.771,11.730,1609,4.943,7.206,8.228,10.056,13.671,14.152,1.453,0.077,4.025,6.175
1468,6.738,10.537,1609,4.944,7.206,8.228,10.056,13.669,14.152,1.390,0.065,2.906,6.176
1469,8.577,11.677,1611,4.946,7.220,8.275,10.057,13.668,14.152,1.400,0.066,2.907,7.304
1470,6.832,11.664,1611,4.948,7.219,8.274,10.058,13.666,14.152,1.316,0.070,4.153,6.126
1471,4.287,10.440,1611,4.947,7.218,8.274,10.059,13.664,14.152,1.352,0.065,2.908,6.115
1472,4.888,11.836,1589,4.947,7.217,8.274,10.060,13.663,14.152,1.432,0.065,2.905,7.434
1473,4.939,11.704,1589,4.947,7.217,8.273,10.061,13.661,14.152,1.363,0.067,2.913,7.362
1474,5.718,11.800,1591,4.948,7.216,8.273,10.062,13.659,14.152,1.356,0.093,4.168,6.183
1475,6.135,10.592,1591,4.948,7.215,8.273,10.063,13.658,14.152,1.398,0.067,2.944,6.184
1476,7.228,10.529,1602,4.950,7.227,8.273,10.063,13.656,14.152,1.410,0.066,2.938,6.116
1477,6.176,12.674,1602,4.951,7.227,8.272,10.065,13.655,14.152,1.412,0.078,5.046,6.139
1478,5.751,10.300,1584,4.951,7.227,8.272,10.065,13.653,14.152,1.300,0.064,2.923,6.013
1479,6.436,11.726,1584,4.952,7.226,8.272,10.066,13.651,14.152,2.706,0.064,2.892,6.064
1480,5.565,11.456,1584,4.953,7.226,8.271,10.067,13.650,14.152,1.324,0.066,2.844,7.222
1481,5.996,11.502,1584,4.953,7.226,8.271,10.068,13.648,14.151,1.421,0.073,4.052,5.956
1482,5.961,10.141,1575,4.954,7.225,8.271,10.068,13.643,14.151,1.306,0.065,2.859,5.911
1483,6.470,11.384,1575,4.955,7.225,8.270,10.069,13.639,14.151,1.355,0.065,2.833,7.131
1484,5.644,12.234,1575,4.956,7.224,8.270,10.070,13.634,14.151,1.337,0.075,3.062,7.761
1485,5.236,12.040,1575,4.956,7.223,8.270,10.072,13.630,14.151,1.439,0.093,4.170,6.338
1486,5.746,10.790,1575,4.956,7.222,8.270,10.072,13.625,14.151,1.328,0.064,3.054,6.343
1487,8.136,11.995,1575,4.958,7.228,8.269,10.073,13.621,14.151,1.374,0.066,3.065,7.490
1488,5.966,12.022,1572,4.959,7.228,8.269,10.075,13.616,14.151,1.441,0.066,3.052,7.463
1489,4.176,10.838,1572,4.959,7.228,8.269,10.075,13.612,14.151,1.378,0.075,3.023,6.362
1490,4.703,13.267,1569,4.958,7.227,8.268,10.077,13.607,14.151,3.108,0.068,3.317,6.775
1491,5.037,13.222,1569,4.958,7.227,8.268,10.079,13.603,14.151,1.761,0.067,3.279,8.116
1492,5.656,12.951,1569,4.959,7.227,8.268,10.081,13.598,14.151,1.729,0.069,3.264,7.888
1493,5.775,13.085,1569,4.960,7.227,8.267,10.083,13.594,14.151,1.729,0.070,4.629,6.657
1494,7.381,13.232,1575,4.961,7.239,8.267,10.085,13.589,14.151,1.776,0.080,4.597,6.779
1495,7.732,11.870,1575,4.963,7.267,8.267,10.087,13.585,14.151,1.775,0.067,3.268,6.758
1496,6.532,12.706,1575,4.964,7.266,8.267,10.088,13.580,14.151,1.810,0.068,3.587,7.240
1497,5.928,14.219,1575,4.965,7.264,8.266,10.091,13.655,14.154,1.744,0.068,3.586,8.822
1498,6.522,13.945,1566,4.966,7.263,8.266,10.094,13.688,14.154,1.774,0.069,3.568,8.535
1499,6.893,13.968,1566,4.967,7.261,8.266,10.096,13.729,14.154,1.752,0.069,3.583,8.564
1500,8.264,13.297,1533,4.969,7.288,8.265,10.098,13.728,14.154,1.697,0.090,4.650,6.860
1501,8.032,13.313,1533,4.971,7.299,8.265,10.101,13.727,14.154,1.833,0.078,4.533,6.870
1502,8.568,11.936,1537,4.974,7.311,8.295,10.102,13.725,14.154,1.653,0.082,3.323,6.878
1503,6.723,13.274,1537,4.975,7.310,8.294,10.104,13.722,14.154,1.726,0.074,3.325,8.149
1504,6.548,13.133,1537,4.976,7.310,8.294,10.106,13.720,14.154,1.641,0.075,3.285,8.133
1505,4.120,13.287,1537,4.975,7.309,8.294,10.108,13.718,14.154,1.696,0.071,3.315,8.206
1506,5.308,13.087,1541,4.975,7.308,8.293,10.110,13.715,14.154,1.609,0.076,4.536,6.866
1507,6.429,11.864,1541,4.976,7.308,8.293,10.111,13.713,14.154,1.611,0.069,3.268,6.916
1508,6.045,13.237,1532,4.977,7.307,8.293,10.113,13.711,14.154,1.795,0.065,3.215,8.161
1509,5.971,12.237,1514,4.978,7.306,8.293,10.115,13.708,14.154,1.517,0.069,3.013,7.638
1510,6.757,12.319,1514,4.979,7.306,8.292,10.116,13.706,14.154,1.576,0.067,4.323,6.354
1511,6.594,10.988,1514,4.980,7.305,8.292,10.117,13.704,14.154,1.528,0.083,3.006,6.370
1512,7.506,12.482,1514,4.982,7.316,8.292,10.118,13.701,14.154,3.041,0.067,3.027,6.347
1513,6.382,13.073,1509,4.983,7.316,8.291,10.120,13.699,14.154,1.596,0.067,3.330,8.081
1514,5.961,13.101,1509,4.983,7.315,8.291,10.122,13.697,14.154,1.631,0.079,3.318,8.073
1515,6.245,13.259,1616,4.984,7.315,8.291,10.124,13.695,14.154,1.634,0.071,4.569,6.985
1516,6.832,11.972,1616,4.985,7.314,8.290,10.125,13.692,14.154,1.565,0.094,3.341,6.972
1517,7.280,13.525,1616,4.987,7.314,8.290,10.128,13.690,14.154,1.633,0.091,4.777,7.024
1518,6.223,13.461,1620,4.988,7.313,8.290,10.130,13.688,14.154,1.645,0.064,3.344,8.408
1519,6.885,13.409,1620,4.989,7.313,8.290,10.132,13.685,14.154,1.651,0.067,3.314,8.377
1520,8.616,13.223,1620,4.991,7.323,8.369,10.134,13.683,14.154,1.583,0.066,3.304,8.269
1521,4.481,12.099,1598,4.991,7.322,8.368,10.135,13.681,14.154,1.453,0.079,4.214,6.352
1522,5.738,10.944,1598,4.991,7.322,8.367,10.136,13.679,14.154,1.470,0.064,3.054,6.357
1523,5.355,12.244,1600,4.992,7.321,8.366,10.137,13.678,14.154,1.503,0.074,3.056,7.611
1524,6.159,12.157,1600,4.992,7.321,8.365,10.139,13.676,14.154,1.445,0.067,3.041,7.603
1525,5.860,12.247,1595,4.993,7.320,8.364,10.140,13.674,14.154,1.477,0.075,4.283,6.411
1526,5.873,10.956,1595,4.994,7.320,8.363,10.141,13.673,14.153,1.428,0.067,3.051,6.410
1527,6.661,11.099,1599,4.995,7.319,8.362,10.141,13.671,14.153,1.506,0.063,3.078,6.451
1528,5.764,12.125,1599,4.995,7.319,8.361,10.142,13.669,14.153,1.269,0.065,3.056,7.734
1529,6.904,12.282,1599,4.996,7.318,8.360,10.144,13.668,14.153,1.413,0.068,4.324,6.477
1530,5.245,11.031,1599,4.997,7.317,8.360,10.144,13.666,14.153,1.476,0.065,3.045,6.445
1531,6.792,12.279,1588,4.998,7.317,8.359,10.146,13.664,14.153,2.900,0.065,3.007,6.308
1532,6.197,12.042,1588,4.999,7.316,8.358,10.147,13.663,14.153,1.432,0.065,3.027,7.518
1533,6.159,11.667,1570,4.999,7.316,8.357,10.148,13.661,14.153,1.335,0.097,4.489,5.746
1534,6.351,10.082,1570,5.000,7.315,8.356,10.148,13.659,14.153,1.482,0.084,2.777,5.740
1535,7.093,11.215,1570,5.002,7.315,8.355,10.149,13.658,14.153,1.420,0.062,2.737,6.996
1536,6.506,11.463,1570,5.003,7.314,8.354,10.150,13.656,14.153,1.397,0.066,2.758,7.242
1537,5.886,9.572,1559,5.003,7.314,8.353,10.149,13.655,14.153,1.287,0.074,2.672,5.540
1538,4.495,10.938,1559,5.003,7.313,8.352,10.150,13.653,14.153,2.617,0.081,2.689,5.552
1539,5.685,10.688,1565,5.003,7.313,8.351,10.150,13.651,14.153,1.328,0.067,2.618,6.676
1540,4.492,9.519,1565,5.003,7.312,8.350,10.150,13.650,14.153,1.318,0.074,2.630,5.498
1541,4.988,11.020,1565,5.003,7.311,8.350,10.150,13.648,14.153,2.818,0.065,2.619,5.519
1542,5.922,10.771,1567,5.004,7.311,8.349,10.151,13.643,14.153,1.321,0.064,2.590,6.796
1543,5.399,9.457,1567,5.004,7.310,8.348,10.150,13.639,14.153,1.304,0.074,2.596,5.483
1544,5.654,9.312,1567,5.004,7.310,8.347,10.150,13.634,14.153,1.158,0.064,2.572,5.518
1545,5.682,11.999,1549,5.005,7.309,8.346,10.151,13.630,14.153,1.696,0.066,2.918,7.319
1546,4.856,11.849,1549,5.005,7.308,8.345,10.152,13.625,14.153,1.699,0.071,4.054,6.024
1547,5.376,11.482,1553,5.005,7.308,8.344,10.153,13.621,14.153,1.780,0.065,3.168,6.470
1548,5.955,12.745,1553,5.005,7.307,8.343,10.154,13.616,14.153,3.064,0.063,3.154,6.464
1549,6.366,12.630,1553,5.006,7.306,8.342,10.156,13.612,14.153,1.730,0.065,3.192,7.643
1550,6.231,12.914,1555,5.007,7.306,8.341,10.158,13.607,14.153,1.737,0.065,3.181,7.930
1551,6.917,13.082,1555,5.008,7.305,8.340,10.160,13.603,14.153,1.791,0.094,4.559,6.638
1552,7.183,11.941,1546,5.010,7.305,8.340,10.161,13.598,14.153,1.841,0.075,3.306,6.718
1553,6.739,13.478,1546,5.011,7.304,8.339,10.163,13.594,14.153,3.364,0.064,3.320,6.731
1554,6.285,13.157,1546,5.012,7.303,8.338,10.165,13.589,14.152,1.786,0.065,3.327,7.979
1555,8.405,13.477,1546,5.014,7.315,8.395,10.167,13.585,14.152,1.774,0.072,3.335,8.297
1556,6.324,13.039,1546,5.015,7.314,8.395,10.169,13.580,14.152,1.784,0.075,4.416,6.763
1557,4.781,12.983,1537,5.014,7.314,8.394,10.171,13.576,14.152,1.751,0.079,4.429,6.725
1558,6.952,11.777,1537,5.016,7.313,8.394,10.172,13.571,14.152,1.728,0.066,3.268,6.716
1559,6.130,11.738,1528,5.016,7.313,8.394,10.173,13.566,14.152,1.747,0.064,3.261,6.666
1560,6.890,12.902,1528,5.018,7.312,8.394,10.174,13.562,14.152,1.613,0.066,3.254,7.970
1561,6.724,12.714,1530,5.019,7.311,8.394,10.176,13.557,14.152,1.683,0.067,4.347,6.617
1562,6.420,11.694,1530,5.020,7.311,8.393,10.177,13.557,14.152,1.755,0.083,3.226,6.631
1563,7.280,11.753,1534,5.021,7.310,8.393,10.178,13.557,14.152,1.857,0.068,3.207,6.621
1564,5.678,13.097,1534,5.022,7.310,8.393,10.180,13.557,14.152,1.868,0.065,3.218,7.947
1565,6.722,13.007,1534,5.023,7.309,8.393,10.182,13.556,14.152,1.845,0.067,3.232,7.864
1566,7.185,12.815,1527,5.024,7.308,8.393,10.183,13.556,14.152,1.758,0.065,4.385,6.606
1567,8.234,11.657,1527,5.026,7.319,8.392,10.184,13.556,14.152,1.766,0.116,3.189,6.587
1568,7.562,11.921,1509,5.028,7.332,8.392,10.185,13.556,14.152,1.668,0.074,3.285,6.895
1569,6.280,13.322,1509,5.028,7.331,8.392,10.187,13.555,14.152,1.748,0.067,3.299,8.208
1570,6.658,13.232,1511,5.029,7.330,8.392,10.189,13.555,14.152,1.742,0.066,3.290,8.134
1571,8.055,13.215,1511,5.031,7.339,8.392,10.191,13.555,14.152,1.723,0.076,3.273,8.143
1572,4.936,12.995,1618,5.031,7.338,8.391,10.193,13.555,14.152,1.654,0.076,4.407,6.858
1573,6.406,11.835,1618,5.032,7.338,8.391,10.194,13.554,14.152,1.619,0.068,3.263,6.886
1574,7.308,13.059,1618,5.034,7.338,8.391,10.196,13.554,14.152,2.871,0.063,3.241,6.883
1575,6.570,13.023,1618,5.035,7.338,8.391,10.198,13.554,14.152,1.580,0.066,3.233,8.145
1576,6.653,12.974,1618,5.036,7.338,8.391,10.200,13.554,14.152,1.576,0.073,3.250,8.075
1577,7.288,10.859,1609,5.037,7.337,8.391,10.200,13.553,14.152,1.529,0.067,3.014,6.249
1578,8.179,10.786,1609,5.039,7.343,8.390,10.200,13.553,14.152,1.462,0.067,3.011,6.246
1579,7.772,12.064,1589,5.041,7.353,8.390,10.202,13.553,14.152,1.472,0.064,3.027,7.501
1580,5.413,12.003,1589,5.041,7.353,8.390,10.203,13.553,14.152,1.460,0.064,3.022,7.457
1581,5.686,12.153,1593,5.041,7.353,8.390,10.204,13.552,14.151,1.450,0.073,4.212,6.418
1582,6.679,10.980,1593,5.042,7.352,8.390,10.204,13.551,14.151,1.454,0.066,3.037,6.423
1583,6.723,12.332,1593,5.044,7.352,8.389,10.206,13.551,14.151,1.511,0.069,3.046,7.706
1584,5.089,12.314,1595,5.044,7.351,8.389,10.207,13.550,14.151,1.430,0.096,3.022,7.767
1585,6.729,12.438,1595,5.045,7.350,8.389,10.208,13.549,14.151,1.483,0.078,4.464,6.413
1586,6.129,10.867,1590,5.045,7.350,8.389,10.209,13.548,14.151,1.432,0.067,3.049,6.319
1587,8.775,12.319,1590,5.048,7.353,8.406,10.210,13.547,14.151,1.560,0.063,3.043,7.653
1588,6.455,12.101,1590,5.049,7.353,8.405,10.211,13.546,14.151,1.487,0.066,3.029,7.519
1589,4.194,11.930,1590,5.048,7.353,8.405,10.212,13.545,14.151,1.433,0.072,4.154,6.272
1590,4.785,10.778,1590,5.048,7.353,8.405,10.213,13.544,14.151,1.401,0.067,3.033,6.278
1591,6.114,11.364,1570,5.049,7.353,8.405,10.214,13.543,14.151,1.432,0.066,2.776,7.090
1592,5.935,11.284,1570,5.049,7.353,8.405,10.214,13.542,14.151,1.380,0.066,2.791,7.048
1593,5.694,9.916,1559,5.049,7.353,8.405,10.214,13.541,14.151,1.388,0.079,2.720,5.729
1594,6.484,11.124,1559,5.050,7.353,8.405,10.215,13.540,14.151,2.572,0.104,2.727,5.721
1595,7.153,11.068,1559,5.052,7.353,8.405,10.215,13.539,14.151,1.380,0.067,2.732,6.890
1596,5.191,10.914,1561,5.052,7.353,8.405,10.216,13.539,14.151,1.318,0.081,3.824,5.692
1597,5.847,9.814,1561,5.052,7.353,8.405,10.215,13.538,14.151,1.371,0.067,2.691,5.684
1598,6.584,10.923,1565,5.053,7.353,8.405,10.216,13.537,14.151,1.326,0.067,2.684,6.846
1599,4.615,10.883,1565,5.053,7.353,8.405,10.216,13.536,14.151,1.316,0.074,3.810,5.682
1600,5.557,9.791,1558,5.053,7.353,8.405,10.216,13.535,14.151,1.351,0.072,2.684,5.683
1601,6.581,11.010,1558,5.054,7.353,8.405,10.216,13.534,14.151,1.357,0.068,2.680,6.905
1602,5.333,11.097,1569,5.054,7.352,8.405,10.217,13.533,14.151,1.442,0.070,3.107,6.479
1603,5.673,11.047,1569,5.055,7.352,8.405,10.218,13.533,14.151,1.450,0.080,3.077,6.441
1604,5.595,13.633,1555,5.055,7.351,8.404,10.220,13.550,14.151,3.359,0.085,3.340,6.850
1605,4.822,13.248,1555,5.055,7.350,8.404,10.222,13.549,14.151,1.765,0.078,3.327,8.078
1606,6.083,12.443,1546,5.056,7.350,8.404,10.223,13.548,14.151,1.668,0.072,3.104,7.599
1607,6.842,12.378,1546,5.057,7.349,8.404,10.224,13.547,14.151,1.647,0.075,4.259,6.396
1608,5.490,11.300,1541,5.057,7.349,8.404,10.225,13.546,14.151,1.617,0.070,3.101,6.512
1609,5.120,12.719,1541,5.057,7.348,8.403,10.226,13.545,14.151,1.667,0.071,3.132,7.848
1610,5.843,12.562,1541,5.058,7.347,8.403,10.228,13.544,14.151,1.631,0.069,3.122,7.740
1611,6.293,12.490,1541,5.058,7.347,8.403,10.229,13.543,14.151,1.610,0.071,4.305,6.505
1612,7.221,13.588,1541,5.060,7.346,8.403,10.231,13.555,14.151,1.732,0.081,4.773,7.002
1613,6.829,12.359,1543,5.061,7.346,8.403,10.233,13.554,14.151,1.704,0.070,3.465,7.121
1614,6.320,14.388,1543,5.062,7.345,8.402,10.235,13.568,14.154,1.794,0.080,5.376,7.138
1615,6.125,13.481,1534,5.062,7.344,8.402,10.237,13.567,14.154,1.655,0.069,3.436,8.321
1616,4.834,13.321,1534,5.062,7.344,8.402,10.239,13.565,14.154,1.636,0.067,3.451,8.167
1617,5.823,13.686,1534,5.063,7.343,8.402,10.241,13.597,14.154,1.788,0.069,3.448,8.382
1618,7.538,13.686,1534,5.064,7.353,8.402,10.243,13.636,14.154,1.734,0.092,4.869,6.991
1619,7.973,12.295,1534,5.066,7.356,8.401,10.245,13.635,14.154,1.814,0.082,3.441,6.958
1620,8.633,12.096,1531,5.068,7.377,8.409,10.246,13.634,14.154,1.613,0.080,3.426,6.976
1621,9.556,13.645,1531,5.071,7.381,8.424,10.248,13.645,14.154,1.815,0.072,3.430,8.329
1622,6.283,13.270,1509,5.072,7.381,8.424,10.250,13.644,14.154,1.718,0.069,3.362,8.121
1623,4.214,13.611,1509,5.071,7.381,8.424,10.252,13.644,14.154,1.687,0.068,3.365,8.492
1624,5.950,13.235,1500,5.072,7.380,8.424,10.254,13.643,14.154,1.601,0.074,4.619,6.941
1625,7.354,11.952,1500,5.073,7.380,8.423,10.255,13.643,14.154,1.619,0.079,3.343,6.911
1626,7.870,13.377,1491,5.075,7.396,8.423,10.257,13.642,14.153,2.885,0.070,3.419,7.003
1627,5.829,13.470,1491,5.075,7.395,8.423,10.259,13.642,14.153,1.698,0.069,3.408,8.295
1628,6.179,13.396,1600,5.076,7.394,8.423,10.261,13.641,14.153,1.585,0.068,3.448,8.296
1629,7.197,13.528,1600,5.077,7.393,8.423,10.263,13.640,14.153,1.604,0.068,3.426,8.429
1630,7.773,13.324,1602,5.079,7.430,8.422,10.265,13.640,14.153,1.521,0.073,4.697,7.032
1631,7.309,12.132,1602,5.080,7.428,8.422,10.266,13.639,14.153,1.557,0.075,3.428,7.072
1632,7.908,13.535,1602,5.082,7.455,8.422,10.268,13.639,14.153,2.863,0.067,3.444,7.161
1633,6.441,13.660,1602,5.083,7.455,8.422,10.270,13.646,14.153,1.584,0.079,3.428,8.569
1634,7.077,13.745,1602,5.084,7.455,8.422,10.272,13.652,14.153,1.644,0.092,3.454,8.555
1635,5.949,12.635,1582,5.084,7.455,8.422,10.273,13.651,14.153,1.527,0.068,3.201,7.839
1636,8.319,12.553,1582,5.086,7.461,8.421,10.275,13.651,14.153,1.435,0.075,4.379,6.665
1637,9.531,11.217,1586,5.089,7.475,8.433,10.275,13.650,14.153,1.375,0.070,3.161,6.611
1638,4.248,12.800,1586,5.089,7.474,8.433,10.277,13.650,14.153,1.499,0.068,3.154,8.079
1639,4.223,12.584,1588,5.088,7.473,8.433,10.278,13.649,14.153,1.431,0.069,3.187,7.897
1640,5.499,12.726,1588,5.088,7.473,8.433,10.280,13.649,14.153,1.468,0.070,3.211,7.977
1641,6.118,11.151,1588,5.089,7.472,8.433,10.280,13.648,14.153,1.422,0.079,3.148,6.502
1642,7.418,11.100,1588,5.090,7.471,8.433,10.281,13.648,14.153,1.421,0.069,3.122,6.487
1643,8.589,12.383,1583,5.093,7.485,8.460,10.282,13.648,14.153,1.421,0.070,3.146,7.746
1644,6.400,12.727,1583,5.093,7.485,8.460,10.284,13.648,14.153,1.374,0.069,3.135,8.149
1645,6.106,12.285,1583,5.094,7.484,8.459,10.285,13.647,14.153,1.416,0.076,4.364,6.428
1646,6.751,10.891,1583,5.095,7.483,8.459,10.285,13.647,14.153,1.369,0.070,3.096,6.356
1647,6.825,12.153,1583,5.096,7.482,8.458,10.286,13.647,14.153,1.405,0.069,3.104,7.575
1648,5.587,12.216,1574,5.096,7.482,8.458,10.287,13.647,14.153,1.460,0.073,3.073,7.609
1649,5.468,12.084,1574,5.097,7.481,8.458,10.288,13.647,14.153,1.386,0.078,4.299,6.321
1650,6.561,10.888,1574,5.097,7.480,8.457,10.289,13.647,14.153,1.376,0.086,3.083,6.344
1651,6.733,12.141,1554,5.098,7.479,8.457,10.290,13.646,14.153,1.455,0.077,2.969,7.640
1652,6.561,11.941,1554,5.099,7.479,8.456,10.291,13.646,14.153,1.357,0.077,2.981,7.526
1653,6.790,11.825,1543,5.100,7.478,8.456,10.292,13.646,14.153,1.370,0.078,4.155,6.222
1654,6.652,10.558,1543,5.101,7.477,8.456,10.292,13.646,14.152,1.334,0.076,2.948,6.200
1655,4.306,11.944,1549,5.101,7.476,8.455,10.293,13.646,14.152,1.346,0.069,2.916,7.613
1656,4.244,11.935,1549,5.100,7.476,8.455,10.294,13.646,14.152,1.320,0.069,2.934,7.612
1657,4.671,10.646,1549,5.100,7.475,8.454,10.294,13.646,14.152,1.359,0.077,2.917,6.293
1658,5.522,11.497,1540,5.100,7.474,8.454,10.295,13.645,14.152,1.551,0.069,3.186,6.691
1659,5.623,12.856,1540,5.101,7.473,8.454,10.297,13.645,14.152,1.632,0.070,3.188,7.967
1660,5.130,13.102,1535,5.101,7.473,8.453,10.298,13.645,14.152,1.656,0.070,3.278,8.098
1661,5.595,11.810,1535,5.101,7.472,8.453,10.299,13.645,14.152,1.672,0.070,3.249,6.818
1662,7.066,14.896,1535,5.102,7.471,8.452,10.302,13.648,14.155,1.668,0.087,6.340,6.801
1663,8.438,12.673,1535,5.104,7.485,8.453,10.303,13.648,14.155,1.761,0.069,3.563,7.280
1664,5.039,14.145,1535,5.104,7.485,8.452,10.306,13.658,14.155,3.191,0.068,3.560,7.326
1665,5.053,13.993,1539,5.104,7.484,8.452,10.308,13.677,14.155,1.731,0.070,3.557,8.635
1666,5.766,13.964,1539,5.104,7.483,8.451,10.310,13.685,14.155,1.764,0.071,3.558,8.572
1667,6.084,14.181,1530,5.105,7.482,8.451,10.312,13.686,14.164,1.826,0.069,3.558,8.728
1668,8.150,14.105,1530,5.107,7.499,8.451,10.315,13.713,14.164,1.700,0.076,3.559,8.770
1669,8.094,14.123,1532,5.109,7.506,8.450,10.317,13.738,14.164,1.793,0.085,4.895,7.350
1670,9.772,13.998,1532,5.111,7.511,8.502,10.319,13.747,14.164,1.642,0.077,4.887,7.392
1671,7.056,12.952,1538,5.113,7.511,8.502,10.321,13.747,14.163,1.821,0.068,3.637,7.426
1672,5.238,14.343,1538,5.113,7.510,8.501,10.323,13.756,14.182,3.269,0.067,3.615,7.393
1673,4.726,14.079,1527,5.112,7.510,8.500,10.325,13.766,14.182,1.798,0.069,3.576,8.637
1674,6.350,14.096,1527,5.113,7.509,8.499,10.328,13.774,14.182,1.766,0.068,3.570,8.692
1675,7.148,14.063,1529,5.114,7.509,8.498,10.330,13.791,14.182,1.710,0.069,3.618,8.666
1676,8.160,14.135,1529,5.116,7.519,8.498,10.332,13.809,14.182,1.710,0.072,3.618,8.734
1677,7.990,13.873,1520,5.118,7.529,8.497,10.334,13.824,14.182,1.675,0.075,4.795,7.328
1678,7.673,13.808,1520,5.119,7.533,8.496,10.336,13.824,14.182,1.664,0.077,4.781,7.286
1679,6.965,12.776,1511,5.121,7.533,8.495,10.338,13.823,14.182,1.623,0.068,3.586,7.499
1680,5.494,14.374,1511,5.121,7.532,8.494,10.340,13.836,14.184,1.802,0.067,3.565,8.940
1681,6.813,12.097,1600,5.122,7.532,8.493,10.341,13.835,14.184,1.586,0.069,3.350,7.092
1682,6.400,14.846,1600,5.123,7.532,8.493,10.344,13.854,14.192,1.501,0.076,3.366,9.903
1683,6.964,14.530,1602,5.124,7.532,8.492,10.346,13.871,14.204,1.673,0.069,3.717,9.072
1684,8.067,14.198,1602,5.125,7.537,8.491,10.349,13.886,14.203,1.600,0.066,3.669,8.863
1685,10.569,14.251,1602,5.129,7.554,8.560,10.351,13.905,14.221,1.588,0.077,4.893,7.694
1686,6.250,14.222,1606,5.129,7.553,8.560,10.353,13.910,14.223,1.540,0.075,4.938,7.669
1687,4.690,12.987,1606,5.129,7.552,8.560,10.355,13.910,14.223,1.562,0.067,3.682,7.675
1688,5.781,13.476,1586,5.129,7.551,8.560,10.357,13.910,14.223,2.827,0.067,3.379,7.203
1689,6.874,13.358,1586,5.130,7.550,8.560,10.358,13.910,14.223,1.434,0.068,3.361,8.495
1690,7.365,13.160,1586,5.132,7.549,8.560,10.360,13.910,14.223,1.433,0.082,3.339,8.306
1691,7.509,11.899,1586,5.133,7.548,8.560,10.361,13.910,14.223,1.441,0.076,3.344,7.038
1692,8.098,11.793,1586,5.135,7.560,8.560,10.362,13.910,14.222,1.434,0.075,3.320,6.965
1693,7.794,11.885,1586,5.136,7.565,8.560,10.363,13.909,14.222,1.526,0.068,3.299,6.992
1694,4.798,13.094,1581,5.136,7.565,8.560,10.364,13.909,14.222,1.451,0.072,3.315,8.255
1695,5.715,13.004,1581,5.137,7.564,8.560,10.366,13.909,14.222,1.415,0.069,3.307,8.214
1696,5.625,13.000,1581,5.137,7.564,8.559,10.367,13.909,14.222,1.401,0.071,3.273,8.255
1697,6.671,13.126,1581,5.138,7.563,8.559,10.369,13.909,14.222,1.399,0.096,4.706,6.925
1698,7.792,11.612,1581,5.139,7.571,8.559,10.370,13.909,14.222,1.408,0.070,3.259,6.875
1699,8.123,13.002,1581,5.141,7.576,8.559,10.371,13.909,14.222,1.464,0.082,3.301,8.154
1700,5.703,13.859,1572,5.141,7.576,8.559,10.373,13.909,14.222,1.446,0.068,3.562,8.782
1701,6.335,13.862,1572,5.142,7.576,8.559,10.375,13.909,14.222,1.458,0.067,3.575,8.763
1702,4.508,13.873,1572,5.142,7.576,8.558,10.378,13.908,14.222,1.448,0.067,3.583,8.776
1703,5.359,13.820,1574,5.142,7.575,8.557,10.380,13.907,14.222,1.411,0.072,4.833,7.504
1704,6.745,12.454,1574,5.143,7.575,8.557,10.381,13.906,14.222,1.395,0.074,3.493,7.492
1705,6.474,12.230,1565,5.144,7.575,8.556,10.382,13.905,14.222,1.363,0.068,3.454,7.346
1706,7.058,13.572,1565,5.145,7.574,8.555,10.384,13.904,14.222,1.415,0.076,3.466,8.614
1707,6.908,12.608,1543,5.146,7.574,8.554,10.385,13.903,14.222,1.299,0.067,3.235,8.007
1708,6.905,12.637,1543,5.147,7.574,8.553,10.386,13.902,14.222,1.301,0.066,3.216,8.054
1709,6.901,13.611,1531,5.148,7.574,8.552,10.388,13.901,14.222,1.372,0.076,4.729,7.433
1710,7.330,12.344,1531,5.149,7.573,8.552,10.389,13.900,14.222,1.401,0.066,3.471,7.407
1711,6.312,13.874,1533,5.150,7.573,8.551,10.391,13.898,14.222,2.912,0.067,3.452,7.443
1712,5.902,13.783,1533,5.150,7.573,8.550,10.393,13.897,14.222,1.630,0.070,3.457,8.626
1713,6.488,14.829,1533,5.151,7.572,8.549,10.396,13.909,14.228,1.695,0.073,3.801,9.260
1714,7.626,14.805,1533,5.152,7.576,8.548,10.399,13.913,14.229,1.755,0.069,3.829,9.151
1715,9.053,14.784,1533,5.155,7.578,8.567,10.401,13.918,14.243,1.718,0.068,3.842,9.156
1716,8.376,14.761,1524,5.157,7.582,8.567,10.404,13.927,14.250,1.726,0.067,3.761,9.207
1717,6.913,14.676,1524,5.158,7.581,8.566,10.406,13.947,14.272,1.676,0.067,3.754,9.179
1718,4.722,14.614,1530,5.157,7.581,8.566,10.409,13.956,14.277,1.628,0.072,4.986,7.928
1719,6.851,13.694,1534,5.158,7.581,8.566,10.411,13.956,14.277,1.886,0.075,3.775,7.958
1720,8.113,16.481,1534,5.160,7.587,8.566,10.414,13.957,14.282,1.853,0.075,5.000,9.554
1721,7.915,13.501,1525,5.162,7.589,8.566,10.416,13.957,14.282,1.757,0.073,3.775,7.896
1722,7.955,13.364,1525,5.163,7.601,8.566,10.418,13.957,14.282,1.606,0.066,3.785,7.907
1723,7.294,14.799,1520,5.165,7.600,8.566,10.420,13.958,14.330,3.052,0.066,3.764,7.917
1724,7.512,14.842,1520,5.166,7.600,8.566,10.423,13.962,14.367,1.757,0.066,3.780,9.239
1725,6.954,14.705,1513,5.167,7.599,8.566,10.425,13.964,14.385,1.663,0.067,3.763,9.212
1726,8.008,14.717,1513,5.169,7.604,8.566,10.428,13.964,14.389,1.663,0.078,3.778,9.199
1727,8.143,14.827,1502,5.170,7.620,8.566,10.430,13.967,14.494,1.755,0.067,3.728,9.278
1728,8.463,14.982,1502,5.172,7.633,8.565,10.433,13.970,14.591,1.639,0.067,3.732,9.545
1729,8.523,14.675,1502,5.174,7.649,8.565,10.435,13.972,14.658,1.614,0.066,3.708,9.286
1730,8.028,14.673,1502,5.176,7.666,8.565,10.438,13.974,14.674,1.630,0.065,3.719,9.259
1731,5.872,14.487,1506,5.176,7.665,8.565,10.440,13.978,14.674,1.595,0.081,4.895,7.916
1732,4.885,14.479,1506,5.176,7.665,8.565,10.442,13.983,14.674,1.623,0.074,4.885,7.897
1733,7.136,14.599,1623,5.177,7.664,8.565,10.445,13.987,14.674,1.628,0.077,4.878,8.017
1734,7.264,13.401,1623,5.178,7.663,8.565,10.446,13.987,14.674,1.639,0.065,3.671,8.025
1735,6.868,13.934,1612,5.179,7.662,8.565,10.448,13.987,14.674,2.833,0.064,3.419,7.617
1736,7.124,13.804,1612,5.180,7.661,8.565,10.450,13.987,14.674,1.515,0.066,3.426,8.797
1737,6.080,13.653,1592,5.181,7.661,8.565,10.452,13.986,14.674,1.449,0.068,3.437,8.699
1738,7.169,13.660,1592,5.182,7.660,8.565,10.454,13.986,14.674,1.463,0.068,3.424,8.705
1739,7.860,13.287,1581,5.184,7.677,8.565,10.456,13.986,14.674,1.456,0.069,4.540,7.222
1740,7.650,13.252,1581,5.185,7.675,8.564,10.457,13.986,14.674,1.396,0.077,4.573,7.206
1741,7.904,11.980,1581,5.187,7.714,8.564,10.458,13.986,14.674,1.403,0.076,3.349,7.151
1742,7.259,13.431,1581,5.188,7.712,8.564,10.460,13.986,14.674,1.515,0.074,3.323,8.519
1743,6.789,13.287,1572,5.189,7.710,8.564,10.462,13.985,14.674,1.506,0.070,3.321,8.390
1744,8.676,13.085,1572,5.191,7.729,8.573,10.463,13.985,14.674,1.415,0.067,3.336,8.267
1745,4.994,14.002,1574,5.191,7.729,8.573,10.465,13.988,14.674,1.478,0.068,4.864,7.591
1746,7.246,13.978,1574,5.192,7.728,8.573,10.467,13.988,14.674,1.452,0.075,4.874,7.577
1747,4.382,12.752,1574,5.191,7.727,8.573,10.468,13.988,14.674,1.473,0.065,3.608,7.606
1748,5.102,13.914,1565,5.191,7.726,8.573,10.470,13.987,14.674,2.778,0.069,3.546,7.521
1749,6.307,13.985,1565,5.192,7.725,8.573,10.472,13.987,14.674,1.440,0.068,3.547,8.930
1750,6.471,13.102,1547,5.193,7.724,8.573,10.474,13.987,14.674,1.357,0.066,3.309,8.371
1751,7.265,12.988,1547,5.194,7.723,8.573,10.475,13.987,14.674,1.389,0.067,3.301,8.231
1752,8.148,11.668,1538,5.196,7.734,8.573,10.476,13.987,14.674,1.357,0.067,3.274,6.970
1753,8.287,11.663,1538,5.197,7.740,8.572,10.477,13.987,14.674,1.390,0.066,3.254,6.954
1754,8.253,13.304,1538,5.199,7.745,8.572,10.478,13.987,14.674,2.942,0.066,3.246,7.051
1755,5.943,12.934,1538,5.199,7.745,8.572,10.480,13.987,14.674,1.355,0.067,3.244,8.268
1756,6.209,11.615,1538,5.200,7.745,8.572,10.480,13.987,14.674,1.361,0.109,3.185,6.960
1757,6.140,11.785,1538,5.201,7.745,8.572,10.481,13.986,14.674,1.536,0.085,3.177,6.987
1758,7.286,11.677,1533,5.202,7.745,8.572,10.482,13.986,14.674,1.451,0.076,3.154,6.996
1759,6.688,12.871,1533,5.203,7.744,8.572,10.483,13.986,14.674,2.683,0.065,3.142,6.981
1760,6.756,12.824,1533,5.203,7.744,8.572,10.484,13.986,14.674,1.322,0.067,3.158,8.277
1761,4.256,14.242,1526,5.203,7.744,8.572,10.487,13.988,14.674,1.462,0.069,3.555,9.157
1762,4.499,14.228,1526,5.203,7.744,8.572,10.489,13.993,14.674,1.492,0.067,3.566,9.103
1763,5.523,14.973,1528,5.203,7.743,8.572,10.491,13.996,14.675,1.562,0.067,3.911,9.434
1764,8.518,14.936,1528,5.205,7.747,8.571,10.494,13.998,14.687,1.552,0.072,5.145,8.167
1765,6.662,14.461,1519,5.205,7.747,8.571,10.496,13.999,14.687,1.697,0.075,4.898,7.790
1766,6.983,13.234,1519,5.206,7.746,8.571,10.498,13.999,14.686,1.675,0.076,3.675,7.808
1767,7.135,13.343,1523,5.208,7.746,8.571,10.499,13.999,14.686,1.834,0.065,3.646,7.799
1768,6.865,14.739,1523,5.208,7.746,8.571,10.502,14.000,14.709,3.221,0.064,3.656,7.797
1769,6.302,14.808,1513,5.209,7.746,8.571,10.504,14.001,14.724,1.900,0.067,3.624,9.217
1770,6.236,14.765,1513,5.210,7.746,8.571,10.506,14.002,14.746,1.873,0.068,3.628,9.196
1771,7.442,14.528,1502,5.211,7.746,8.571,10.509,14.003,14.746,1.815,0.075,3.581,9.058
1772,7.993,14.638,1502,5.213,7.750,8.571,10.511,14.005,14.745,1.899,0.067,3.587,9.084
1773,8.225,14.635,1502,5.214,7.758,8.571,10.513,14.006,14.745,1.797,0.069,3.647,9.122
1774,8.734,14.507,1502,5.216,7.765,8.581,10.516,14.011,14.745,1.804,0.066,3.667,8.970
1775,8.620,14.585,1536,5.218,7.768,8.596,10.518,14.020,14.745,1.784,0.070,4.899,7.832
1776,5.831,14.553,1536,5.218,7.767,8.596,10.520,14.024,14.745,1.794,0.075,4.858,7.828
1777,4.071,14.535,1518,5.218,7.767,8.596,10.522,14.028,14.744,1.740,0.078,4.889,7.828
1778,6.458,13.256,1518,5.219,7.767,8.596,10.524,14.028,14.744,1.728,0.066,3.600,7.861
1779,6.997,14.528,1522,5.220,7.766,8.595,10.526,14.029,14.744,3.082,0.065,3.571,7.810
1780,6.856,14.487,1522,5.220,7.766,8.595,10.528,14.033,14.744,1.783,0.065,3.570,9.068
1781,6.501,14.505,1522,5.221,7.766,8.595,10.531,14.036,14.743,1.714,0.067,3.544,9.180
1782,8.008,14.309,1522,5.223,7.772,8.594,10.533,14.044,14.743,1.714,0.069,3.545,8.980
1783,8.391,14.328,1633,5.224,7.773,8.594,10.535,14.056,14.743,1.701,0.067,3.539,9.021
1784,7.455,14.437,1633,5.226,7.773,8.594,10.537,14.060,14.743,1.709,0.066,3.531,9.131
1785,7.711,14.414,1637,5.227,7.773,8.594,10.539,14.062,14.743,1.648,0.066,3.555,9.145
1786,8.121,14.809,1637,5.229,7.784,8.593,10.542,14.063,14.762,1.805,0.095,4.916,7.992
1787,7.123,12.127,1619,5.230,7.784,8.593,10.543,14.063,14.762,1.547,0.081,3.283,7.216
1788,6.689,12.062,1619,5.231,7.783,8.593,10.543,14.063,14.762,1.544,0.065,3.274,7.179
1789,9.080,12.373,1608,5.233,7.791,8.616,10.544,14.063,14.762,1.442,0.066,3.079,7.786
1790,6.120,12.394,1608,5.233,7.790,8.616,10.545,14.063,14.762,1.401,0.067,3.080,7.845
1791,4.184,13.677,1608,5.233,7.790,8.616,10.547,14.063,14.762,1.503,0.070,4.752,7.351
1792,6.808,12.346,1608,5.234,7.790,8.616,10.548,14.063,14.762,1.506,0.068,3.442,7.330
1793,6.420,12.180,1608,5.234,7.790,8.616,10.549,14.063,14.762,1.459,0.065,3.384,7.272
1794,6.054,13.585,1608,5.235,7.790,8.616,10.551,14.063,14.762,1.552,0.067,3.410,8.556
1795,5.301,13.998,1588,5.235,7.789,8.616,10.553,14.063,14.762,1.517,0.081,3.563,8.837
1796,6.311,12.626,1588,5.235,7.789,8.616,10.554,14.063,14.762,1.501,0.065,3.526,7.533
1797,7.188,11.680,1579,5.236,7.789,8.616,10.555,14.063,14.761,1.418,0.065,3.248,6.949
1798,8.160,12.992,1579,5.238,7.792,8.616,10.556,14.063,14.761,1.462,0.075,4.508,6.947
1799,6.773,11.629,1579,5.239,7.792,8.616,10.556,14.063,14.761,1.440,0.066,3.273,6.850
1800,6.244,12.989,1579,5.239,7.792,8.616,10.558,14.062,14.761,1.488,0.066,3.238,8.197
1801,6.587,12.934,1579,5.240,7.792,8.616,10.559,14.062,14.761,1.423,0.108,3.280,8.122
1802,6.058,13.129,1570,5.241,7.792,8.616,10.561,14.062,14.761,1.466,0.075,3.186,8.402
1803,7.591,12.840,1570,5.242,7.792,8.615,10.562,14.062,14.761,1.534,0.085,4.385,6.836
1804,7.043,11.380,1563,5.243,7.792,8.615,10.562,14.062,14.761,1.385,0.067,3.171,6.756
1805,7.485,12.777,1563,5.244,7.791,8.615,10.564,14.062,14.760,2.785,0.066,3.150,6.775
1806,4.693,12.621,1545,5.244,7.791,8.615,10.565,14.062,14.760,1.345,0.067,3.145,8.065
1807,4.123,12.714,1545,5.243,7.791,8.614,10.566,14.062,14.760,1.406,0.068,3.187,8.052
1808,4.909,12.481,1547,5.243,7.791,8.614,10.567,14.062,14.760,1.307,0.076,4.320,6.777
1809,7.019,11.325,1547,5.244,7.791,8.614,10.567,14.061,14.760,1.350,0.068,3.104,6.803
1810,7.296,12.624,1551,5.245,7.790,8.614,10.568,14.061,14.759,1.390,0.067,3.082,8.086
1811,5.872,12.588,1551,5.246,7.790,8.613,10.570,14.061,14.759,1.453,0.069,3.089,7.978
1812,5.666,12.641,1551,5.246,7.790,8.613,10.571,14.061,14.759,1.346,0.070,4.436,6.790
1813,6.145,13.731,1553,5.246,7.790,8.613,10.572,14.061,14.759,1.476,0.078,4.856,7.321
1814,7.216,12.293,1553,5.247,7.790,8.613,10.573,14.061,14.758,1.460,0.067,3.463,7.302
1815,6.900,14.618,1544,5.248,7.789,8.612,10.576,14.063,14.758,3.145,0.068,3.708,7.697
1816,6.634,14.580,1544,5.249,7.789,8.612,10.578,14.064,14.758,1.844,0.066,3.721,8.949
1817,6.712,14.435,1546,5.250,7.789,8.612,10.580,14.068,14.758,1.752,0.074,3.697,8.911
1818,7.078,14.776,1546,5.251,7.789,8.611,10.582,14.069,14.764,1.861,0.073,3.711,9.130
1819,7.954,14.331,1539,5.252,7.792,8.611,10.584,14.070,14.764,1.773,0.067,3.682,8.807
1820,9.075,14.433,1539,5.254,7.793,8.619,10.586,14.075,14.764,1.752,0.067,3.727,8.887
1821,8.125,13.842,1532,5.256,7.794,8.619,10.588,14.074,14.764,1.824,0.079,4.707,7.232
1822,4.041,13.841,1532,5.255,7.794,8.619,10.590,14.074,14.764,1.810,0.079,4.715,7.238
1823,5.895,12.584,1534,5.256,7.794,8.619,10.591,14.074,14.764,1.764,0.067,3.478,7.275
1824,6.149,14.102,1525,5.256,7.794,8.619,10.593,14.078,14.764,3.244,0.068,3.482,7.308
1825,5.738,13.874,1525,5.256,7.794,8.619,10.595,14.078,14.764,1.784,0.069,3.470,8.552
1826,6.178,13.883,1522,5.257,7.794,8.619,10.597,14.078,14.764,1.797,0.070,3.460,8.556
1827,7.269,12.512,1522,5.258,7.794,8.619,10.598,14.078,14.764,1.773,0.067,3.441,7.231
1828,7.571,12.578,1517,5.259,7.794,8.619,10.599,14.077,14.764,1.702,0.067,3.470,7.338
1829,9.175,13.917,1517,5.261,7.805,8.629,10.601,14.077,14.764,1.802,0.074,4.734,7.306
1830,7.237,12.517,1517,5.263,7.804,8.629,10.602,14.077,14.764,1.685,0.083,3.437,7.313
1831,7.007,12.687,1517,5.263,7.803,8.629,10.603,14.077,14.764,1.894,0.066,3.426,7.302
1832,6.438,13.918,1517,5.264,7.802,8.629,10.605,14.077,14.764,1.738,0.071,3.413,8.697
1833,6.313,13.980,1517,5.265,7.801,8.629,10.606,14.076,14.764,1.831,0.068,3.416,8.665
1834,6.806,12.806,1508,5.266,7.800,8.628,10.608,14.076,14.764,1.521,0.068,3.184,8.034
1835,8.141,12.608,1508,5.267,7.825,8.628,10.609,14.076,14.764,1.522,0.070,4.358,6.658
1836,6.984,12.355,1617,5.268,7.823,8.628,10.610,14.076,14.764,1.653,0.079,3.487,7.137
1837,4.477,12.327,1617,5.268,7.820,8.628,10.611,14.075,14.764,1.702,0.064,3.466,7.095
1838,4.485,13.496,1617,5.267,7.818,8.628,10.612,14.075,14.764,1.713,0.066,3.475,8.242
1839,5.399,12.926,1608,5.267,7.816,8.628,10.613,14.075,14.764,1.578,0.066,3.244,8.038
1840,5.961,12.931,1608,5.268,7.814,8.628,10.615,14.075,14.764,1.625,0.077,3.233,7.996
1841,6.728,12.962,1610,5.268,7.812,8.628,10.616,14.074,14.764,1.613,0.074,4.490,6.785
1842,8.001,11.616,1610,5.270,7.853,8.627,10.617,14.074,14.764,1.571,0.064,3.212,6.769
1843,7.978,12.961,1601,5.271,7.859,8.627,10.618,14.074,14.763,1.634,0.064,3.191,8.072
1844,6.258,12.846,1601,5.272,7.859,8.627,10.619,14.074,14.763,1.537,0.066,3.179,8.064
1845,5.633,12.175,1579,5.272,7.859,8.627,10.620,14.073,14.763,1.457,0.066,2.957,7.695
1846,7.109,10.711,1579,5.273,7.859,8.627,10.620,14.073,14.763,1.439,0.068,2.969,6.235
1847,6.981,10.433,1570,5.274,7.858,8.627,10.620,14.073,14.763,1.277,0.063,2.915,6.179
1848,7.675,11.898,1570,5.275,7.858,8.627,10.620,14.073,14.763,1.395,0.077,2.952,7.475
1849,4.809,12.601,1563,5.275,7.858,8.627,10.622,14.072,14.763,1.487,0.075,3.012,8.027
1850,5.795,10.937,1563,5.275,7.858,8.626,10.622,14.072,14.763,1.546,0.082,3.011,6.297
1851,7.207,10.694,1551,5.276,7.857,8.626,10.622,14.072,14.763,1.397,0.062,2.982,6.254
1852,7.195,12.064,1551,5.277,7.857,8.626,10.623,14.072,14.763,1.414,0.064,3.026,7.560
1853,4.862,11.993,1551,5.277,7.857,8.626,10.623,14.071,14.763,1.367,0.069,3.009,7.548
1854,4.106,10.770,1551,5.277,7.857,8.626,10.623,14.071,14.763,1.397,0.072,3.010,6.290
1855,5.954,12.098,1551,5.277,7.856,8.626,10.624,14.071,14.763,2.760,0.064,2.952,6.322
1856,4.837,11.973,1551,5.277,7.856,8.626,10.625,14.071,14.763,1.385,0.064,2.966,7.557
1857,5.895,12.424,1551,5.277,7.856,8.626,10.626,14.070,14.763,1.384,0.067,4.718,6.254
1858,5.906,10.751,1551,5.277,7.855,8.625,10.626,14.070,14.763,1.437,0.076,2.924,6.314
1859,7.228,11.718,1551,5.278,7.855,8.625,10.626,14.070,14.763,2.603,0.062,2.878,6.175
1860,8.040,11.862,1551,5.280,7.860,8.625,10.627,14.070,14.763,1.417,0.064,2.887,7.493
1861,6.072,11.797,1557,5.280,7.860,8.625,10.628,14.069,14.763,1.338,0.072,4.190,6.196
1862,5.584,10.485,1557,5.281,7.860,8.625,10.628,14.069,14.763,1.338,0.062,2.893,6.192
1863,6.768,11.903,1561,5.281,7.859,8.625,10.628,14.069,14.763,1.453,0.064,2.909,7.477
1864,6.628,11.728,1561,5.282,7.859,8.625,10.629,14.069,14.763,1.347,0.066,2.887,7.428
1865,6.310,11.853,1561,5.283,7.859,8.625,10.630,14.069,14.763,1.409,0.071,4.108,6.266
1866,5.739,11.541,1550,5.283,7.859,8.624,10.630,14.069,14.763,1.727,0.069,3.234,6.512
1867,6.661,13.117,1550,5.284,7.858,8.624,10.631,14.069,14.763,3.321,0.065,3.212,6.519
1868,6.018,13.392,1556,5.284,7.858,8.624,10.633,14.069,14.763,1.720,0.062,3.392,8.218
1869,8.289,13.675,1556,5.286,7.866,8.624,10.635,14.069,14.763,1.746,0.064,3.432,8.433
1870,6.377,12.115,1556,5.286,7.865,8.624,10.635,14.069,14.762,1.709,0.061,3.398,6.946
1871,4.873,12.057,1547,5.286,7.865,8.624,10.636,14.069,14.762,1.697,0.065,3.377,6.918
1872,6.234,11.912,1547,5.286,7.864,8.624,10.637,14.069,14.762,1.628,0.061,3.367,6.856
1873,5.480,14.333,1547,5.287,7.864,8.624,10.639,14.071,14.762,1.827,0.062,3.688,8.756
1874,5.949,14.116,1547,5.287,7.863,8.623,10.641,14.076,14.762,1.793,0.062,3.668,8.593
1875,6.223,14.315,1544,5.287,7.863,8.623,10.643,14.081,14.762,1.745,0.064,3.685,8.821
1876,7.236,13.032,1544,5.288,7.862,8.623,10.644,14.080,14.762,1.787,0.061,3.717,7.468
1877,7.117,15.959,1497,5.289,7.862,8.623,10.647,14.085,14.768,1.792,0.065,3.641,10.461
1878,9.637,14.007,1497,5.292,7.871,8.637,10.648,14.085,14.767,1.762,0.066,4.840,7.339
1879,6.741,11.175,1477,5.292,7.870,8.636,10.649,14.085,14.767,1.536,0.070,3.184,6.385
1880,8.048,12.484,1477,5.294,7.874,8.636,10.650,14.085,14.767,2.839,0.061,3.203,6.381
1881,6.533,12.435,1477,5.295,7.874,8.636,10.651,14.085,14.767,1.497,0.070,3.183,7.687
1882,6.652,12.869,1477,5.295,7.873,8.636,10.652,14.084,14.767,1.780,0.073,3.222,7.794
1883,6.106,13.372,1477,5.296,7.873,8.636,10.653,14.084,14.767,1.735,0.071,4.675,6.890
1884,6.597,12.007,1477,5.296,7.873,8.636,10.654,14.084,14.767,1.593,0.063,3.469,6.882
1885,8.665,13.344,1477,5.298,7.877,8.653,10.655,14.083,14.767,2.923,0.061,3.472,6.888
1886,6.325,12.511,1472,5.299,7.877,8.653,10.656,14.083,14.767,1.516,0.062,3.248,7.685
1887,4.313,12.483,1472,5.298,7.876,8.653,10.657,14.083,14.767,1.519,0.064,3.249,7.651
1888,6.030,12.523,1472,5.299,7.876,8.652,10.658,14.083,14.766,1.471,0.073,4.481,6.498
1889,6.960,11.357,1472,5.300,7.876,8.652,10.659,14.082,14.766,1.527,0.061,3.257,6.513
1890,8.010,12.686,1472,5.301,7.892,8.652,10.660,14.082,14.766,1.565,0.061,3.271,7.789
1891,6.061,12.636,1472,5.301,7.891,8.652,10.661,14.082,14.766,1.463,0.064,3.283,7.827
1892,6.297,13.115,1588,5.302,7.890,8.652,10.662,14.082,14.766,1.519,0.063,3.328,8.205
1893,6.159,12.847,1588,5.302,7.888,8.652,10.663,14.081,14.766,1.503,0.080,4.591,6.673
1894,7.077,11.538,1588,5.303,7.887,8.652,10.664,14.081,14.766,1.488,0.061,3.312,6.677
1895,7.361,12.862,1579,5.304,7.886,8.651,10.665,14.081,14.766,1.600,0.062,3.285,7.916
1896,6.910,12.668,1579,5.305,7.884,8.651,10.666,14.080,14.766,1.572,0.063,3.284,7.749
1897,5.437,12.777,1579,5.305,7.883,8.651,10.667,14.080,14.765,1.534,0.065,4.528,6.650
1898,6.396,12.947,1579,5.306,7.882,8.651,10.668,14.080,14.765,1.541,0.088,4.669,6.649
1899,7.064,11.578,1585,5.307,7.880,8.651,10.669,14.080,14.765,1.521,0.066,3.288,6.703
1900,6.713,12.857,1585,5.308,7.879,8.651,10.670,14.079,14.765,1.562,0.062,3.316,7.918
1901,8.004,13.064,1585,5.309,7.904,8.651,10.671,14.079,14.765,1.518,0.076,3.297,8.173
1902,5.836,12.840,1576,5.309,7.903,8.650,10.672,14.079,14.765,1.484,0.063,3.269,8.024
1903,5.327,12.744,1576,5.309,7.902,8.650,10.673,14.079,14.765,1.545,0.076,4.502,6.620
1904,5.638,10.562,1567,5.309,7.900,8.650,10.673,14.078,14.765,1.389,0.061,3.039,6.073
1905,5.045,11.881,1567,5.309,7.899,8.650,10.674,14.078,14.765,1.375,0.063,3.048,7.396
1906,5.849,11.964,1566,5.310,7.898,8.650,10.675,14.078,14.765,1.361,0.064,4.462,6.078
1907,5.933,10.544,1566,5.310,7.896,8.650,10.675,14.078,14.765,1.358,0.066,3.045,6.075
1908,6.143,10.660,1563,5.310,7.895,8.649,10.675,14.077,14.765,1.462,0.062,3.007,6.128
1909,5.881,12.180,1563,5.311,7.894,8.649,10.675,14.077,14.765,1.370,0.065,3.039,7.707
1910,4.291,10.572,1563,5.310,7.892,8.649,10.675,14.077,14.765,1.381,0.062,3.001,6.130
1911,6.236,10.522,1558,5.311,7.891,8.649,10.675,14.077,14.765,1.379,0.062,2.975,6.105
1912,6.877,11.901,1558,5.311,7.890,8.649,10.676,14.077,14.765,1.408,0.062,2.975,7.456
1913,4.797,11.508,1540,5.311,7.888,8.648,10.676,14.076,14.765,1.341,0.065,2.911,7.191
1914,5.234,11.736,1540,5.311,7.887,8.648,10.677,14.076,14.765,1.372,0.088,4.310,5.966
1915,6.122,10.410,1540,5.311,7.886,8.648,10.677,14.076,14.765,1.463,0.071,2.896,5.979
1916,6.891,11.477,1540,5.312,7.884,8.648,10.677,14.076,14.764,1.337,0.069,2.908,7.163
1917,6.362,11.387,1540,5.313,7.883,8.648,10.678,14.075,14.764,1.401,0.064,2.903,7.019
1918,5.574,10.657,1529,5.313,7.882,8.648,10.678,14.075,14.764,1.372,0.063,3.067,6.155
1919,4.714,11.917,1529,5.313,7.880,8.647,10.678,14.075,14.764,1.380,0.064,3.027,7.446
1920,4.327,11.881,1529,5.312,7.879,8.647,10.679,14.075,14.764,1.332,0.064,3.069,7.416
1921,5.949,12.937,1511,5.313,7.878,8.647,10.680,14.074,14.764,1.716,0.076,4.557,6.588
1922,5.754,13.094,1511,5.313,7.877,8.647,10.681,14.074,14.764,1.809,0.075,4.628,6.582
1923,6.015,11.512,1500,5.313,7.877,8.647,10.682,14.074,14.764,1.679,0.064,3.312,6.457
1924,5.662,12.845,1500,5.313,7.877,8.646,10.683,14.074,14.764,1.698,0.062,3.327,7.757
1925,6.102,12.768,1500,5.314,7.877,8.646,10.684,14.073,14.764,1.678,0.064,3.314,7.712
1926,6.145,11.956,1495,5.314,7.877,8.646,10.685,14.073,14.764,1.571,0.073,4.304,6.009
1927,7.680,10.800,1495,5.315,7.876,8.646,10.685,14.073,14.764,1.626,0.064,3.089,6.021
1928,7.076,12.238,1499,5.316,7.876,8.646,10.685,14.073,14.764,1.592,0.063,3.117,7.465
1929,6.336,12.176,1499,5.317,7.876,8.646,10.686,14.072,14.764,1.626,0.066,3.112,7.373
1930,5.910,12.193,1499,5.317,7.876,8.645,10.687,14.072,14.764,1.600,0.072,4.363,6.159
1931,6.560,10.972,1499,5.318,7.876,8.645,10.687,14.072,14.764,1.620,0.083,3.116,6.153
1932,6.784,12.455,1499,5.319,7.875,8.645,10.688,14.072,14.764,1.732,0.073,3.123,7.526
1933,6.240,11.610,1488,5.319,7.875,8.645,10.689,14.071,14.764,1.630,0.067,2.921,6.992
1934,6.144,11.460,1488,5.319,7.875,8.645,10.689,14.071,14.764,1.507,0.073,4.124,5.757
1935,7.200,11.154,1488,5.320,7.875,8.644,10.689,14.071,14.764,1.623,0.073,3.282,6.177
1936,5.257,12.421,1488,5.320,7.875,8.644,10.690,14.071,14.764,1.656,0.062,3.296,7.406
1937,4.377,12.446,1488,5.320,7.874,8.644,10.691,14.070,14.764,1.595,0.065,3.286,7.499
1938,4.771,12.629,1488,5.320,7.874,8.644,10.692,14.070,14.764,1.707,0.068,4.508,6.345
1939,5.317,11.293,1488,5.320,7.874,8.644,10.692,14.070,14.764,1.608,0.068,3.303,6.314
1940,6.232,12.582,1479,5.320,7.874,8.644,10.693,14.070,14.764,2.941,0.067,3.274,6.299
1941,5.756,12.356,1479,5.320,7.874,8.643,10.694,14.069,14.764,1.555,0.073,3.273,7.456
1942,5.223,12.772,1479,5.320,7.873,8.643,10.695,14.069,14.764,1.711,0.063,3.765,7.234
1943,6.596,15.703,1479,5.321,7.873,8.643,10.698,14.074,14.771,1.719,0.095,6.699,7.190
1944,6.621,12.669,1481,5.322,7.873,8.643,10.699,14.074,14.771,1.680,0.065,3.725,7.199
1945,4.214,12.606,1481,5.321,7.873,8.643,10.700,14.073,14.771,1.641,0.062,3.701,7.203
1946,5.924,14.001,1481,5.321,7.873,8.642,10.701,14.073,14.771,2.957,0.062,3.762,7.219
1947,9.361,14.142,1483,5.323,7.876,8.658,10.703,14.078,14.771,1.742,0.063,3.714,8.622
1948,6.063,13.869,1483,5.324,7.876,8.658,10.705,14.077,14.771,1.674,0.062,3.696,8.437
1949,4.686,13.928,1485,5.323,7.876,8.658,10.706,14.077,14.770,1.599,0.082,3.681,8.567
1950,4.444,14.264,1485,5.323,7.876,8.658,10.708,14.082,14.770,1.777,0.067,3.713,8.706
1951,7.650,12.118,1590,5.324,7.876,8.658,10.709,14.082,14.770,1.731,0.064,3.494,6.829
1952,12.385,14.591,1590,5.328,7.890,8.670,10.711,14.085,14.770,1.697,0.075,4.620,8.200
1953,7.483,11.941,1589,5.329,7.888,8.670,10.712,14.085,14.770,1.653,0.064,3.445,6.778
1954,4.364,13.357,1589,5.328,7.887,8.670,10.713,14.085,14.770,1.743,0.072,3.467,8.075
1955,4.689,13.237,1584,5.328,7.886,8.670,10.714,14.085,14.770,1.637,0.066,3.446,8.088
1956,6.477,13.305,1584,5.329,7.884,8.670,10.716,14.085,14.770,1.630,0.064,3.462,8.149
1957,6.769,13.072,1568,5.329,7.883,8.670,10.717,14.085,14.770,1.654,0.071,4.642,6.706
1958,7.262,11.844,1568,5.330,7.882,8.670,10.717,14.085,14.770,1.659,0.070,3.406,6.710
1959,7.882,13.205,1563,5.332,7.884,8.670,10.719,14.085,14.769,2.917,0.063,3.400,6.824
1960,5.508,13.039,1563,5.332,7.883,8.670,10.720,14.085,14.769,1.556,0.063,3.398,8.022
1961,6.690,12.309,1543,5.332,7.882,8.669,10.721,14.085,14.769,1.432,0.065,3.170,7.642
1962,6.629,12.253,1543,5.333,7.881,8.669,10.721,14.084,14.769,1.468,0.074,4.332,6.379
1963,8.328,11.046,1543,5.335,7.902,8.669,10.722,14.084,14.769,1.427,0.065,3.176,6.379
1964,7.955,12.370,1527,5.336,7.907,8.669,10.722,14.084,14.769,1.451,0.069,3.143,7.707
1965,5.972,12.473,1527,5.336,7.907,8.669,10.723,14.083,14.769,1.543,0.069,3.164,7.697
1966,5.868,11.985,1516,5.337,7.907,8.669,10.724,14.083,14.769,1.383,0.068,4.307,6.227
1967,8.140,10.787,1516,5.338,7.912,8.669,10.724,14.083,14.769,1.387,0.066,3.101,6.233
1968,6.500,11.330,1505,5.339,7.912,8.669,10.724,14.083,14.769,2.664,0.065,2.864,5.736
1969,4.002,11.252,1505,5.338,7.912,8.669,10.725,14.082,14.768,1.320,0.067,2.872,6.992
1970,4.471,11.147,1505,5.337,7.911,8.668,10.725,14.082,14.768,1.322,0.078,4.047,5.700
1971,4.693,9.832,1505,5.337,7.911,8.668,10.724,14.082,14.768,1.316,0.066,2.847,5.603
1972,6.732,10.964,1505,5.338,7.911,8.668,10.724,14.082,14.768,1.292,0.066,2.836,6.770
1973,5.130,10.985,1505,5.338,7.910,8.668,10.725,14.081,14.768,1.296,0.076,4.014,5.598
1974,5.021,9.738,1505,5.338,7.910,8.668,10.724,14.081,14.768,1.290,0.066,2.806,5.576
1975,6.022,11.048,1505,5.338,7.910,8.668,10.724,14.081,14.768,1.352,0.066,2.813,6.818
1976,5.310,10.738,1496,5.338,7.909,8.668,10.724,14.080,14.768,1.262,0.075,3.920,5.480
1977,5.358,9.543,1496,5.338,7.909,8.668,10.724,14.080,14.768,1.262,0.063,2.750,5.467
1978,6.146,12.175,1498,5.338,7.909,8.668,10.724,14.080,14.767,1.340,0.067,3.138,7.629
1979,5.800,12.195,1498,5.339,7.908,8.667,10.725,14.080,14.767,1.341,0.067,3.147,7.640
1980,5.224,10.935,1498,5.339,7.908,8.667,10.725,14.079,14.767,1.341,0.076,3.137,6.381
1981,5.479,11.850,1502,5.339,7.908,8.667,10.726,14.079,14.767,1.340,0.066,3.440,7.005
1982,6.039,13.204,1502,5.339,7.908,8.667,10.727,14.079,14.767,1.437,0.076,3.416,8.275
1983,5.096,13.358,1502,5.339,7.907,8.667,10.728,14.079,14.767,1.555,0.075,3.436,8.293
1984,5.855,13.613,1493,5.339,7.907,8.667,10.730,14.078,14.767,1.646,0.067,3.515,8.384
1985,8.078,12.253,1493,5.340,7.913,8.667,10.731,14.078,14.767,1.644,0.066,3.528,7.016
1986,6.026,14.048,1495,5.341,7.913,8.667,10.732,14.078,14.767,1.671,1.916,3.442,7.019
1987,3.945,12.086,1495,5.340,7.912,8.667,10.733,14.078,14.767,1.553,0.071,3.456,7.007
1988,3.928,14.579,1497,5.339,7.912,8.666,10.735,14.083,14.766,1.763,0.066,3.783,8.967
1989,5.427,14.505,1497,5.339,7.912,8.666,10.737,14.085,14.766,1.745,0.064,3.796,8.900
1990,6.061,14.398,1497,5.340,7.911,8.666,10.739,14.090,14.766,1.677,0.067,3.752,8.903
1991,6.749,14.502,1497,5.340,7.911,8.666,10.741,14.095,14.766,1.816,0.068,3.764,8.854
1992,7.785,12.942,1501,5.342,7.911,8.666,10.742,14.095,14.766,1.642,0.065,3.720,7.514
1993,8.234,13.017,1501,5.343,7.917,8.666,10.743,14.095,14.766,1.679,0.064,3.749,7.525
1994,8.586,13.858,1494,5.345,7.925,8.666,10.744,14.094,14.766,1.872,0.077,4.803,7.107
1995,7.896,12.585,1494,5.346,7.924,8.666,10.745,14.094,14.766,1.867,0.065,3.535,7.118
1996,6.601,13.908,1496,5.347,7.924,8.666,10.747,14.094,14.766,3.172,0.066,3.509,7.161
1997,7.270,13.824,1496,5.348,7.923,8.665,10.748,14.094,14.765,1.818,0.069,3.533,8.404
1998,6.827,14.149,1498,5.348,7.922,8.665,10.750,14.096,14.765,1.873,0.069,3.583,8.625
1999,7.423,14.033,1498,5.349,7.922,8.665,10.752,14.096,14.765,1.818,0.066,3.598,8.551
2000,9.578,13.966,1480,5.352,7.933,8.677,10.753,14.096,14.765,1.748,0.072,3.534,8.612
2001,6.449,13.922,1480,5.352,7.933,8.676,10.755,14.096,14.765,1.746,0.074,4.792,7.310
2002,4.261,12.510,1473,5.352,7.932,8.676,10.756,14.096,14.765,1.663,0.073,3.488,7.286
2003,5.163,12.461,1473,5.351,7.932,8.676,10.757,14.096,14.765,1.609,0.066,3.500,7.286
2004,4.541,13.767,1468,5.351,7.931,8.676,10.758,14.096,14.765,1.710,0.063,3.468,8.525
2005,5.810,13.740,1468,5.351,7.930,8.676,10.760,14.096,14.765,1.708,0.068,3.479,8.485
2006,6.274,13.713,1468,5.352,7.930,8.676,10.761,14.095,14.765,1.726,0.067,3.467,8.453
2007,6.937,14.043,1572,5.353,7.929,8.676,10.763,14.095,14.765,1.662,0.067,3.481,8.833
2008,8.035,13.661,1572,5.354,7.936,8.675,10.764,14.095,14.765,1.697,0.073,4.698,7.193
2009,7.937,12.344,1563,5.355,7.937,8.675,10.765,14.095,14.765,1.650,0.070,3.444,7.180
2010,8.191,12.143,1563,5.357,7.943,8.675,10.766,14.095,14.765,1.496,0.065,3.444,7.138
2011,7.022,12.802,1543,5.357,7.943,8.675,10.767,14.095,14.765,1.518,0.064,3.201,8.020
2012,6.489,12.709,1543,5.358,7.942,8.675,10.768,14.095,14.765,1.486,0.080,3.238,7.905
2013,6.516,11.466,1521,5.359,7.942,8.675,10.768,14.095,14.765,1.353,0.101,4.140,5.871
2014,8.370,10.093,1521,5.360,7.950,8.675,10.768,14.094,14.765,1.407,0.064,2.769,5.853
2015,7.457,11.785,1521,5.361,7.950,8.675,10.768,14.094,14.765,1.364,0.066,2.942,7.414
2016,7.156,11.764,1521,5.362,7.949,8.675,10.769,14.094,14.764,1.317,0.064,2.956,7.427
2017,4.250,13.088,1512,5.361,7.949,8.674,10.770,14.094,14.764,1.437,0.075,4.590,6.985
2018,5.224,11.808,1512,5.361,7.949,8.674,10.770,14.094,14.764,1.400,0.065,3.366,6.977
2019,4.356,13.165,1512,5.361,7.948,8.674,10.771,14.094,14.764,1.500,0.065,3.347,8.254
2020,4.722,12.963,1512,5.361,7.948,8.674,10.773,14.094,14.764,1.378,0.068,3.354,8.163
2021,5.482,12.876,1512,5.361,7.948,8.674,10.774,14.094,14.764,1.396,0.066,3.328,8.086
2022,6.546,13.108,1554,5.361,7.947,8.674,10.775,14.093,14.764,1.409,0.080,4.693,6.926
2023,7.174,11.746,1554,5.362,7.947,8.674,10.775,14.093,14.764,1.410,0.067,3.314,6.954
2024,7.784,13.949,1558,5.363,7.946,8.674,10.777,14.092,14.764,1.506,0.092,5.370,6.980
2025,6.783,11.692,1558,5.364,7.946,8.674,10.777,14.092,14.764,1.354,0.066,3.281,6.991
2026,5.691,11.704,1558,5.364,7.945,8.673,10.778,14.091,14.764,1.368,0.064,3.292,6.980
2027,5.307,13.081,1549,5.364,7.945,8.673,10.779,14.091,14.764,1.423,0.069,4.515,7.074
2028,7.462,11.858,1549,5.365,7.944,8.673,10.779,14.091,14.764,1.399,0.081,3.337,7.041
2029,4.515,11.815,1549,5.365,7.944,8.673,10.780,14.090,14.764,1.375,0.080,3.267,7.094
2030,4.082,11.973,1549,5.364,7.943,8.673,10.780,14.090,14.764,1.506,0.076,3.281,7.109
2031,4.641,12.712,1549,5.364,7.943,8.673,10.781,14.089,14.764,1.182,0.069,3.244,8.217
2032,6.913,12.964,1549,5.364,7.942,8.673,10.783,14.089,14.764,1.411,0.069,3.261,8.223
2033,6.312,12.880,1551,5.365,7.942,8.673,10.784,14.089,14.764,1.366,0.080,4.513,6.921
2034,4.319,11.643,1551,5.364,7.941,8.673,10.784,14.088,14.764,1.354,0.080,3.249,6.960
2035,5.165,12.907,1542,5.364,7.940,8.672,10.785,14.088,14.764,1.350,0.074,3.249,8.235
2036,5.970,12.980,1542,5.365,7.940,8.672,10.786,14.087,14.764,1.313,0.069,3.249,8.349
2037,6.327,12.740,1542,5.365,7.939,8.672,10.787,14.087,14.764,1.309,0.071,4.462,6.898
2038,7.015,14.202,1546,5.366,7.939,8.672,10.789,14.094,14.764,1.432,0.076,4.927,7.766
2039,7.736,12.979,1546,5.367,7.938,8.672,10.790,14.094,14.764,1.435,0.074,3.716,7.754
2040,6.072,13.791,1548,5.367,7.938,8.672,10.791,14.094,14.764,1.637,0.069,3.978,8.108
2041,6.346,15.347,1548,5.368,7.937,8.672,10.794,14.096,14.771,3.146,0.068,3.991,8.142
2042,6.159,15.185,1545,5.368,7.937,8.672,10.796,14.097,14.781,1.772,0.068,3.949,9.396
2043,7.133,15.088,1545,5.369,7.937,8.671,10.798,14.099,14.793,1.747,0.068,3.960,9.314
2044,7.791,15.062,1531,5.370,7.937,8.671,10.800,14.101,14.802,1.665,0.081,3.912,9.405
2045,8.181,15.298,1531,5.372,7.946,8.671,10.802,14.104,14.807,1.809,0.099,3.941,9.449
2046,7.865,15.282,1528,5.373,7.945,8.671,10.804,14.108,14.809,1.755,0.068,3.943,9.515
2047,8.884,15.083,1528,5.375,7.952,8.707,10.806,14.110,14.819,1.768,0.070,3.923,9.322
2048,8.716,15.078,1519,5.376,7.955,8.726,10.808,14.114,14.828,1.703,0.069,3.923,9.384
2049,5.165,15.407,1519,5.376,7.955,8.726,10.811,14.119,14.836,1.699,0.069,3.937,9.701
2050,6.872,15.451,1521,5.377,7.955,8.725,10.813,14.122,14.844,1.688,0.067,3.903,9.792
2051,7.741,15.505,1523,5.378,7.955,8.725,10.815,14.124,14.871,1.672,0.069,3.912,9.852
2052,8.069,15.257,1523,5.379,7.955,8.725,10.817,14.129,14.916,1.677,0.069,3.910,9.602
2053,7.819,14.082,1503,5.381,7.955,8.725,10.819,14.128,14.915,1.614,0.075,4.876,7.517
2054,9.277,14.348,1503,5.382,7.961,8.753,10.821,14.137,14.915,1.648,0.090,5.085,7.525
2055,9.169,12.928,1492,5.384,7.974,8.819,10.822,14.137,14.914,1.733,0.076,3.655,7.464
2056,7.643,12.731,1492,5.385,7.974,8.818,10.823,14.137,14.914,1.552,0.077,3.651,7.451
2057,6.962,14.136,1481,5.386,7.974,8.817,10.824,14.137,14.914,1.655,0.066,3.587,8.828
2058,4.926,14.037,1481,5.386,7.973,8.816,10.826,14.137,14.913,1.596,0.085,3.617,8.740
2059,6.010,12.777,1450,5.386,7.973,8.815,10.827,14.137,14.913,1.650,0.073,3.152,7.902
2060,7.186,13.164,1450,5.387,7.973,8.814,10.828,14.137,14.912,1.481,0.084,3.144,8.455
2061,8.331,13.720,1570,5.389,7.978,8.813,10.829,14.136,14.912,1.703,0.075,4.728,7.213
2062,8.893,13.559,1570,5.390,7.987,8.876,10.831,14.136,14.912,1.544,0.079,4.706,7.230
2063,7.388,12.297,1570,5.391,7.986,8.875,10.831,14.136,14.911,1.525,0.065,3.511,7.195
2064,4.536,13.658,1572,5.391,7.986,8.875,10.833,14.136,14.911,1.587,0.065,3.498,8.508
2065,5.432,13.641,1572,5.391,7.985,8.875,10.834,14.136,14.910,1.575,0.066,3.483,8.517
2066,4.338,13.569,1572,5.390,7.985,8.875,10.835,14.136,14.910,1.584,0.069,3.478,8.438
2067,6.295,12.257,1572,5.391,7.984,8.875,10.836,14.136,14.910,1.537,0.066,3.429,7.224
2068,7.161,12.286,1572,5.392,7.984,8.875,10.837,14.136,14.909,1.498,0.075,3.469,7.243
2069,7.790,12.157,1574,5.393,7.983,8.875,10.837,14.136,14.909,1.524,0.067,3.383,7.183
2070,6.925,13.536,1578,5.394,7.983,8.874,10.839,14.136,14.908,1.555,0.065,3.368,8.548
2071,6.026,13.249,1578,5.394,7.982,8.874,10.840,14.136,14.908,1.500,0.066,3.361,8.321
2072,5.972,12.635,1558,5.394,7.982,8.874,10.841,14.136,14.908,1.386,0.066,3.181,8.002
2073,7.024,12.617,1558,5.395,7.981,8.874,10.842,14.135,14.907,1.410,0.074,4.416,6.717
2074,7.541,11.213,1549,5.396,7.981,8.874,10.842,14.135,14.907,1.342,0.093,3.156,6.622
2075,8.029,12.737,1549,5.397,7.988,8.874,10.843,14.135,14.906,1.456,0.079,3.172,8.030
2076,6.081,12.512,1549,5.398,7.988,8.874,10.843,14.135,14.906,1.511,0.066,3.143,7.792
2077,5.731,12.560,1549,5.398,7.988,8.873,10.844,14.135,14.906,1.376,0.082,3.211,7.891
2078,7.116,11.152,1551,5.399,7.987,8.873,10.844,14.135,14.905,1.369,0.076,3.147,6.560
2079,5.981,10.906,1551,5.399,7.987,8.873,10.845,14.135,14.905,1.188,0.066,3.111,6.541
2080,4.063,12.175,1551,5.398,7.987,8.873,10.845,14.135,14.905,1.400,0.068,3.081,7.627
2081,5.982,12.258,1551,5.398,7.987,8.873,10.846,14.135,14.904,1.396,0.066,3.123,7.674
2082,4.171,10.804,1551,5.398,7.987,8.873,10.846,14.134,14.904,1.327,0.075,3.032,6.370
2083,5.396,10.656,1551,5.398,7.986,8.873,10.846,14.134,14.903,1.153,0.067,3.042,6.394
2084,5.171,11.899,1551,5.398,7.986,8.872,10.846,14.133,14.903,1.344,0.068,2.963,7.524
2085,5.110,11.843,1551,5.398,7.985,8.872,10.847,14.133,14.903,1.356,0.067,4.098,6.321
2086,6.104,10.604,1551,5.398,7.985,8.872,10.847,14.132,14.902,1.286,0.068,2.954,6.296
2087,7.751,12.075,1555,5.399,7.984,8.872,10.847,14.132,14.902,2.665,0.070,2.939,6.401
2088,5.535,11.841,1548,5.399,7.984,8.872,10.848,14.131,14.901,1.339,0.068,2.910,7.525
2089,5.117,11.765,1548,5.399,7.983,8.872,10.848,14.130,14.901,1.337,0.076,4.036,6.316
2090,5.924,10.574,1548,5.399,7.983,8.872,10.848,14.130,14.901,1.307,0.078,2.896,6.293
2091,6.665,13.022,1541,5.400,7.982,8.871,10.849,14.129,14.900,1.702,0.065,3.239,8.016
2092,5.748,13.126,1541,5.400,7.982,8.871,10.850,14.129,14.900,1.662,0.074,3.265,8.124
2093,5.140,13.212,1541,5.400,7.981,8.871,10.851,14.128,14.899,1.801,0.068,3.238,8.105
2094,5.844,12.783,1545,5.400,7.981,8.871,10.852,14.128,14.899,1.632,0.072,4.349,6.730
2095,9.589,11.639,1545,5.402,7.988,8.885,10.853,14.127,14.899,1.653,0.070,3.192,6.724
2096,7.766,12.931,1545,5.403,7.988,8.885,10.853,14.127,14.898,2.964,0.065,3.137,6.764
2097,4.304,12.833,1545,5.403,7.988,8.885,10.854,14.126,14.898,1.668,0.067,3.120,7.978
2098,5.033,12.846,1547,5.403,7.987,8.885,10.855,14.125,14.897,1.639,0.067,3.091,8.049
2099,5.782,12.838,1547,5.403,7.987,8.885,10.856,14.125,14.897,1.623,0.076,4.375,6.764
2100,7.109,11.530,1540,5.404,7.987,8.884,10.857,14.124,14.897,1.544,0.067,3.108,6.810
2101,8.181,13.044,1540,5.405,7.990,8.884,10.858,14.124,14.896,1.644,0.068,3.103,8.229
2102,8.655,12.509,1540,5.406,7.992,8.884,10.858,14.124,14.896,1.651,0.083,3.384,7.391
2103,5.074,15.475,1540,5.406,7.992,8.884,10.861,14.134,14.935,1.651,0.080,6.329,7.415
2104,7.395,12.456,1540,5.407,7.992,8.884,10.861,14.133,14.934,1.614,0.066,3.350,7.427
2105,5.747,15.133,1529,5.407,7.992,8.884,10.863,14.136,14.972,1.689,0.080,5.981,7.382
2106,6.281,12.406,1529,5.408,7.992,8.884,10.864,14.136,14.972,1.615,0.072,3.338,7.381
2107,7.504,11.512,1518,5.409,7.992,8.884,10.865,14.136,14.971,1.359,0.065,3.145,6.943
2108,5.613,13.157,1518,5.409,7.992,8.883,10.866,14.136,14.971,1.680,0.071,3.100,8.306
2109,4.124,11.745,1518,5.408,7.992,8.883,10.866,14.136,14.970,1.558,0.072,3.148,6.968
2110,5.335,15.844,1522,5.408,7.991,8.883,10.868,14.139,14.982,1.620,0.067,3.599,10.558
2111,7.840,14.291,1522,5.409,7.991,8.883,10.870,14.143,14.982,1.651,0.072,4.855,7.713
2112,6.101,11.277,1502,5.410,7.991,8.883,10.870,14.143,14.982,1.497,0.073,3.124,6.583
2113,4.878,12.602,1502,5.409,7.991,8.883,10.871,14.143,14.981,2.816,0.068,3.150,6.567
2114,5.331,12.531,1493,5.409,7.991,8.883,10.872,14.143,14.981,1.489,0.067,3.102,7.872
2115,6.263,12.532,1493,5.410,7.991,8.882,10.873,14.143,14.981,1.460,0.066,3.148,7.858
2116,6.452,12.604,1495,5.410,7.991,8.882,10.873,14.143,14.981,1.461,0.073,4.386,6.685
2117,7.390,11.435,1495,5.411,7.991,8.882,10.874,14.142,14.981,1.536,0.066,3.146,6.688
2118,8.066,12.853,1611,5.412,7.994,8.882,10.875,14.142,14.981,1.548,0.067,3.156,8.082
2119,6.479,12.734,1611,5.413,7.993,8.882,10.875,14.142,14.981,1.508,0.067,3.161,7.997
2120,6.299,13.030,1600,5.413,7.993,8.882,10.876,14.142,14.981,1.484,0.067,3.122,8.358
2121,6.498,12.666,1600,5.414,7.993,8.882,10.877,14.142,14.981,1.450,0.077,4.404,6.735
2122,6.690,11.306,1591,5.415,7.992,8.881,10.878,14.142,14.981,1.429,0.064,3.083,6.730
2123,7.356,12.566,1591,5.415,7.992,8.881,10.878,14.141,14.981,1.472,0.065,3.079,7.950
2124,5.682,12.667,1586,5.416,7.992,8.881,10.879,14.141,14.980,1.414,0.069,3.089,8.095
2125,6.040,13.007,1586,5.416,7.992,8.881,10.880,14.141,14.980,1.534,0.068,4.635,6.770
2126,6.639,12.740,1604,5.416,7.992,8.881,10.881,14.140,14.980,1.455,0.075,4.386,6.825
2127,8.466,11.483,1604,5.418,7.999,8.881,10.881,14.140,14.980,1.468,0.072,3.137,6.806
2128,8.658,12.483,1586,5.419,8.003,8.881,10.882,14.140,14.980,1.411,0.071,3.082,7.920
2129,4.104,11.834,1568,5.419,8.003,8.880,10.883,14.140,14.980,1.388,0.065,2.880,7.501
2130,5.004,10.430,1568,5.419,8.002,8.880,10.882,14.139,14.980,1.387,0.077,2.881,6.085
2131,6.104,10.410,1568,5.419,8.002,8.880,10.882,14.139,14.980,1.400,0.066,2.846,6.098
2132,7.922,11.551,1570,5.420,8.002,8.880,10.882,14.139,14.980,1.363,0.066,2.856,7.267
2133,4.861,11.528,1570,5.420,8.002,8.880,10.883,14.138,14.980,1.373,0.069,4.019,6.067
2134,5.101,10.381,1578,5.420,8.002,8.880,10.882,14.138,14.980,1.422,0.065,2.845,6.050
2135,5.724,11.711,1578,5.420,8.002,8.880,10.883,14.138,14.979,1.425,0.064,2.834,7.388
2136,4.790,11.528,1587,5.419,8.002,8.879,10.883,14.138,14.979,1.414,0.065,2.814,7.235
2137,5.437,10.219,1587,5.419,8.002,8.879,10.883,14.137,14.979,1.364,0.080,2.826,5.949
2138,6.342,10.186,1587,5.420,8.001,8.879,10.883,14.137,14.979,1.387,0.067,2.800,5.931
2139,6.548,11.537,1587,5.420,8.001,8.879,10.883,14.137,14.979,1.357,0.067,2.812,7.302
2140,5.390,11.353,1578,5.420,8.001,8.879,10.883,14.137,14.979,1.341,0.105,4.138,5.770
2141,5.972,10.056,1578,5.421,8.001,8.879,10.883,14.136,14.979,1.401,0.077,2.802,5.775
2142,7.012,11.289,1569,5.421,8.001,8.878,10.883,14.136,14.979,1.438,0.066,2.691,7.094
2143,5.581,10.981,1560,5.422,8.000,8.878,10.883,14.136,14.979,1.306,0.066,2.708,6.902
2144,6.468,9.790,1560,5.422,8.000,8.878,10.882,14.136,14.979,1.319,0.070,2.692,5.710
2145,6.290,11.164,1560,5.422,7.999,8.878,10.883,14.136,14.979,1.368,0.076,2.650,7.070
2146,4.313,11.274,1560,5.422,7.999,8.878,10.883,14.136,14.978,1.309,0.068,2.653,7.244
2147,4.089,9.685,1562,5.421,7.999,8.878,10.882,14.136,14.978,1.296,0.067,2.612,5.709
2148,4.583,11.115,1562,5.421,7.998,8.878,10.882,14.136,14.978,2.696,0.066,2.626,5.728
2149,6.344,12.447,1564,5.421,7.998,8.877,10.883,14.136,14.978,1.746,0.067,3.010,7.624
2150,4.670,12.316,1564,5.421,7.997,8.877,10.884,14.136,14.978,1.653,0.070,4.203,6.389
2151,4.895,11.104,1564,5.421,7.997,8.877,10.884,14.136,14.978,1.646,0.067,3.009,6.382
2152,6.292,11.158,1555,5.421,7.996,8.877,10.884,14.136,14.978,1.764,0.067,2.976,6.352
2153,6.003,12.154,1555,5.421,7.996,8.877,10.884,14.135,14.978,1.520,0.068,2.974,7.592
2154,6.445,12.538,1561,5.422,7.996,8.877,10.885,14.135,14.978,1.548,0.067,4.505,6.419
2155,5.696,10.990,1561,5.422,7.995,8.877,10.885,14.135,14.978,1.514,0.072,3.004,6.400
2156,6.639,10.811,1561,5.423,7.995,8.876,10.885,14.135,14.978,1.383,0.067,2.993,6.367
2157,7.437,12.523,1563,5.423,7.994,8.876,10.886,14.135,14.977,1.499,0.069,3.062,7.892
2158,6.445,12.548,1563,5.424,7.994,8.876,10.887,14.135,14.977,1.505,0.073,3.114,7.856
2159,6.072,12.570,1563,5.424,7.993,8.876,10.888,14.135,14.977,1.574,0.079,4.407,6.509
2160,7.130,11.056,1554,5.425,7.993,8.876,10.888,14.135,14.977,1.506,0.065,3.030,6.456
2161,8.575,12.413,1554,5.427,8.001,8.876,10.888,14.135,14.977,1.605,0.067,3.028,7.713
2162,6.301,12.231,1543,5.427,8.001,8.876,10.889,14.134,14.977,1.459,0.066,2.997,7.709
2163,4.069,12.301,1543,5.426,8.000,8.875,10.890,14.134,14.977,1.487,0.073,4.312,6.429
2164,4.619,12.511,1532,5.426,8.000,8.875,10.890,14.133,14.977,1.592,0.074,3.487,7.358
2165,6.513,13.913,1532,5.426,7.999,8.875,10.892,14.133,14.977,3.001,0.066,3.486,7.360
2166,5.774,13.769,1521,5.427,7.999,8.875,10.893,14.132,14.977,1.574,0.074,3.470,8.651
2167,5.911,13.679,1521,5.427,7.999,8.875,10.894,14.132,14.977,1.510,0.082,3.468,8.620
2168,6.614,11.907,1507,5.427,7.998,8.875,10.895,14.131,14.976,1.568,0.066,3.274,7.000
2169,7.931,11.809,1514,5.429,7.998,8.875,10.895,14.130,14.976,1.450,0.065,3.300,6.994
2170,7.049,11.824,1514,5.429,7.997,8.874,10.896,14.130,14.976,1.471,0.072,3.302,6.979
2171,8.300,11.729,1514,5.431,8.002,8.874,10.896,14.129,14.976,1.350,0.062,3.301,7.016
2172,6.245,13.153,1514,5.431,8.002,8.874,10.897,14.129,14.976,1.462,0.070,3.306,8.316
2173,5.939,13.186,1514,5.431,8.002,8.874,10.898,14.128,14.976,1.440,0.065,3.330,8.351
2174,5.939,13.198,1514,5.431,8.002,8.874,10.899,14.128,14.976,1.429,0.085,3.330,8.355
2175,6.793,13.370,1514,5.432,8.002,8.874,10.900,14.127,14.976,1.496,0.094,4.704,7.077
2176,7.205,11.957,1514,5.433,8.002,8.874,10.901,14.127,14.976,1.524,0.063,3.297,7.073
2177,6.587,13.506,1623,5.433,8.002,8.873,10.902,14.126,14.976,1.545,0.063,3.387,8.511
2178,7.078,13.251,1623,5.434,8.001,8.873,10.903,14.125,14.976,1.461,0.065,3.370,8.356
2179,4.258,13.359,1625,5.434,8.001,8.873,10.904,14.125,14.975,1.436,0.064,3.384,8.475
2180,4.836,13.483,1625,5.433,8.001,8.873,10.905,14.124,14.975,1.480,0.071,4.690,7.241
2181,6.562,13.235,1618,5.434,8.001,8.873,10.907,14.124,14.975,1.435,0.074,4.603,7.123
2182,7.330,11.977,1618,5.435,8.001,8.873,10.907,14.124,14.975,1.430,0.064,3.363,7.119
2183,7.267,12.840,1587,5.436,8.000,8.873,10.908,14.124,14.975,1.383,0.077,3.273,8.106
2184,6.430,11.591,1587,5.436,8.000,8.872,10.908,14.124,14.975,1.347,0.073,3.304,6.868
2185,6.303,11.439,1582,5.436,7.999,8.872,10.908,14.124,14.975,1.386,0.064,3.228,6.761
2186,7.743,11.481,1589,5.437,7.999,8.872,10.909,14.124,14.975,1.322,0.080,3.256,6.823
2187,5.234,11.434,1589,5.437,7.999,8.872,10.909,14.124,14.975,1.313,0.063,3.232,6.826
2188,5.181,12.731,1591,5.437,7.998,8.872,10.910,14.124,14.975,1.353,0.064,3.222,8.092
2189,6.727,12.679,1591,5.438,7.998,8.872,10.911,14.124,14.975,1.337,0.065,3.235,8.041
2190,5.684,11.971,1584,5.438,7.997,8.872,10.911,14.124,14.974,1.311,0.093,4.293,6.274
2191,6.918,10.924,1584,5.439,7.997,8.871,10.911,14.124,14.974,1.612,0.077,2.985,6.250
2192,6.926,10.694,1579,5.439,7.996,8.871,10.911,14.124,14.974,1.425,0.065,2.999,6.204
2193,6.257,13.133,1579,5.440,7.996,8.871,10.912,14.123,14.974,2.646,0.064,3.022,7.400
2194,7.459,11.643,1583,5.441,7.996,8.871,10.912,14.123,14.974,1.307,0.071,4.225,6.039
2195,6.020,10.401,1583,5.441,7.995,8.871,10.912,14.123,14.974,1.326,0.064,3.016,5.994
2196,4.245,11.646,1583,5.440,7.995,8.871,10.912,14.123,14.974,1.305,0.064,2.969,7.309
2197,4.387,11.773,1583,5.440,7.994,8.871,10.913,14.123,14.974,1.332,0.065,3.009,7.366
2198,5.060,10.250,1572,5.440,7.994,8.870,10.913,14.123,14.974,1.289,0.064,2.955,5.942
2199,5.825,11.662,1572,5.440,7.993,8.870,10.913,14.123,14.974,2.689,0.062,2.942,5.969
2200,6.030,11.535,1574,5.440,7.993,8.870,10.913,14.123,14.974,1.336,0.065,2.904,7.230
2201,6.161,11.546,1574,5.440,7.993,8.870,10.913,14.123,14.973,1.337,0.076,4.118,6.014
2202,5.779,10.207,1574,5.441,7.992,8.869,10.913,14.123,14.973,1.276,0.064,2.889,5.978
2203,6.993,11.470,1574,5.441,7.992,8.868,10.913,14.123,14.973,1.280,0.064,2.873,7.252
2204,5.681,12.694,1565,5.441,7.992,8.867,10.914,14.123,14.972,1.575,0.068,3.258,7.793
2205,6.073,12.912,1565,5.442,7.992,8.866,10.915,14.123,14.972,1.593,0.076,4.621,6.622
2206,6.348,11.531,1567,5.442,7.992,8.865,10.915,14.123,14.972,1.582,0.065,3.269,6.614
2207,5.240,12.920,1567,5.442,7.992,8.864,10.916,14.123,14.971,1.651,0.063,3.221,7.985
2208,6.300,12.852,1562,5.442,7.992,8.863,10.917,14.122,14.971,1.563,0.071,3.174,8.045
2209,6.204,11.553,1562,5.443,7.992,8.862,10.917,14.122,14.970,1.696,0.077,3.155,6.625
2210,6.659,14.134,1568,5.443,7.991,8.861,10.919,14.124,14.970,1.516,0.078,5.965,6.574
2211,10.653,11.401,1568,5.446,7.997,8.883,10.919,14.124,14.970,1.512,0.072,3.200,6.617
2212,6.665,12.762,1568,5.446,7.996,8.883,10.920,14.124,14.969,1.523,0.063,3.220,7.957
2213,4.363,12.602,1568,5.446,7.996,8.883,10.921,14.123,14.969,1.543,0.066,3.188,7.805
2214,4.193,12.537,1557,5.445,7.996,8.883,10.921,14.123,14.969,1.469,0.071,4.440,6.557
2215,5.771,11.232,1557,5.445,7.995,8.882,10.922,14.123,14.968,1.471,0.069,3.185,6.507
2216,6.913,11.026,1559,5.446,7.995,8.882,10.922,14.123,14.968,1.298,0.064,3.141,6.523
2217,6.746,12.442,1559,5.447,7.994,8.882,10.922,14.123,14.967,1.434,0.075,3.158,7.775
2218,6.231,13.861,1559,5.447,7.994,8.882,10.924,14.123,14.967,1.652,0.065,3.496,8.649
2219,6.179,13.279,1559,5.447,7.993,8.882,10.925,14.123,14.967,1.459,0.069,4.709,7.042
2220,6.949,13.302,1559,5.448,7.993,8.882,10.926,14.123,14.966,1.507,0.073,4.708,7.014
2221,6.059,11.427,1537,5.448,7.993,8.882,10.926,14.123,14.966,1.441,0.064,3.288,6.634
2222,5.563,12.723,1537,5.448,7.992,8.881,10.927,14.123,14.966,1.467,0.064,3.264,7.928
2223,5.745,12.710,1519,5.448,7.992,8.881,10.928,14.123,14.965,1.415,0.071,3.269,7.955
2224,6.535,12.619,1519,5.449,7.992,8.881,10.928,14.123,14.965,1.406,0.095,4.475,6.644
2225,6.439,11.522,1514,5.449,7.992,8.881,10.929,14.123,14.964,1.502,0.070,3.245,6.705
2226,7.417,12.906,1514,5.450,7.992,8.881,10.929,14.123,14.964,2.862,0.066,3.256,6.723
2227,6.110,12.720,1514,5.450,7.992,8.881,10.930,14.123,14.964,1.447,0.066,3.250,7.958
2228,8.388,12.661,1514,5.452,7.998,8.881,10.931,14.122,14.963,1.442,0.067,3.254,7.898
2229,5.667,12.666,1514,5.452,7.998,8.880,10.932,14.122,14.963,1.415,0.072,4.519,6.660
2230,4.469,11.369,1514,5.451,7.997,8.880,10.932,14.122,14.962,1.407,0.065,3.251,6.647
2231,6.536,12.813,1514,5.452,7.997,8.880,10.933,14.122,14.962,2.817,0.069,3.250,6.676
2232,5.936,11.360,1514,5.452,7.996,8.880,10.933,14.122,14.962,1.385,0.066,3.248,6.661
2233,6.572,14.062,1632,5.453,7.996,8.880,10.934,14.122,14.961,1.464,0.066,3.278,9.254
2234,6.219,12.919,1625,5.453,7.996,8.880,10.935,14.122,14.961,1.464,0.071,4.520,6.863
2235,6.546,11.698,1625,5.453,7.995,8.880,10.936,14.122,14.961,1.452,0.064,3.306,6.876
2236,6.403,13.079,1625,5.454,7.995,8.879,10.937,14.121,14.960,2.883,0.063,3.268,6.864
2237,7.000,12.735,1627,5.455,7.994,8.879,10.937,14.121,14.960,1.420,0.068,3.244,8.003
2238,6.452,12.795,1627,5.455,7.994,8.879,10.938,14.121,14.959,1.458,0.066,3.256,8.015
2239,6.098,11.834,1596,5.455,7.993,8.879,10.939,14.121,14.959,1.314,0.075,4.161,6.284
2240,6.926,10.604,1596,5.456,7.993,8.879,10.939,14.121,14.959,1.275,0.076,2.965,6.289
2241,7.532,11.819,1587,5.457,7.993,8.879,10.939,14.121,14.958,1.364,0.075,2.930,7.449
2242,5.756,11.635,1587,5.457,7.992,8.878,10.939,14.121,14.958,1.265,0.065,2.950,7.355
2243,7.409,10.377,1591,5.458,7.992,8.878,10.939,14.120,14.958,1.269,0.066,2.922,6.121
2244,7.552,11.736,1591,5.459,7.992,8.878,10.939,14.120,14.957,2.607,0.065,2.913,6.150
2245,4.263,11.720,1591,5.458,7.992,8.878,10.940,14.120,14.957,1.273,0.067,2.912,7.468
2246,4.090,11.445,1584,5.458,7.992,8.878,10.940,14.120,14.956,1.265,0.075,4.074,6.030
2247,4.808,10.182,1584,5.457,7.992,8.878,10.940,14.119,14.956,1.259,0.071,2.852,6.000
2248,6.347,11.562,1588,5.458,7.992,8.878,10.940,14.119,14.956,1.245,0.065,2.847,7.405
2249,5.719,11.929,1588,5.458,7.992,8.877,10.940,14.119,14.955,1.264,0.066,2.873,7.726
2250,5.493,10.151,1588,5.458,7.991,8.877,10.940,14.119,14.955,1.242,0.081,2.844,5.984
2251,6.560,11.538,1590,5.458,7.991,8.877,10.940,14.118,14.955,2.730,0.066,2.803,5.939
2252,6.914,10.045,1590,5.459,7.991,8.877,10.940,14.118,14.954,1.268,0.065,2.799,5.913
2253,5.444,12.977,1594,5.459,7.991,8.877,10.941,14.118,14.954,1.335,0.074,3.824,7.744
2254,6.091,9.837,1594,5.459,7.991,8.877,10.940,14.117,14.953,1.279,0.069,2.716,5.773
2255,4.848,11.075,1594,5.459,7.991,8.877,10.940,14.117,14.953,1.270,0.066,2.729,7.010
2256,4.679,10.896,1594,5.459,7.991,8.876,10.940,14.117,14.953,1.274,0.077,3.878,5.667
2257,4.792,9.758,1594,5.458,7.991,8.876,10.940,14.117,14.952,1.285,0.084,2.711,5.677
2258,5.679,10.829,1574,5.459,7.990,8.876,10.940,14.116,14.952,1.346,0.068,2.643,6.773
2259,4.904,10.865,1574,5.458,7.990,8.876,10.940,14.116,14.952,1.326,0.083,3.913,5.542
2260,5.965,9.738,1574,5.459,7.990,8.876,10.939,14.116,14.951,1.462,0.073,2.621,5.582
2261,6.210,11.973,1567,5.459,7.990,8.876,10.940,14.116,14.951,1.726,0.072,2.859,7.316
2262,8.048,11.731,1567,5.460,7.992,8.876,10.940,14.115,14.950,1.625,0.067,2.886,7.154
2263,5.521,11.663,1567,5.460,7.992,8.875,10.940,14.115,14.950,1.617,0.077,4.018,5.951
2264,6.309,10.480,1569,5.460,7.992,8.875,10.940,14.115,14.950,1.576,0.069,2.842,5.993
2265,4.279,11.721,1569,5.460,7.992,8.875,10.940,14.115,14.949,1.594,0.067,2.835,7.224
2266,4.097,11.627,1577,5.459,7.992,8.875,10.941,14.114,14.949,1.518,0.067,3.968,6.074
2267,4.107,10.467,1577,5.459,7.992,8.875,10.941,14.114,14.949,1.520,0.066,2.848,6.034
2268,5.799,11.762,1577,5.459,7.992,8.875,10.941,14.114,14.948,2.833,0.074,2.823,6.032
2269,4.758,11.610,1568,5.459,7.992,8.875,10.941,14.114,14.948,1.512,0.069,2.805,7.225
2270,5.566,11.481,1568,5.459,7.991,8.874,10.941,14.114,14.947,1.487,0.074,3.966,5.953
2271,5.415,10.419,1570,5.459,7.991,8.874,10.941,14.113,14.947,1.489,0.066,2.853,6.011
2272,7.173,10.433,1570,5.459,7.991,8.874,10.941,14.113,14.947,1.510,0.067,2.838,6.018
2273,4.918,11.709,1570,5.459,7.991,8.874,10.941,14.113,14.946,1.526,0.071,4.106,6.006
2274,5.282,10.240,1559,5.459,7.991,8.874,10.941,14.113,14.946,1.488,0.066,2.802,5.884
2275,6.206,11.621,1559,5.459,7.991,8.874,10.941,14.112,14.945,1.564,0.067,2.813,7.176
2276,6.172,11.532,1559,5.460,7.991,8.874,10.942,14.112,14.945,1.596,0.073,2.788,7.074
2277,5.373,10.316,1559,5.460,7.991,8.873,10.941,14.112,14.945,1.547,0.081,2.784,5.903
2278,5.831,10.353,1559,5.460,7.990,8.873,10.941,14.112,14.944,1.622,0.068,2.785,5.878
2279,6.926,11.987,1528,5.460,7.990,8.873,10.941,14.111,14.944,1.589,0.066,3.100,7.232
2280,6.099,12.002,1528,5.461,7.990,8.873,10.942,14.111,14.944,1.604,0.070,3.122,7.206
2281,4.191,9.978,1517,5.460,7.990,8.873,10.942,14.111,14.943,1.525,0.066,2.849,5.538
2282,4.524,11.282,1517,5.460,7.990,8.873,10.942,14.111,14.943,2.762,0.065,2.890,5.566
2283,4.490,11.568,1517,5.459,7.990,8.873,10.942,14.111,14.942,1.522,0.069,2.864,7.113
2284,5.638,11.510,1521,5.459,7.990,8.872,10.942,14.111,14.942,1.501,0.074,4.197,5.738
2285,5.948,10.162,1521,5.460,7.989,8.872,10.942,14.111,14.942,1.497,0.066,2.884,5.715
2286,6.054,11.525,1521,5.460,7.989,8.872,10.942,14.111,14.941,1.503,0.066,2.898,7.057
2287,5.150,11.321,1521,5.460,7.989,8.872,10.942,14.110,14.941,1.447,0.073,4.069,5.732
2288,5.200,10.117,1521,5.460,7.989,8.872,10.942,14.110,14.941,1.458,0.065,2.876,5.719
2289,6.348,11.582,1521,5.460,7.989,8.872,10.942,14.110,14.940,1.468,0.065,2.881,7.167
2290,5.213,10.143,1521,5.460,7.989,8.872,10.942,14.110,14.940,1.438,0.066,2.882,5.757
2291,4.830,11.627,1510,5.460,7.989,8.871,10.942,14.110,14.939,1.421,0.073,2.895,7.238
2292,6.706,11.238,1510,5.460,7.988,8.871,10.942,14.110,14.939,2.599,0.070,2.869,5.701
2293,5.577,11.398,1510,5.460,7.988,8.871,10.942,14.110,14.939,1.489,0.070,2.852,6.987
2294,5.261,11.587,1628,5.460,7.988,8.871,10.943,14.110,14.938,1.443,0.079,4.264,5.801
2295,5.658,10.267,1628,5.460,7.988,8.871,10.942,14.110,14.938,1.513,0.070,2.932,5.752
2296,6.942,11.306,1621,5.461,7.988,8.871,10.943,14.110,14.938,1.423,0.067,2.927,6.889
2297,7.534,11.387,1621,5.462,7.988,8.871,10.943,14.109,14.937,1.403,0.067,4.188,5.729
2298,6.231,10.189,1621,5.462,7.987,8.870,10.942,14.109,14.937,1.463,0.076,2.903,5.746
2299,5.130,11.589,1623,5.462,7.987,8.870,10.943,14.109,14.936,1.472,0.064,2.901,7.151
2300,4.231,11.573,1623,5.461,7.987,8.870,10.943,14.109,14.936,1.410,0.074,2.901,7.188
2301,4.777,11.363,1623,5.461,7.987,8.870,10.943,14.109,14.936,1.404,0.071,4.079,5.808
2302,5.343,10.253,1623,5.461,7.987,8.869,10.943,14.109,14.935,1.463,0.064,2.897,5.829
2303,6.271,10.529,1614,5.461,7.986,8.868,10.943,14.109,14.935,1.287,0.076,2.673,6.492
2304,4.862,11.178,1609,5.461,7.986,8.867,10.943,14.108,14.934,1.322,0.074,4.201,5.581
2305,5.066,9.794,1609,5.461,7.985,8.866,10.942,14.108,14.934,1.302,0.065,2.852,5.575
2306,6.414,11.010,1609,5.461,7.985,8.865,10.942,14.108,14.934,1.315,0.064,2.837,6.793
2307,5.309,10.945,1606,5.461,7.984,8.864,10.942,14.108,14.933,1.304,0.072,3.998,5.571
2308,4.722,9.817,1606,5.461,7.984,8.863,10.942,14.108,14.933,1.348,0.065,2.836,5.567
2309,5.358,10.888,1597,5.461,7.983,8.862,10.942,14.107,14.932,1.351,0.065,2.806,6.666
2310,4.729,10.875,1597,5.461,7.983,8.861,10.942,14.107,14.932,1.380,0.071,3.998,5.426
2311,5.476,9.664,1604,5.461,7.982,8.861,10.941,14.107,14.932,1.388,0.063,2.801,5.412
2312,5.603,10.870,1604,5.461,7.982,8.860,10.941,14.107,14.931,1.343,0.065,2.809,6.653
2313,5.479,11.111,1601,5.461,7.981,8.859,10.941,14.106,14.931,1.422,0.100,4.181,5.408
2314,5.591,9.800,1601,5.461,7.981,8.858,10.941,14.106,14.931,1.568,0.070,2.796,5.367
2315,5.347,10.926,1601,5.461,7.981,8.857,10.941,14.106,14.930,1.417,0.065,2.813,6.632
2316,9.582,10.796,1603,5.463,7.988,8.882,10.941,14.106,14.930,1.386,0.071,3.934,5.405
2317,7.395,9.588,1603,5.463,7.988,8.882,10.940,14.105,14.929,1.399,0.065,2.771,5.353
2318,4.526,10.041,1594,5.463,7.987,8.882,10.940,14.105,14.929,1.304,0.065,2.510,6.161
2319,4.110,10.095,1594,5.462,7.987,8.882,10.939,14.105,14.929,1.324,0.073,3.712,4.986
2320,4.114,8.773,1565,5.462,7.987,8.882,10.938,14.105,14.928,1.298,0.066,2.486,4.921
2321,4.814,10.533,1565,5.461,7.987,8.882,10.938,14.105,14.928,1.321,0.069,2.515,6.628
2322,4.819,8.767,1565,5.461,7.987,8.881,10.937,14.104,14.927,1.298,0.068,2.487,4.915
2323,4.558,10.000,1565,5.461,7.986,8.881,10.937,14.104,14.927,1.342,0.064,2.482,6.111
2324,5.544,8.678,1565,5.461,7.986,8.881,10.936,14.104,14.927,1.264,0.066,2.462,4.886
2325,4.710,8.769,1565,5.461,7.985,8.881,10.935,14.104,14.926,1.352,0.065,2.481,4.871
2326,5.493,11.143,1560,5.461,7.985,8.881,10.935,14.104,14.926,1.660,0.065,2.785,6.633
2327,4.667,11.022,1560,5.460,7.984,8.881,10.935,14.104,14.925,1.673,0.070,3.952,5.327
2328,4.564,9.829,1560,5.460,7.984,8.881,10.935,14.104,14.925,1.655,0.066,2.792,5.316
2329,5.197,11.114,1564,5.460,7.983,8.880,10.935,14.103,14.925,1.650,0.065,2.778,6.620
2330,4.464,11.053,1564,5.459,7.983,8.880,10.935,14.103,14.924,1.636,0.069,4.017,5.331
2331,4.924,9.873,1570,5.459,7.982,8.880,10.934,14.103,14.924,1.613,0.065,2.803,5.392
2332,5.640,11.264,1570,5.459,7.982,8.880,10.935,14.103,14.923,1.757,0.068,2.790,6.650
2333,4.896,11.312,1570,5.459,7.981,8.880,10.935,14.103,14.923,1.660,0.078,4.183,5.391
2334,5.151,10.072,1559,5.459,7.981,8.880,10.934,14.103,14.923,1.611,0.068,2.880,5.514
2335,7.167,11.394,1559,5.459,7.981,8.880,10.935,14.103,14.922,1.676,0.064,2.838,6.815
2336,6.776,11.444,1559,5.460,7.980,8.879,10.935,14.102,14.922,1.723,0.065,2.871,6.785
2337,4.059,9.368,1548,5.459,7.980,8.879,10.934,14.102,14.921,1.538,0.065,2.612,5.153
2338,4.632,10.743,1548,5.459,7.979,8.879,10.934,14.102,14.921,2.906,0.064,2.625,5.149
2339,5.812,11.040,1548,5.459,7.979,8.879,10.934,14.102,14.921,1.654,0.067,2.800,6.519
2340,4.359,9.843,1548,5.459,7.978,8.879,10.934,14.102,14.920,1.646,0.073,2.790,5.334
2341,4.997,11.129,1548,5.459,7.978,8.879,10.934,14.102,14.920,2.969,0.066,2.791,5.303
2342,6.697,11.031,1548,5.459,7.978,8.878,10.934,14.102,14.919,1.604,0.070,2.818,6.540
2343,4.622,9.840,1548,5.459,7.977,8.878,10.933,14.102,14.919,1.668,0.073,2.805,5.294
2344,5.518,9.764,1548,5.459,7.977,8.878,10.933,14.101,14.919,1.573,0.066,2.810,5.315
2345,6.326,10.937,1548,5.459,7.977,8.878,10.933,14.101,14.918,1.645,0.065,2.794,6.433
2346,4.716,9.623,1548,5.459,7.976,8.878,10.932,14.101,14.918,1.494,0.066,2.781,5.284
2347,4.470,10.881,1550,5.458,7.976,8.878,10.932,14.101,14.918,1.649,0.068,3.152,6.012
2348,5.849,12.181,1550,5.459,7.976,8.878,10.933,14.101,14.917,1.647,0.066,3.185,7.282
2349,5.010,10.877,1550,5.458,7.976,8.877,10.933,14.101,14.917,1.605,0.065,3.179,6.027
2350,5.707,10.257,1532,5.458,7.975,8.877,10.932,14.101,14.916,1.473,0.086,2.953,5.745
2351,4.951,11.569,1532,5.458,7.975,8.877,10.933,14.100,14.916,2.815,0.070,2.960,5.725
2352,4.204,11.749,1510,5.458,7.975,8.877,10.933,14.100,14.916,1.433,0.067,3.086,7.163
2353,4.085,11.773,1510,5.457,7.975,8.877,10.933,14.100,14.915,1.438,0.068,4.341,5.926
2354,5.853,10.518,1510,5.457,7.974,8.877,10.933,14.100,14.915,1.451,0.067,3.069,5.931
2355,5.426,11.832,1510,5.457,7.974,8.877,10.934,14.100,14.914,2.745,0.065,3.091,5.931
2356,6.013,11.764,1501,5.458,7.974,8.876,10.934,14.100,14.914,1.412,0.067,3.102,7.182
2357,4.467,11.910,1608,5.457,7.974,8.876,10.934,14.100,14.914,1.437,0.070,4.408,5.996
2358,4.431,10.630,1608,5.457,7.973,8.876,10.934,14.099,14.913,1.415,0.068,3.135,6.011
2359,6.704,11.965,1608,5.457,7.973,8.876,10.935,14.099,14.913,1.469,0.067,3.120,7.310
2360,6.095,11.914,1612,5.457,7.973,8.876,10.935,14.099,14.912,1.491,0.067,3.101,7.256
2361,6.005,11.942,1612,5.458,7.973,8.876,10.935,14.099,14.912,1.538,0.071,4.282,6.051
2362,6.519,10.786,1607,5.458,7.972,8.876,10.935,14.099,14.912,1.555,0.069,3.103,6.059
2363,7.322,12.087,1607,5.459,7.971,8.875,10.936,14.099,14.911,1.517,0.067,3.110,7.393
2364,5.623,12.446,1607,5.459,7.970,8.875,10.937,14.099,14.911,1.520,0.066,3.129,7.730
2365,7.105,9.786,1589,5.460,7.969,8.875,10.936,14.099,14.910,1.375,0.080,2.838,5.493
2366,6.403,9.829,1589,5.460,7.968,8.875,10.936,14.099,14.910,1.395,0.070,2.874,5.491
2367,6.210,10.840,1591,5.460,7.967,8.875,10.936,14.099,14.910,1.340,0.067,2.828,6.605
2368,6.288,11.172,1591,5.461,7.966,8.875,10.936,14.099,14.909,1.397,0.081,4.219,5.475
2369,5.571,9.822,1591,5.461,7.965,8.875,10.935,14.098,14.909,1.477,0.086,2.839,5.420
2370,5.848,9.763,1591,5.461,7.965,8.874,10.935,14.098,14.908,1.449,0.067,2.825,5.422
2371,5.647,12.271,1591,5.461,7.964,8.874,10.935,14.098,14.908,1.362,0.071,3.969,6.868
2372,5.903,9.674,1595,5.461,7.963,8.874,10.935,14.098,14.908,1.329,0.078,2.812,5.454
2373,4.659,10.842,1595,5.461,7.962,8.874,10.935,14.098,14.907,1.347,0.066,2.830,6.600
2374,4.755,10.906,1595,5.461,7.961,8.874,10.935,14.098,14.907,1.396,0.070,4.010,5.430
2375,4.107,9.562,1595,5.460,7.960,8.874,10.934,14.098,14.906,1.338,0.069,2.804,5.350
2376,5.011,10.892,1595,5.460,7.959,8.874,10.934,14.098,14.906,1.342,0.069,2.792,6.689
2377,4.547,9.504,1597,5.459,7.958,8.873,10.933,14.098,14.906,1.323,0.067,2.783,5.331
2378,4.695,9.502,1597,5.459,7.958,8.873,10.933,14.098,14.905,1.323,0.074,2.774,5.331
2379,6.461,10.774,1597,5.460,7.957,8.873,10.933,14.098,14.905,1.302,0.066,2.784,6.622
2380,4.725,10.505,1592,5.459,7.956,8.873,10.933,14.098,14.905,1.338,0.070,3.797,5.299
2381,5.200,9.493,1592,5.459,7.955,8.873,10.932,14.097,14.904,1.343,0.069,2.749,5.333
2382,5.979,10.644,1592,5.459,7.955,8.873,10.932,14.097,14.904,1.296,0.071,2.757,6.519
2383,5.051,9.502,1596,5.459,7.955,8.873,10.931,14.097,14.903,1.352,0.077,2.724,5.349
2384,5.391,9.323,1596,5.459,7.955,8.872,10.931,14.097,14.903,1.175,0.070,2.727,5.351
2385,5.848,10.829,1596,5.459,7.955,8.872,10.931,14.097,14.903,1.420,0.068,2.734,6.607
2386,4.476,8.754,1585,5.459,7.955,8.872,10.930,14.097,14.902,1.272,0.069,2.519,4.894
2387,4.563,10.119,1585,5.459,7.955,8.872,10.929,14.097,14.902,2.645,0.065,2.485,4.924
2388,5.952,11.058,1580,5.459,7.955,8.872,10.929,14.097,14.901,1.337,0.070,2.796,6.855
2389,4.652,9.751,1580,5.458,7.955,8.872,10.929,14.097,14.901,1.651,0.072,2.764,5.264
2390,13.986,9.726,1580,5.462,7.965,8.885,10.928,14.097,14.901,1.313,0.081,2.296,6.036
2391,8.294,9.328,1580,5.463,7.975,8.885,10.928,14.097,14.900,1.184,0.084,3.452,4.608
2392,5.121,8.205,1580,5.463,7.975,8.885,10.927,14.097,14.900,1.200,0.097,2.305,4.604
2393,5.815,9.572,1580,5.463,7.975,8.885,10.926,14.097,14.899,1.232,0.081,2.319,5.939
2394,3.821,8.137,1580,5.463,7.974,8.885,10.925,14.097,14.899,1.159,0.077,2.297,4.604
2395,3.584,9.447,1580,5.462,7.974,8.885,10.924,14.097,14.899,1.191,0.081,2.309,5.866
2396,4.681,8.211,1580,5.461,7.974,8.885,10.923,14.096,14.898,1.187,0.099,2.310,4.614
2397,3.570,9.710,1580,5.461,7.974,8.885,10.923,14.096,14.898,2.702,0.090,2.305,4.613
2398,4.317,9.275,1580,5.460,7.973,8.885,10.922,14.096,14.897,1.150,0.090,3.432,4.603
2399,3.591,8.193,1580,5.459,7.973,8.885,10.921,14.096,14.897,1.184,0.078,2.290,4.642
2400,3.682,9.240,1580,5.459,7.973,8.884,10.920,14.096,14.897,1.192,0.086,2.306,5.655
2401,3.865,8.203,1580,5.458,7.973,8.884,10.919,14.096,14.896,1.218,0.078,2.301,4.606
2402,3.723,9.404,1580,5.457,7.972,8.884,10.918,14.096,14.896,1.207,0.086,2.310,5.801
2403,4.499,8.203,1580,5.457,7.971,8.884,10.917,14.096,14.895,1.188,0.095,2.306,4.614
2404,4.174,9.392,1580,5.456,7.970,8.884,10.917,14.096,14.895,2.395,0.079,2.305,4.613
2405,4.299,9.275,1580,5.456,7.969,8.884,10.916,14.096,14.894,1.185,0.083,3.397,4.611
2406,3.878,8.188,1580,5.455,7.968,8.884,10.915,14.095,14.894,1.155,0.099,2.317,4.617
2407,4.068,9.311,1580,5.455,7.967,8.884,10.914,14.095,14.893,1.193,0.089,2.311,5.718
2408,3.979,8.243,1580,5.454,7.966,8.883,10.913,14.095,14.893,1.205,0.088,2.306,4.644
2409,3.942,9.347,1580,5.453,7.965,8.883,10.912,14.095,14.892,1.184,0.081,2.295,5.788
2410,4.394,8.192,1580,5.453,7.965,8.883,10.911,14.095,14.892,1.177,0.100,2.302,4.612
2411,4.030,9.630,1580,5.452,7.964,8.883,10.911,14.095,14.891,2.649,0.079,2.303,4.600
2412,4.556,9.643,1580,5.452,7.963,8.883,10.910,14.095,14.891,1.270,0.098,3.673,4.602
2413,4.106,8.272,1580,5.451,7.962,8.883,10.909,14.095,14.890,1.272,0.080,2.320,4.601
2414,5.167,9.315,1580,5.451,7.961,8.883,10.908,14.094,14.890,1.222,0.080,2.300,5.713
2415,6.244,8.191,1580,5.452,7.960,8.882,10.907,14.094,14.889,1.192,0.076,2.305,4.618
2416,3.800,9.499,1580,5.451,7.959,8.882,10.907,14.094,14.889,1.242,0.085,2.308,5.864
2417,4.693,9.334,1580,5.451,7.958,8.882,10.906,14.094,14.888,1.198,0.085,3.409,4.642
2418,3.507,8.269,1580,5.450,7.958,8.882,10.905,14.094,14.888,1.286,0.082,2.299,4.603
2419,3.831,9.307,1580,5.449,7.957,8.882,10.904,14.094,14.887,1.203,0.079,2.300,5.724
2420,3.658,8.169,1580,5.448,7.956,8.882,10.903,14.094,14.887,1.175,0.080,2.314,4.601
2421,3.535,9.277,1580,5.448,7.955,8.882,10.902,14.094,14.886,1.211,0.081,2.302,5.683
2422,3.919,8.257,1580,5.447,7.955,8.881,10.901,14.093,14.886,1.257,0.078,2.305,4.617
2423,3.647,8.280,1580,5.446,7.955,8.881,10.900,14.093,14.885,1.286,0.078,2.307,4.609
2424,4.545,10.709,1580,5.446,7.955,8.881,10.900,14.092,14.885,1.199,0.089,3.368,6.052
2425,3.918,8.209,1580,5.445,7.955,8.881,10.899,14.092,14.884,1.223,0.078,2.299,4.609
2426,4.093,8.254,1580,5.445,7.955,8.881,10.898,14.091,14.884,1.245,0.075,2.307,4.627
2427,4.912,8.134,1580,5.444,7.955,8.881,10.897,14.091,14.883,1.173,0.076,2.286,4.599
2428,3.590,9.372,1580,5.444,7.955,8.881,10.896,14.091,14.883,1.188,0.081,2.294,5.810
2429,3.960,8.230,1580,5.443,7.955,8.880,10.895,14.090,14.882,1.205,0.097,2.317,4.612
2430,3.999,9.693,1580,5.442,7.955,8.880,10.895,14.090,14.882,1.250,0.081,2.299,6.063
2431,4.481,9.313,1580,5.442,7.955,8.880,10.894,14.089,14.881,1.213,0.083,3.415,4.602
2432,3.660,8.215,1580,5.441,7.955,8.880,10.893,14.089,14.881,1.232,0.080,2.297,4.606
2433,3.771,9.448,1571,5.441,7.955,8.880,10.892,14.089,14.880,1.288,0.131,2.299,5.730
2434,3.719,8.355,1571,5.440,7.955,8.880,10.891,14.088,14.880,1.365,0.089,2.284,4.616
2435,3.790,9.723,1571,5.439,7.955,8.880,10.891,14.088,14.879,1.414,0.088,2.322,5.899
2436,4.642,9.394,1571,5.439,7.955,8.879,10.890,14.087,14.879,1.292,0.085,3.429,4.588
2437,5.301,8.281,1571,5.439,7.955,8.879,10.889,14.087,14.878,1.302,0.076,2.285,4.618
2438,6.083,9.493,1571,5.439,7.955,8.879,10.888,14.086,14.878,1.307,0.079,2.299,5.809
2439,3.584,8.273,1571,5.438,7.955,8.879,10.887,14.086,14.877,1.313,0.079,2.294,4.588
2440,3.705,9.409,1571,5.438,7.955,8.879,10.887,14.086,14.877,1.289,0.079,2.298,5.742
2441,4.017,8.289,1571,5.437,7.955,8.879,10.886,14.085,14.876,1.306,0.077,2.291,4.614
2442,3.611,9.529,1571,5.436,7.955,8.878,10.885,14.085,14.876,1.350,0.081,2.308,5.791
2443,4.176,9.432,1571,5.436,7.955,8.878,10.885,14.085,14.875,1.304,0.087,3.435,4.607
2444,4.000,8.298,1571,5.435,7.955,8.878,10.884,14.085,14.875,1.317,0.080,2.312,4.589
2445,3.948,9.495,1571,5.435,7.955,8.878,10.883,14.085,14.874,1.297,0.081,2.301,5.816
2446,4.406,8.229,1571,5.434,7.955,8.878,10.882,14.085,14.874,1.258,0.081,2.298,4.593
2447,4.224,8.267,1571,5.434,7.955,8.878,10.881,14.085,14.873,1.277,0.077,2.293,4.621
2448,5.110,9.626,1571,5.434,7.955,8.878,10.880,14.085,14.873,1.314,0.096,2.293,5.922
2449,3.936,8.122,1571,5.433,7.955,8.877,10.879,14.085,14.872,1.120,0.098,2.303,4.600
2450,3.770,9.386,1571,5.432,7.955,8.877,10.879,14.085,14.872,1.289,0.086,3.413,4.598
2451,4.278,8.287,1571,5.432,7.955,8.877,10.878,14.085,14.871,1.306,0.076,2.300,4.606
2452,3.794,9.340,1571,5.431,7.955,8.877,10.877,14.085,14.871,1.272,0.079,2.289,5.700
2453,3.578,8.346,1571,5.430,7.954,8.877,10.876,14.085,14.870,1.364,0.076,2.296,4.609
2454,3.852,9.485,1571,5.430,7.954,8.877,10.875,14.085,14.870,1.321,0.083,2.296,5.785
2455,4.638,9.763,1571,5.429,7.954,8.877,10.875,14.085,14.869,1.418,0.159,3.584,4.602
2456,4.032,8.339,1571,5.429,7.954,8.876,10.874,14.085,14.869,1.352,0.080,2.286,4.621
2457,4.498,9.662,1571,5.428,7.954,8.876,10.873,14.085,14.868,1.293,0.078,2.318,5.973
2458,8.788,8.269,1571,5.430,7.955,8.876,10.872,14.085,14.868,1.288,0.077,2.292,4.612
2459,5.204,9.482,1571,5.430,7.955,8.876,10.872,14.085,14.867,1.301,0.082,2.292,5.807
2460,4.165,8.296,1571,5.429,7.955,8.876,10.871,14.085,14.867,1.307,0.093,2.296,4.599
2461,3.572,9.368,1571,5.428,7.955,8.876,10.870,14.085,14.866,2.400,0.076,2.296,4.596
2462,4.236,9.359,1571,5.428,7.955,8.876,10.869,14.084,14.866,1.306,0.081,3.363,4.608
2463,3.784,8.277,1571,5.427,7.955,8.875,10.868,14.084,14.865,1.292,0.078,2.288,4.620
2464,4.024,9.411,1571,5.427,7.955,8.875,10.868,14.084,14.865,1.280,0.091,2.294,5.746
2465,3.944,8.322,1571,5.426,7.955,8.875,10.867,14.084,14.864,1.357,0.078,2.291,4.595
2466,4.203,9.532,1571,5.426,7.955,8.875,10.866,14.084,14.864,1.312,0.080,2.302,5.838
2467,5.495,8.274,1571,5.426,7.955,8.875,10.865,14.084,14.863,1.298,0.096,2.288,4.592
2468,3.561,8.254,1571,5.425,7.955,8.875,10.864,14.084,14.863,1.272,0.076,2.305,4.600
2469,4.602,9.704,1571,5.425,7.955,8.875,10.864,14.084,14.862,1.284,0.099,3.725,4.596
2470,3.778,8.317,1571,5.424,7.955,8.874,10.863,14.084,14.862,1.308,0.078,2.291,4.640
2471,3.817,9.363,1571,5.423,7.955,8.874,10.862,14.083,14.861,1.310,0.078,2.298,5.677
2472,5.488,8.255,1571,5.423,7.955,8.874,10.861,14.083,14.861,1.288,0.076,2.288,4.603
2473,3.583,9.432,1571,5.423,7.954,8.874,10.860,14.083,14.860,1.356,0.094,2.306,5.675
2474,4.367,9.331,1571,5.422,7.954,8.874,10.860,14.083,14.860,1.303,0.082,3.337,4.610
2475,3.795,8.282,1571,5.421,7.954,8.874,10.859,14.083,14.859,1.305,0.076,2.301,4.600
2476,3.933,9.290,1571,5.421,7.954,8.874,10.858,14.083,14.859,1.288,0.083,2.293,5.627
2477,4.375,8.321,1571,5.420,7.954,8.873,10.857,14.083,14.858,1.301,0.099,2.337,4.585
2478,3.931,8.350,1571,5.420,7.954,8.873,10.856,14.083,14.858,1.353,0.096,2.300,4.601
2479,3.686,8.301,1571,5.419,7.954,8.873,10.855,14.083,14.857,1.315,0.087,2.294,4.605
2480,4.993,9.573,1571,5.419,7.954,8.873,10.854,14.083,14.857,1.331,0.093,2.297,5.852
2481,5.273,9.480,1571,5.419,7.954,8.873,10.854,14.082,14.856,1.351,0.082,3.426,4.621
2482,5.487,8.288,1571,5.419,7.954,8.873,10.853,14.082,14.856,1.290,0.097,2.308,4.593
2483,3.867,9.697,1571,5.418,7.954,8.873,10.852,14.082,14.855,1.311,0.077,2.300,6.009
2484,3.646,8.364,1571,5.418,7.953,8.872,10.851,14.082,14.855,1.367,0.076,2.311,4.610
2485,3.743,9.505,1555,5.417,7.953,8.872,10.851,14.082,14.854,1.307,0.081,2.322,5.795
2486,4.366,8.348,1555,5.417,7.953,8.872,10.850,14.082,14.854,1.298,0.090,2.325,4.634
2487,3.624,8.207,1555,5.416,7.952,8.872,10.849,14.081,14.853,1.148,0.076,2.324,4.659
2488,4.343,8.941,1546,5.415,7.952,8.872,10.848,14.081,14.853,1.316,0.085,3.282,4.257
2489,4.798,7.703,1546,5.415,7.952,8.872,10.847,14.081,14.852,1.283,0.088,2.108,4.225
2490,3.898,9.496,1546,5.415,7.951,8.872,10.846,14.081,14.852,1.259,0.083,2.119,6.035
2491,4.023,7.722,1548,5.414,7.951,8.871,10.845,14.081,14.851,1.295,0.075,2.106,4.246
2492,3.861,8.816,1548,5.413,7.951,8.871,10.844,14.081,14.851,1.274,0.080,2.125,5.337
2493,5.402,7.704,1548,5.413,7.950,8.871,10.843,14.080,14.850,1.264,0.085,2.111,4.244
2494,3.706,8.844,1548,5.413,7.950,8.871,10.842,14.080,14.850,1.323,0.091,2.103,5.327
2495,4.110,8.756,1548,5.412,7.950,8.871,10.841,14.080,14.849,1.319,0.089,2.524,4.824
2496,3.683,8.565,1548,5.411,7.949,8.871,10.840,14.080,14.849,1.126,0.074,2.515,4.849
2497,4.346,10.073,1548,5.411,7.949,8.871,10.840,14.080,14.848,1.350,0.081,2.512,6.130
2498,3.610,8.765,1548,5.410,7.949,8.870,10.839,14.080,14.848,1.336,0.079,2.523,4.827
2499,3.786,9.954,1548,5.410,7.948,8.870,10.839,14.079,14.847,1.309,0.080,2.524,6.041
2500,4.480,10.031,1548,5.409,7.948,8.870,10.839,14.079,14.847,1.328,0.101,3.803,4.799
2501,3.870,8.929,1541,5.409,7.948,8.870,10.838,14.079,14.846,1.437,0.121,2.521,4.852
2502,4.774,10.105,1541,5.408,7.947,8.869,10.837,14.079,14.846,1.470,0.077,2.532,6.026
2503,5.496,8.781,1541,5.408,7.947,8.868,10.837,14.079,14.846,1.330,0.075,2.538,4.837
2504,5.482,9.778,1530,5.408,7.946,8.868,10.836,14.078,14.846,1.375,0.078,2.485,5.840
2505,4.633,9.665,1530,5.408,7.946,8.867,10.836,14.078,14.846,1.295,0.084,3.520,4.766
2506,3.933,8.636,1530,5.408,7.945,8.866,10.835,14.078,14.846,1.305,0.074,2.491,4.767
2507,3.746,10.312,1532,5.407,7.945,8.865,10.835,14.078,14.846,1.318,0.078,2.508,6.408
2508,3.643,8.685,1532,5.406,7.944,8.864,10.834,14.077,14.846,1.306,0.081,2.499,4.800
2509,4.337,9.960,1532,5.406,7.944,8.863,10.833,14.077,14.846,1.422,0.079,2.511,5.947
2510,4.686,10.507,1536,5.405,7.943,8.863,10.833,14.077,14.846,1.506,0.081,3.766,5.154
2511,3.819,9.377,1536,5.405,7.943,8.862,10.833,14.077,14.846,1.424,0.077,2.722,5.154
2512,4.432,10.641,1536,5.404,7.942,8.861,10.833,14.077,14.846,1.466,0.091,2.716,6.368
2513,4.089,9.858,1525,5.404,7.942,8.860,10.832,14.076,14.846,1.305,0.085,3.593,4.876
2514,4.679,8.781,1525,5.404,7.941,8.859,10.831,14.076,14.846,1.325,0.077,2.528,4.851
2515,5.499,9.961,1525,5.404,7.940,8.858,10.831,14.076,14.846,1.306,0.085,2.524,6.045
2516,4.017,8.639,1516,5.403,7.940,8.858,10.830,14.076,14.846,1.281,0.076,2.497,4.785
2517,4.086,9.885,1516,5.403,7.939,8.857,10.830,14.075,14.846,1.322,0.101,2.498,5.964
2518,5.476,9.705,1516,5.403,7.939,8.856,10.829,14.075,14.846,1.275,0.081,3.555,4.794
2519,4.204,8.672,1616,5.402,7.938,8.855,10.829,14.075,14.845,1.311,0.082,2.507,4.773
2520,4.497,10.220,1616,5.402,7.938,8.854,10.828,14.075,14.845,1.309,0.080,2.513,6.318
2521,4.396,8.723,1616,5.401,7.937,8.854,10.828,14.074,14.845,1.318,0.109,2.499,4.798
2522,3.989,9.997,1596,5.401,7.937,8.853,10.827,14.074,14.845,1.447,0.095,2.473,5.982
2523,4.870,9.668,1596,5.401,7.937,8.852,10.827,14.074,14.845,1.392,0.085,3.500,4.691
2524,4.569,8.671,1598,5.400,7.937,8.851,10.826,14.074,14.845,1.333,0.075,2.512,4.751
2525,5.937,9.792,1598,5.401,7.937,8.850,10.825,14.073,14.845,1.326,0.084,2.498,5.884
2526,5.526,8.694,1598,5.401,7.937,8.849,10.825,14.073,14.845,1.327,0.091,2.495,4.781
2527,3.577,9.065,1589,5.400,7.937,8.849,10.824,14.073,14.845,1.225,0.081,2.287,5.472
2528,4.743,8.007,1589,5.400,7.937,8.848,10.823,14.073,14.845,1.243,0.094,2.278,4.392
2529,3.752,7.919,1589,5.399,7.937,8.847,10.822,14.072,14.845,1.165,0.074,2.291,4.388
2530,4.032,9.072,1589,5.398,7.937,8.846,10.821,14.072,14.845,1.220,0.079,3.357,4.416
2531,3.692,8.135,1593,5.398,7.937,8.845,10.820,14.072,14.845,1.179,0.080,2.329,4.547
2532,3.689,8.099,1593,5.397,7.937,8.844,10.819,14.072,14.845,1.174,0.077,2.329,4.518
2533,3.612,8.129,1593,5.396,7.937,8.844,10.818,14.071,14.845,1.176,0.077,2.334,4.543
2534,5.730,9.276,1597,5.396,7.937,8.843,10.817,14.071,14.845,1.168,0.090,2.329,5.689
2535,3.926,8.274,1597,5.396,7.937,8.842,10.816,14.071,14.845,1.280,0.088,2.350,4.556
2536,3.561,8.214,1597,5.395,7.937,8.841,10.815,14.071,14.845,1.234,0.079,2.331,4.569
2537,4.369,9.156,1588,5.395,7.937,8.840,10.814,14.070,14.845,1.202,0.091,3.338,4.526
2538,3.551,8.160,1588,5.394,7.937,8.840,10.813,14.070,14.845,1.222,0.075,2.321,4.543
2539,3.773,9.473,1588,5.393,7.937,8.839,10.813,14.070,14.845,1.272,0.081,2.322,5.798
2540,3.787,8.119,1588,5.393,7.937,8.838,10.812,14.070,14.845,1.200,0.075,2.338,4.506
2541,3.635,9.351,1588,5.392,7.937,8.837,10.811,14.069,14.845,1.191,0.079,2.322,5.759
2542,5.336,8.098,1588,5.392,7.937,8.836,10.810,14.069,14.845,1.195,0.075,2.326,4.502
2543,3.897,9.336,1588,5.391,7.936,8.835,10.810,14.069,14.844,1.315,0.087,2.314,5.620
2544,4.632,9.477,1588,5.391,7.936,8.835,10.809,14.069,14.844,1.176,0.100,3.706,4.495
2545,3.814,8.158,1588,5.391,7.936,8.834,10.808,14.069,14.844,1.231,0.089,2.305,4.533
2546,3.964,9.410,1588,5.390,7.936,8.833,10.807,14.069,14.844,1.290,0.079,2.317,5.725
2547,3.622,8.083,1588,5.389,7.936,8.832,10.806,14.069,14.844,1.203,0.074,2.309,4.497
2548,5.432,9.249,1588,5.389,7.935,8.831,10.806,14.069,14.844,1.208,0.079,2.314,5.648
2549,6.002,8.133,1588,5.390,7.935,8.830,10.805,14.069,14.844,1.218,0.074,2.310,4.531
2550,3.516,9.261,1590,5.389,7.935,8.830,10.804,14.069,14.844,1.245,0.082,2.307,5.628
2551,4.362,9.092,1590,5.388,7.935,8.829,10.803,14.069,14.844,1.178,0.082,3.335,4.496
2552,3.731,8.086,1590,5.388,7.935,8.828,10.802,14.069,14.844,1.195,0.072,2.307,4.512
2553,3.853,8.707,1583,5.387,7.934,8.827,10.802,14.069,14.844,1.208,0.083,3.195,4.221
2554,4.616,7.550,1583,5.387,7.934,8.826,10.800,14.069,14.844,1.161,0.074,2.105,4.210
2555,3.509,8.619,1583,5.386,7.934,8.826,10.799,14.069,14.844,1.168,0.082,2.115,5.254
2556,4.583,7.565,1583,5.386,7.934,8.825,10.798,14.069,14.844,1.180,0.085,2.104,4.196
2557,3.534,7.564,1583,5.385,7.934,8.824,10.797,14.069,14.844,1.151,0.075,2.112,4.226
2558,3.456,7.560,1583,5.384,7.933,8.823,10.796,14.069,14.844,1.184,0.074,2.104,4.197
2559,3.565,8.761,1583,5.384,7.933,8.822,10.795,14.069,14.844,1.138,0.078,2.102,5.443
2560,4.118,7.573,1583,5.383,7.933,8.821,10.794,14.069,14.844,1.183,0.074,2.105,4.211
2561,3.919,8.621,1583,5.383,7.933,8.821,10.793,14.069,14.844,1.147,0.080,2.103,5.291
2562,4.556,7.581,1583,5.382,7.933,8.820,10.792,14.069,14.844,1.158,0.079,2.116,4.228
2563,3.571,8.708,1583,5.382,7.933,8.819,10.791,14.069,14.844,1.170,0.079,2.116,5.342
2564,4.063,7.590,1583,5.381,7.933,8.818,10.789,14.069,14.844,1.176,0.076,2.121,4.217
2565,3.693,8.733,1583,5.380,7.933,8.817,10.789,14.069,14.844,1.233,0.079,2.104,5.316
2566,4.132,8.141,1542,5.380,7.932,8.816,10.788,14.069,14.844,1.286,0.091,2.322,4.442
2567,3.685,8.007,1542,5.379,7.932,8.816,10.787,14.069,14.843,1.187,0.074,2.311,4.435
2568,3.968,9.447,1542,5.379,7.932,8.815,10.786,14.069,14.843,1.272,0.116,3.606,4.452
2569,4.124,8.208,1542,5.378,7.932,8.814,10.785,14.069,14.843,1.383,0.090,2.304,4.432
2570,4.295,10.207,1539,5.378,7.932,8.813,10.785,14.069,14.843,1.401,0.102,2.586,6.118
2571,4.042,8.884,1539,5.377,7.932,8.812,10.784,14.069,14.843,1.335,0.087,2.541,4.922
2572,5.075,10.134,1539,5.377,7.932,8.811,10.784,14.069,14.843,2.566,0.075,2.543,4.949
2573,6.379,9.969,1534,5.378,7.932,8.811,10.783,14.069,14.843,1.397,0.076,2.543,5.953
2574,3.689,8.935,1534,5.377,7.932,8.810,10.783,14.069,14.843,1.381,0.074,2.548,4.932
2575,3.903,10.160,1534,5.376,7.932,8.809,10.783,14.068,14.843,1.388,0.076,2.541,6.155
2576,3.941,10.645,1520,5.376,7.932,8.808,10.782,14.068,14.843,1.431,0.080,3.837,5.296
2577,3.784,9.606,1520,5.375,7.932,8.807,10.782,14.068,14.843,1.436,0.072,2.782,5.316
2578,4.435,10.746,1520,5.375,7.932,8.807,10.782,14.068,14.843,1.443,0.076,2.767,6.460
2579,3.885,9.312,1602,5.374,7.932,8.806,10.781,14.068,14.843,1.207,0.086,3.397,4.622
2580,3.903,8.274,1602,5.374,7.931,8.805,10.780,14.068,14.843,1.233,0.083,2.336,4.623
2581,4.963,9.659,1586,5.373,7.931,8.804,10.780,14.068,14.843,1.222,0.084,3.750,4.603
2582,5.226,8.196,1586,5.373,7.931,8.803,10.779,14.068,14.843,1.206,0.072,2.320,4.598
2583,4.236,8.177,1586,5.373,7.930,8.802,10.778,14.068,14.843,1.205,0.077,2.321,4.574
2584,4.665,8.338,1588,5.373,7.930,8.802,10.777,14.068,14.843,1.235,0.070,2.355,4.678
2585,3.888,9.599,1588,5.372,7.929,8.801,10.777,14.067,14.843,1.309,0.082,2.382,5.826
2586,4.014,8.398,1588,5.372,7.929,8.800,10.776,14.067,14.843,1.254,0.088,2.363,4.694
2587,3.749,8.417,1572,5.371,7.928,8.799,10.775,14.067,14.843,1.202,0.111,2.336,4.768
2588,4.295,9.572,1572,5.371,7.928,8.798,10.774,14.067,14.843,1.155,0.089,2.340,5.988
2589,3.725,8.466,1572,5.370,7.928,8.797,10.773,14.066,14.843,1.307,0.084,2.320,4.755
2590,4.316,9.685,1572,5.369,7.927,8.797,10.773,14.066,14.843,1.273,0.097,2.334,5.981
2591,5.690,10.513,1558,5.370,7.927,8.796,10.773,14.066,14.842,1.380,0.095,3.652,5.386
2592,4.949,9.396,1558,5.369,7.926,8.795,10.772,14.065,14.842,1.356,0.080,2.576,5.385
2593,6.228,10.454,1558,5.370,7.926,8.794,10.772,14.065,14.842,1.367,0.077,2.557,6.453
2594,3.781,10.611,1530,5.369,7.925,8.793,10.772,14.065,14.842,1.399,0.104,3.790,5.318
2595,3.591,9.383,1530,5.368,7.925,8.793,10.772,14.065,14.842,1.388,0.083,2.565,5.347
2596,4.401,10.624,1536,5.368,7.924,8.792,10.772,14.064,14.842,1.412,0.085,2.623,6.505
2597,3.787,9.565,1536,5.367,7.924,8.791,10.771,14.064,14.842,1.428,0.085,2.613,5.439
2598,4.045,9.334,1536,5.367,7.923,8.790,10.771,14.064,14.842,1.203,0.072,2.619,5.440
2599,4.760,10.647,1522,5.367,7.923,8.789,10.771,14.064,14.842,1.456,0.077,2.579,6.534
2600,4.168,9.399,1522,5.366,7.922,8.788,10.770,14.063,14.842,1.385,0.071,2.582,5.361
2601,4.539,10.683,1522,5.366,7.922,8.788,10.770,14.063,14.842,1.452,0.077,2.577,6.576
2602,5.497,9.912,1615,5.366,7.922,8.787,10.770,14.063,14.842,1.170,0.076,2.353,6.313
2603,4.863,8.733,1615,5.366,7.922,8.787,10.769,14.063,14.842,1.204,0.086,2.380,5.063
2604,4.358,9.851,1615,5.365,7.922,8.787,10.769,14.063,14.842,1.163,0.076,2.351,6.262
2605,5.390,9.750,1584,5.365,7.921,8.787,10.768,14.063,14.842,1.210,0.087,3.460,4.993
2606,4.091,8.587,1584,5.365,7.921,8.787,10.767,14.063,14.841,1.189,0.076,2.340,4.982
2607,4.018,10.081,1584,5.364,7.921,8.787,10.767,14.063,14.841,1.233,0.077,2.324,6.446
2608,4.159,9.231,1581,5.364,7.921,8.787,10.766,14.063,14.841,1.215,0.072,2.526,5.419
2609,4.264,10.447,1581,5.364,7.921,8.787,10.766,14.063,14.841,1.255,0.081,2.541,6.570
2610,4.967,11.014,1581,5.363,7.921,8.786,10.766,14.063,14.841,1.294,0.082,2.530,7.108
2611,3.945,8.631,1572,5.363,7.921,8.786,10.766,14.063,14.841,1.153,0.071,2.350,5.057
2612,5.659,9.709,1572,5.363,7.921,8.786,10.765,14.063,14.841,1.160,0.079,2.343,6.128
2613,5.770,10.622,1549,5.363,7.921,8.786,10.765,14.063,14.841,1.334,0.086,3.684,5.518
2614,3.639,9.393,1549,5.362,7.921,8.786,10.765,14.063,14.840,1.299,0.073,2.560,5.460
2615,4.765,10.686,1549,5.362,7.921,8.786,10.765,14.063,14.840,1.292,0.080,2.563,6.751
2616,3.529,10.634,1530,5.362,7.921,8.786,10.765,14.063,14.840,1.351,0.086,3.741,5.456
2617,3.518,9.446,1530,5.361,7.921,8.786,10.764,14.063,14.840,1.354,0.075,2.565,5.452
2618,5.334,10.540,1530,5.361,7.921,8.785,10.764,14.063,14.840,1.355,0.077,2.573,6.535
2619,3.495,9.472,1518,5.360,7.921,8.785,10.763,14.063,14.840,1.368,0.095,2.582,5.427
2620,4.190,9.420,1518,5.360,7.921,8.785,10.763,14.062,14.840,1.358,0.074,2.581,5.407
2621,5.083,10.534,1518,5.360,7.920,8.785,10.763,14.062,14.839,1.403,0.079,2.571,6.481
2622,4.732,9.457,1534,5.359,7.920,8.785,10.762,14.062,14.839,1.378,0.086,2.583,5.411
2623,4.497,10.835,1534,5.359,7.920,8.785,10.762,14.062,14.839,2.770,0.077,2.570,5.417
2624,5.564,9.180,1627,5.359,7.920,8.785,10.762,14.062,14.839,1.164,0.087,2.174,5.755
2625,4.914,8.056,1627,5.359,7.919,8.785,10.761,14.062,14.839,1.216,0.080,2.171,4.588
2626,4.547,9.149,1627,5.359,7.919,8.784,10.760,14.062,14.839,1.200,0.076,2.164,5.709
2627,5.431,9.057,1598,5.359,7.919,8.784,10.759,14.062,14.839,1.304,0.075,2.500,5.178
2628,4.119,10.342,1598,5.358,7.918,8.784,10.759,14.062,14.839,1.243,0.078,2.513,6.508
2629,4.168,10.442,1598,5.358,7.918,8.784,10.759,14.062,14.838,1.217,0.079,2.510,6.637
2630,3.841,8.454,1575,5.357,7.918,8.784,10.758,14.062,14.838,1.262,0.085,2.295,4.812
2631,4.179,9.708,1575,5.357,7.918,8.784,10.758,14.062,14.838,1.275,0.095,2.302,6.036
2632,5.421,9.582,1575,5.357,7.917,8.784,10.757,14.062,14.838,1.283,0.094,3.437,4.769
2633,5.524,8.438,1577,5.357,7.917,8.784,10.757,14.062,14.838,1.224,0.072,2.325,4.817
2634,5.713,9.558,1577,5.357,7.917,8.783,10.756,14.062,14.838,1.197,0.077,2.320,5.965
2635,3.870,8.431,1577,5.356,7.916,8.783,10.755,14.062,14.838,1.186,0.084,2.330,4.830
2636,3.640,10.814,1567,5.356,7.916,8.783,10.755,14.062,14.838,1.344,0.078,2.739,6.653
2637,3.953,10.951,1567,5.355,7.916,8.783,10.755,14.062,14.837,1.362,0.098,4.033,5.458
2638,3.626,9.665,1567,5.354,7.915,8.783,10.755,14.062,14.837,1.374,0.074,2.751,5.465
2639,5.428,8.984,1544,5.355,7.915,8.783,10.754,14.062,14.837,1.382,0.072,2.529,5.000
2640,4.178,8.949,1544,5.354,7.915,8.783,10.754,14.062,14.837,1.348,0.087,2.523,4.991
2641,3.678,8.870,1544,5.353,7.915,8.783,10.753,14.062,14.837,1.208,0.072,2.533,5.057
2642,5.447,10.121,1530,5.353,7.914,8.782,10.753,14.062,14.837,1.369,0.079,2.531,6.144
2643,4.574,8.950,1530,5.353,7.914,8.782,10.752,14.062,14.837,1.370,0.073,2.524,4.983
2644,3.864,9.007,1530,5.353,7.913,8.782,10.751,14.062,14.837,1.423,0.076,2.536,4.972
2645,5.806,10.215,1647,5.353,7.913,8.782,10.751,14.062,14.836,1.448,0.079,3.644,5.043
2646,3.839,9.036,1647,5.352,7.913,8.782,10.750,14.062,14.836,1.388,0.076,2.546,5.025
2647,4.097,10.172,1647,5.352,7.912,8.782,10.750,14.062,14.836,1.382,0.081,2.542,6.167
2648,3.821,10.155,1647,5.351,7.912,8.782,10.750,14.062,14.836,1.413,0.084,3.648,5.010
2649,3.960,8.805,1640,5.351,7.912,8.782,10.749,14.061,14.836,1.340,0.076,2.533,4.856
2650,4.223,10.028,1640,5.350,7.911,8.781,10.749,14.061,14.836,1.350,0.093,2.541,6.045
2651,3.851,7.292,1589,5.350,7.911,8.781,10.748,14.061,14.836,1.319,0.132,2.044,3.797
2652,4.316,8.370,1589,5.349,7.911,8.781,10.747,14.061,14.836,1.217,0.080,2.040,5.033
2653,5.348,7.136,1589,5.349,7.910,8.781,10.745,14.061,14.835,1.255,0.077,2.043,3.761
2654,5.298,8.776,1577,5.349,7.910,8.781,10.745,14.061,14.835,1.263,0.084,2.275,5.154
2655,5.971,7.505,1577,5.349,7.910,8.781,10.743,14.061,14.835,1.215,0.074,2.253,3.963
2656,3.895,8.761,1575,5.349,7.909,8.781,10.743,14.061,14.835,1.274,0.079,2.245,5.162
2657,3.882,7.508,1575,5.348,7.909,8.781,10.742,14.060,14.835,1.208,0.075,2.260,3.966
2658,3.719,8.694,1575,5.348,7.909,8.780,10.741,14.060,14.835,1.207,0.078,2.196,5.213
2659,4.257,8.563,1575,5.347,7.908,8.780,10.740,14.060,14.835,1.208,0.084,3.365,3.906
2660,3.701,8.438,1563,5.347,7.908,8.780,10.739,14.060,14.835,1.368,0.081,2.630,4.359
2661,3.620,9.525,1563,5.346,7.908,8.780,10.739,14.060,14.834,1.367,0.081,3.740,4.337
2662,3.632,8.430,1567,5.345,7.908,8.780,10.738,14.060,14.834,1.366,0.081,2.616,4.366
2663,3.614,9.598,1567,5.345,7.907,8.780,10.737,14.060,14.834,1.454,0.082,2.630,5.433
2664,4.125,8.541,1595,5.344,7.907,8.780,10.736,14.060,14.834,1.332,0.089,2.674,4.446
2665,3.711,8.631,1595,5.344,7.907,8.780,10.736,14.059,14.834,1.406,0.078,2.675,4.472
2666,3.991,8.822,1588,5.343,7.907,8.779,10.735,14.059,14.834,1.454,0.082,2.699,4.587
2667,3.672,8.804,1588,5.343,7.907,8.779,10.734,14.059,14.834,1.455,0.080,2.698,4.571
2668,3.688,9.949,1585,5.342,7.907,8.779,10.734,14.059,14.833,1.427,0.081,2.707,5.734
2669,3.866,8.859,1585,5.341,7.906,8.779,10.733,14.059,14.833,1.495,0.082,2.690,4.591
2670,3.993,9.951,1664,5.341,7.906,8.779,10.733,14.059,14.833,1.444,0.080,2.694,5.733
2671,5.067,9.981,1664,5.341,7.906,8.779,10.733,14.059,14.833,1.462,0.089,3.879,4.552
2672,5.532,9.765,1724,5.341,7.906,8.779,10.732,14.059,14.833,1.472,0.081,2.973,5.239
2673,4.465,10.902,1724,5.341,7.906,8.779,10.732,14.058,14.833,1.473,0.116,2.993,6.321
2674,4.944,10.553,1708,5.340,7.906,8.778,10.732,14.058,14.833,1.480,0.097,4.122,4.854
2675,4.577,9.235,1708,5.340,7.905,8.778,10.732,14.058,14.833,1.516,0.077,2.782,4.860
2676,4.839,11.133,1746,5.340,7.905,8.778,10.732,14.058,14.832,1.429,0.078,3.024,6.601
2677,6.025,11.168,1746,5.340,7.905,8.778,10.732,14.058,14.832,1.430,0.086,4.181,5.473
2678,4.797,10.111,1757,5.340,7.905,8.778,10.732,14.058,14.832,1.513,0.079,3.033,5.485
2679,4.377,11.422,1757,5.340,7.905,8.778,10.732,14.058,14.832,1.482,0.077,3.019,6.844
2680,5.940,10.044,1789,5.340,7.905,8.778,10.732,14.058,14.832,1.400,0.086,3.028,5.529
2681,3.934,10.088,1789,5.339,7.904,8.778,10.732,14.058,14.832,1.475,0.071,3.038,5.504
2682,4.311,11.911,1795,5.339,7.904,8.777,10.732,14.057,14.832,1.576,0.077,3.234,7.024
2683,4.112,11.660,1795,5.338,7.904,8.777,10.732,14.057,14.832,1.499,0.084,3.244,6.833
2684,4.167,11.834,1806,5.338,7.903,8.777,10.733,14.056,14.831,1.513,0.084,4.373,5.863
2685,4.579,10.785,1806,5.338,7.903,8.777,10.733,14.056,14.831,1.530,0.072,3.298,5.885
2686,5.041,11.924,1781,5.338,7.902,8.777,10.733,14.055,14.831,1.465,0.078,3.397,6.984
2687,4.204,11.900,1781,5.337,7.902,8.777,10.734,14.055,14.831,1.446,0.078,3.402,6.974
2688,4.071,11.911,1781,5.337,7.902,8.777,10.734,14.054,14.831,1.503,0.086,4.488,5.835
2689,5.291,10.766,1781,5.337,7.901,8.777,10.734,14.054,14.831,1.436,0.078,3.403,5.849
2690,6.404,10.135,1754,5.337,7.901,8.776,10.734,14.053,14.831,1.422,0.076,3.204,5.434
2691,5.760,11.315,1840,5.337,7.900,8.776,10.734,14.053,14.831,1.432,0.080,4.344,5.458
2692,4.883,10.234,1840,5.337,7.900,8.776,10.734,14.052,14.830,1.439,0.074,3.239,5.482
2693,5.250,11.640,1840,5.337,7.900,8.776,10.734,14.052,14.830,1.566,0.087,3.268,6.720
2694,4.476,10.928,1819,5.337,7.899,8.776,10.734,14.051,14.830,1.507,0.077,3.068,6.275
2695,6.683,9.841,1819,5.337,7.899,8.776,10.734,14.051,14.830,1.529,0.085,3.078,5.148
2696,6.406,11.035,1816,5.338,7.898,8.776,10.734,14.050,14.830,1.579,0.076,3.083,6.297
2697,4.248,10.963,1816,5.337,7.898,8.776,10.734,14.050,14.830,1.485,0.079,3.073,6.327
2698,4.110,9.799,1816,5.337,7.898,8.775,10.734,14.049,14.830,1.519,0.076,3.061,5.142
2699,4.216,11.025,1793,5.336,7.897,8.775,10.734,14.049,14.830,1.502,0.078,3.040,6.404
2700,4.266,10.811,1793,5.336,7.897,8.775,10.734,14.048,14.829,1.460,0.079,3.034,6.238
2701,4.048,10.194,1798,5.336,7.896,8.775,10.734,14.048,14.829,1.431,0.084,3.252,5.427
2702,4.976,10.028,1798,5.335,7.896,8.775,10.734,14.047,14.829,1.277,0.077,3.279,5.395
2703,5.444,11.288,1798,5.335,7.895,8.774,10.734,14.047,14.829,1.510,0.081,3.267,6.429
2704,3.872,11.664,1777,5.335,7.894,8.774,10.734,14.047,14.829,1.536,0.084,4.545,5.499
2705,4.205,10.565,1777,5.334,7.893,8.773,10.734,14.047,14.829,1.542,0.071,3.437,5.515
2706,5.631,11.807,1777,5.335,7.893,8.773,10.734,14.047,14.829,1.531,0.088,3.427,6.762
2707,4.219,11.343,1765,5.334,7.892,8.773,10.735,14.047,14.829,1.569,0.079,4.553,5.143
2708,4.664,10.204,1765,5.334,7.891,8.772,10.734,14.046,14.829,1.560,0.080,3.418,5.146
2709,5.256,11.643,1755,5.334,7.891,8.772,10.735,14.046,14.829,1.727,0.084,3.446,6.386
2710,4.777,11.862,1755,5.334,7.890,8.771,10.735,14.046,14.829,1.958,0.084,3.435,6.386
2711,5.009,11.624,1755,5.334,7.889,8.771,10.736,14.046,14.829,1.711,0.085,4.631,5.198
2712,4.938,10.316,1741,5.333,7.888,8.771,10.735,14.046,14.829,1.619,0.075,3.428,5.195
2713,6.926,11.496,1741,5.334,7.888,8.770,10.736,14.045,14.829,1.615,0.078,3.435,6.367
2714,6.060,11.561,1820,5.334,7.887,8.770,10.736,14.045,14.829,1.617,0.078,4.591,5.276
2715,4.175,10.370,1820,5.334,7.886,8.769,10.736,14.045,14.829,1.608,0.082,3.404,5.276
2716,4.733,11.670,1820,5.334,7.885,8.769,10.736,14.045,14.829,1.633,0.087,3.403,6.546
2717,3.919,11.368,1795,5.333,7.885,8.768,10.736,14.045,14.829,1.694,0.092,3.374,6.208
2718,4.453,11.253,1795,5.333,7.884,8.768,10.737,14.045,14.829,1.619,0.087,4.468,5.078
2719,5.064,10.109,1841,5.333,7.883,8.768,10.736,14.044,14.829,1.680,0.075,3.346,5.007
2720,5.965,11.138,1841,5.333,7.882,8.767,10.737,14.044,14.829,1.586,0.085,3.344,6.123
2721,5.136,10.047,1841,5.333,7.882,8.767,10.736,14.044,14.829,1.623,0.074,3.332,5.018
2722,4.602,9.268,1821,5.333,7.881,8.766,10.736,14.044,14.829,1.409,0.080,3.154,4.625
2723,5.386,10.416,1821,5.333,7.881,8.766,10.736,14.044,14.829,1.454,0.079,3.153,5.730
2724,4.570,9.863,1815,5.332,7.881,8.766,10.735,14.044,14.829,1.546,0.081,3.379,4.857
2725,4.789,9.929,1815,5.332,7.881,8.765,10.735,14.044,14.829,1.621,0.078,3.379,4.851
2726,5.085,10.945,1815,5.332,7.881,8.765,10.735,14.044,14.829,1.537,0.080,3.408,5.920
2727,4.063,11.448,1805,5.332,7.880,8.764,10.735,14.044,14.829,1.556,0.090,4.669,5.134
2728,5.777,10.463,1805,5.332,7.880,8.764,10.735,14.044,14.829,1.637,0.136,3.565,5.126
2729,4.395,11.716,1805,5.331,7.880,8.764,10.736,14.044,14.829,1.721,0.093,3.560,6.341
2730,3.962,12.061,1797,5.331,7.880,8.763,10.736,14.044,14.829,1.769,0.081,3.585,6.626
2731,3.864,11.587,1797,5.330,7.880,8.763,10.736,14.044,14.829,1.612,0.088,4.724,5.163
2732,5.195,9.961,1774,5.330,7.879,8.762,10.736,14.044,14.829,1.594,0.080,3.381,4.907
2733,5.509,11.003,1774,5.330,7.879,8.762,10.736,14.044,14.829,1.563,0.091,3.369,5.980
2734,4.136,11.194,1774,5.330,7.879,8.762,10.736,14.044,14.829,1.683,0.097,4.494,4.920
2735,4.117,10.354,1862,5.329,7.879,8.761,10.736,14.043,14.829,1.602,0.077,3.569,5.107
2736,4.920,10.321,1862,5.329,7.879,8.761,10.736,14.043,14.829,1.567,0.081,3.555,5.118
2737,4.032,9.739,1828,5.329,7.878,8.760,10.736,14.043,14.829,1.432,0.085,4.053,4.169
2738,4.249,8.622,1828,5.328,7.878,8.760,10.735,14.043,14.829,1.413,0.086,2.966,4.156
2739,4.962,9.807,1828,5.328,7.878,8.759,10.735,14.043,14.829,1.419,0.084,2.985,5.319
2740,4.790,8.666,1821,5.328,7.878,8.759,10.734,14.043,14.829,1.455,0.082,2.956,4.172
2741,4.339,9.884,1821,5.328,7.878,8.759,10.734,14.043,14.829,1.462,0.085,2.970,5.366
2742,5.509,9.814,1821,5.328,7.877,8.758,10.733,14.043,14.829,1.447,0.101,4.073,4.193
2743,4.011,8.710,1820,5.327,7.877,8.758,10.732,14.043,14.829,1.460,0.079,2.972,4.198
2744,4.426,9.775,1820,5.327,7.877,8.757,10.732,14.042,14.828,1.447,0.083,2.974,5.271
2745,4.278,8.671,1820,5.327,7.877,8.757,10.731,14.042,14.828,1.435,0.080,2.971,4.185
2746,4.328,10.220,1806,5.326,7.877,8.757,10.731,14.042,14.828,1.516,0.080,3.137,5.487
2747,5.223,10.391,1806,5.326,7.876,8.756,10.731,14.041,14.828,1.484,0.095,4.459,4.352
2748,3.982,9.133,1806,5.326,7.876,8.756,10.730,14.041,14.828,1.555,0.092,3.129,4.357
2749,4.481,10.455,1793,5.325,7.876,8.755,10.730,14.041,14.828,1.644,0.088,3.162,5.560
2750,4.388,10.227,1793,5.325,7.876,8.755,10.730,14.041,14.828,1.525,0.090,4.285,4.327
2751,5.444,9.162,1793,5.325,7.876,8.755,10.730,14.040,14.828,1.595,0.080,3.163,4.323
2752,6.265,10.776,1783,5.325,7.875,8.754,10.730,14.040,14.828,1.442,0.083,3.353,5.899
2753,3.943,9.355,1783,5.325,7.875,8.754,10.729,14.040,14.828,1.448,0.085,3.366,4.457
2754,3.936,10.697,1783,5.324,7.875,8.753,10.729,14.039,14.828,1.478,0.083,3.346,5.790
2755,5.039,11.000,1758,5.324,7.875,8.753,10.729,14.039,14.828,1.527,0.089,3.548,5.835
2756,3.793,9.776,1758,5.324,7.875,8.753,10.729,14.039,14.828,1.500,0.082,3.557,4.638
2757,3.972,11.071,1758,5.323,7.874,8.752,10.729,14.038,14.828,1.591,0.085,3.549,5.845
2758,5.551,10.515,1840,5.323,7.874,8.752,10.729,14.038,14.828,1.460,0.084,3.370,5.601
2759,4.223,9.383,1840,5.323,7.874,8.751,10.728,14.038,14.828,1.442,0.086,3.364,4.491
2760,4.177,9.591,1826,5.323,7.874,8.751,10.728,14.038,14.828,1.607,0.083,3.390,4.511
2761,5.619,11.825,1826,5.323,7.874,8.750,10.728,14.037,14.828,2.767,0.086,3.384,5.588
2762,4.955,9.491,1826,5.323,7.873,8.750,10.728,14.037,14.828,1.531,0.081,3.385,4.493
2763,4.084,10.326,1816,5.322,7.873,8.750,10.728,14.037,14.828,1.600,0.082,3.198,5.447
2764,4.664,10.203,1816,5.322,7.873,8.749,10.728,14.037,14.828,1.475,0.084,4.325,4.319
2765,5.123,9.053,1816,5.322,7.873,8.749,10.727,14.037,14.828,1.449,0.080,3.199,4.325
2766,4.450,10.213,1793,5.322,7.873,8.748,10.727,14.037,14.828,1.529,0.088,3.171,5.425
2767,4.111,10.433,1793,5.321,7.873,8.748,10.727,14.037,14.828,1.576,0.112,4.455,4.290
2768,4.218,9.194,1793,5.321,7.872,8.748,10.726,14.037,14.828,1.663,0.085,3.157,4.289
2769,4.584,8.551,1792,5.320,7.872,8.747,10.725,14.037,14.828,1.380,0.080,2.985,4.105
2770,5.454,8.557,1792,5.320,7.872,8.747,10.725,14.037,14.828,1.377,0.084,2.987,4.110
2771,5.678,10.744,1773,5.321,7.872,8.746,10.725,14.037,14.828,1.633,0.084,3.373,5.655
2772,4.120,10.673,1773,5.320,7.872,8.746,10.725,14.037,14.828,1.544,0.086,4.499,4.544
2773,3.884,9.540,1773,5.320,7.871,8.746,10.724,14.037,14.828,1.541,0.082,3.374,4.543
2774,4.138,10.646,1763,5.319,7.871,8.745,10.724,14.037,14.828,1.552,0.084,3.381,5.629
2775,3.799,10.536,1763,5.319,7.871,8.745,10.724,14.037,14.828,1.545,0.083,4.455,4.453
2776,3.968,9.439,1763,5.318,7.871,8.744,10.724,14.037,14.828,1.543,0.081,3.363,4.451
2777,4.099,10.970,1753,5.318,7.871,8.744,10.724,14.037,14.828,1.721,0.083,3.425,5.741
2778,4.055,10.775,1753,5.317,7.871,8.744,10.724,14.037,14.828,1.590,0.084,4.527,4.575
2779,4.353,9.652,1753,5.317,7.870,8.743,10.723,14.037,14.828,1.589,0.078,3.414,4.572
2780,4.615,10.797,1739,5.317,7.870,8.743,10.723,14.037,14.828,1.617,0.081,3.417,5.682
2781,4.520,10.733,1739,5.316,7.870,8.742,10.723,14.036,14.828,1.616,0.084,4.503,4.530
2782,4.154,9.647,1739,5.316,7.870,8.742,10.723,14.036,14.828,1.631,0.092,3.397,4.527
2783,4.987,10.256,1818,5.316,7.870,8.741,10.723,14.036,14.828,1.582,0.087,3.201,5.385
2784,4.935,9.179,1818,5.316,7.869,8.741,10.722,14.036,14.828,1.600,0.093,3.178,4.308
2785,4.293,9.878,1855,5.315,7.869,8.741,10.722,14.036,14.828,1.612,0.084,3.517,4.665
2786,4.833,9.999,1855,5.315,7.869,8.740,10.722,14.036,14.828,1.712,0.098,3.513,4.676
2787,4.203,11.069,1855,5.315,7.869,8.740,10.722,14.035,14.828,1.654,0.087,4.662,4.666
2788,4.146,9.470,1839,5.314,7.868,8.739,10.721,14.035,14.828,1.602,0.086,3.313,4.470
2789,6.045,10.619,1839,5.315,7.868,8.739,10.721,14.035,14.828,1.553,0.083,3.320,5.664
2790,4.211,9.462,1839,5.314,7.868,8.739,10.721,14.035,14.828,1.590,0.098,3.314,4.460
2791,5.006,10.142,1812,5.314,7.868,8.738,10.721,14.035,14.828,1.468,0.101,3.128,5.445
2792,4.940,10.025,1812,5.314,7.867,8.738,10.720,14.035,14.828,1.378,0.082,4.356,4.210
2793,3.981,8.810,1812,5.313,7.867,8.737,10.720,14.034,14.828,1.402,0.082,3.127,4.199
2794,4.527,10.622,1824,5.313,7.867,8.737,10.720,14.034,14.828,1.436,0.083,3.392,5.712
2795,4.415,10.554,1824,5.313,7.867,8.737,10.720,14.034,14.828,1.440,0.085,4.500,4.529
2796,4.379,9.843,1801,5.313,7.866,8.736,10.719,14.034,14.828,1.542,0.084,3.540,4.678
2797,5.040,11.070,1801,5.312,7.866,8.736,10.719,14.034,14.828,1.540,0.085,3.545,5.899
2798,4.864,11.035,1801,5.312,7.866,8.735,10.720,14.034,14.828,1.543,0.084,4.742,4.666
2799,4.184,9.962,1806,5.312,7.866,8.735,10.719,14.033,14.828,1.577,0.079,3.570,4.736
2800,5.463,11.164,1806,5.312,7.865,8.735,10.719,14.033,14.828,1.599,0.083,3.575,5.907
2801,4.937,11.145,1806,5.312,7.865,8.734,10.720,14.033,14.827,1.545,0.086,4.779,4.735
2802,4.702,9.544,1772,5.312,7.865,8.734,10.719,14.033,14.827,1.585,0.097,3.363,4.500
2803,5.059,11.052,1772,5.312,7.865,8.734,10.719,14.033,14.827,1.839,0.084,3.364,5.765
2804,5.062,10.970,1772,5.311,7.864,8.734,10.719,14.033,14.827,1.688,0.085,4.697,4.500
2805,5.053,10.168,1875,5.311,7.864,8.733,10.719,14.033,14.827,1.641,0.090,3.564,4.873
2806,6.203,11.538,1875,5.312,7.864,8.733,10.719,14.033,14.827,1.670,0.102,3.554,6.212
2807,6.384,10.366,1837,5.312,7.864,8.733,10.719,14.033,14.826,1.537,0.083,3.202,5.545
2808,4.415,9.156,1837,5.312,7.863,8.733,10.719,14.033,14.826,1.483,0.093,3.178,4.402
2809,5.877,10.382,1837,5.312,7.863,8.733,10.719,14.033,14.826,1.578,0.083,3.195,5.527
2810,5.095,9.839,1821,5.312,7.863,8.732,10.718,14.033,14.826,1.419,0.085,4.133,4.201
2811,4.048,8.724,1821,5.311,7.863,8.732,10.718,14.033,14.826,1.451,0.083,2.981,4.209
2812,4.349,8.714,1798,5.311,7.862,8.732,10.717,14.033,14.825,1.458,0.085,2.967,4.204
2813,3.959,8.693,1798,5.311,7.862,8.732,10.716,14.033,14.825,1.445,0.079,2.988,4.180
2814,3.776,10.088,1761,5.310,7.862,8.732,10.716,14.033,14.825,1.494,0.090,2.966,5.538
2815,5.264,10.191,1761,5.310,7.861,8.732,10.716,14.033,14.825,1.523,0.085,4.403,4.180
2816,4.151,8.598,1740,5.310,7.861,8.731,10.715,14.033,14.825,1.475,0.089,2.928,4.106
2817,4.556,9.738,1740,5.309,7.861,8.731,10.715,14.033,14.825,1.455,0.084,2.916,5.283
2818,4.742,8.708,1718,5.309,7.861,8.731,10.714,14.033,14.824,1.410,0.097,2.915,4.286
2819,4.495,8.800,1718,5.309,7.860,8.731,10.713,14.033,14.824,1.502,0.081,2.919,4.299
2820,5.423,10.129,1718,5.309,7.860,8.731,10.713,14.033,14.824,1.506,0.088,2.915,5.620
2821,3.896,8.704,1718,5.308,7.860,8.731,10.712,14.033,14.824,1.442,0.080,2.901,4.282
2822,3.961,10.121,1700,5.308,7.860,8.730,10.712,14.033,14.824,1.484,0.083,2.917,5.637
2823,5.221,10.025,1700,5.308,7.859,8.730,10.712,14.033,14.823,1.418,0.100,4.099,4.409
2824,3.844,9.555,1675,5.307,7.859,8.730,10.712,14.032,14.823,1.454,0.091,3.127,4.884
2825,4.125,10.725,1675,5.307,7.859,8.730,10.712,14.032,14.823,1.488,0.083,3.127,6.027
2826,4.161,10.774,1675,5.307,7.859,8.730,10.712,14.032,14.823,1.451,0.097,4.348,4.878
2827,4.027,9.657,1654,5.306,7.858,8.729,10.711,14.032,14.823,1.481,0.095,3.137,4.944
2828,4.635,10.884,1654,5.306,7.858,8.729,10.711,14.031,14.822,1.655,0.082,3.121,6.026
2829,6.301,10.737,1654,5.306,7.858,8.729,10.711,14.031,14.822,1.517,0.096,4.218,4.907
2830,5.444,9.677,1746,5.306,7.858,8.729,10.711,14.031,14.822,1.534,0.083,3.140,4.920
2831,4.367,10.772,1746,5.306,7.857,8.729,10.711,14.031,14.822,1.508,0.107,3.126,6.031
2832,4.013,10.827,1746,5.305,7.857,8.729,10.711,14.030,14.822,1.577,0.088,4.226,4.936
2833,4.164,9.197,1727,5.305,7.857,8.728,10.710,14.030,14.822,1.400,0.081,2.957,4.759
2834,4.988,10.287,1727,5.305,7.857,8.728,10.710,14.030,14.821,1.443,0.084,2.957,5.803
2835,3.906,9.128,1707,5.304,7.856,8.728,10.710,14.030,14.821,1.464,0.079,2.928,4.657
2836,3.975,9.152,1707,5.304,7.856,8.728,10.709,14.029,14.821,1.472,0.082,2.907,4.691
2837,4.744,10.372,1707,5.304,7.856,8.728,10.709,14.029,14.821,1.413,0.086,4.211,4.663
2838,3.900,9.443,1691,5.303,7.855,8.727,10.709,14.029,14.821,1.335,0.080,3.094,4.933
2839,4.562,9.515,1691,5.303,7.855,8.727,10.708,14.029,14.820,1.418,0.078,3.087,4.931
2840,4.831,10.649,1691,5.303,7.855,8.727,10.708,14.028,14.820,1.353,0.094,4.256,4.945
2841,3.833,10.083,1685,5.302,7.855,8.727,10.708,14.028,14.820,1.412,0.094,3.319,5.259
2842,3.924,11.438,1685,5.302,7.854,8.727,10.708,14.028,14.820,1.532,0.083,3.330,6.492
2843,5.264,11.304,1685,5.302,7.853,8.727,10.708,14.028,14.820,1.411,0.081,3.356,6.456
2844,4.285,10.185,1675,5.301,7.852,8.726,10.708,14.028,14.819,1.565,0.102,3.323,5.195
2845,6.181,11.460,1675,5.302,7.852,8.726,10.709,14.028,14.819,2.840,0.084,3.319,5.217
2846,4.054,10.942,1721,5.301,7.851,8.726,10.709,14.028,14.819,1.591,0.085,3.125,6.141
2847,4.626,9.717,1721,5.301,7.850,8.726,10.708,14.028,14.819,1.585,0.096,3.123,4.913
2848,4.511,9.621,1721,5.301,7.849,8.726,10.708,14.028,14.819,1.500,0.078,3.143,4.899
2849,7.163,10.060,1700,5.301,7.849,8.726,10.708,14.028,14.819,1.474,0.082,2.757,5.747
2850,5.497,8.976,1700,5.302,7.848,8.725,10.707,14.028,14.818,1.541,0.094,2.766,4.576
2851,5.094,10.237,1700,5.301,7.847,8.725,10.707,14.028,14.818,1.587,0.083,2.777,5.791
2852,4.746,9.997,1700,5.301,7.846,8.725,10.707,14.028,14.818,1.479,0.094,3.873,4.551
2853,3.882,8.937,1788,5.301,7.846,8.725,10.706,14.028,14.818,1.488,0.082,2.759,4.608
2854,4.148,10.123,1788,5.300,7.845,8.725,10.706,14.028,14.818,1.471,0.081,2.779,5.791
2855,3.949,9.450,1781,5.300,7.844,8.724,10.705,14.028,14.817,1.519,0.091,2.948,4.892
2856,4.115,9.411,1781,5.299,7.843,8.724,10.705,14.028,14.817,1.485,0.078,2.962,4.886
2857,4.927,10.447,1775,5.299,7.843,8.724,10.705,14.028,14.817,1.531,0.096,2.917,5.904
2858,4.140,9.362,1775,5.299,7.842,8.724,10.704,14.028,14.817,1.519,0.098,2.912,4.832
2859,4.032,10.530,1750,5.299,7.841,8.724,10.704,14.028,14.817,2.754,0.082,2.909,4.784
2860,4.696,10.508,1750,5.298,7.840,8.724,10.704,14.028,14.817,1.413,0.083,2.957,6.056
2861,3.945,9.215,1745,5.298,7.840,8.723,10.704,14.028,14.816,1.444,0.079,2.905,4.787
2862,4.437,9.336,1745,5.298,7.838,8.723,10.703,14.028,14.816,1.525,0.083,2.925,4.803
2863,6.422,9.130,1724,5.298,7.837,8.723,10.703,14.027,14.816,1.294,0.085,3.684,4.068
2864,3.803,7.880,1713,5.297,7.836,8.723,10.702,14.027,14.816,1.275,0.085,2.475,4.045
2865,4.378,9.092,1713,5.297,7.835,8.723,10.701,14.027,14.816,1.354,0.084,2.473,5.182
2866,4.410,8.189,1707,5.297,7.834,8.722,10.700,14.027,14.815,1.368,0.081,2.513,4.227
2867,4.332,9.400,1707,5.296,7.833,8.722,10.700,14.026,14.815,1.359,0.102,2.514,5.425
2868,5.570,8.183,1707,5.297,7.832,8.722,10.699,14.026,14.815,1.351,0.088,2.513,4.231
2869,3.741,9.452,1693,5.296,7.831,8.722,10.698,14.026,14.815,1.501,0.086,2.527,5.339
2870,5.947,9.228,1693,5.296,7.830,8.722,10.698,14.025,14.815,1.370,0.101,3.631,4.127
2871,5.633,8.072,1693,5.296,7.829,8.722,10.697,14.025,14.814,1.363,0.077,2.525,4.107
2872,5.840,10.325,1679,5.297,7.828,8.721,10.697,14.025,14.814,1.460,0.094,2.738,6.032
2873,3.753,8.778,1679,5.296,7.827,8.721,10.696,14.025,14.814,1.359,0.083,2.737,4.599
2874,3.720,9.952,1690,5.295,7.826,8.721,10.696,14.024,14.814,1.426,0.081,2.755,5.691
2875,4.567,9.891,1690,5.295,7.825,8.721,10.696,14.024,14.814,1.441,0.086,3.764,4.600
2876,3.894,8.655,1650,5.295,7.824,8.721,10.695,14.024,14.814,1.303,0.077,2.697,4.578
2877,4.223,10.330,1650,5.294,7.823,8.720,10.695,14.023,14.813,1.324,0.081,2.698,6.227
2878,3.711,8.150,1702,5.294,7.822,8.720,10.694,14.023,14.813,1.292,0.078,2.485,4.295
2879,3.820,9.299,1702,5.293,7.821,8.720,10.693,14.023,14.813,1.345,0.083,2.468,5.404
2880,5.136,8.125,1695,5.293,7.820,8.720,10.693,14.023,14.813,1.239,0.102,2.485,4.299
2881,4.021,9.441,1695,5.293,7.819,8.720,10.692,14.022,14.813,1.320,0.081,2.471,5.570
2882,4.025,8.887,1661,5.292,7.819,8.720,10.692,14.022,14.812,1.228,0.081,3.496,4.082
2883,3.757,7.935,1661,5.292,7.818,8.719,10.691,14.022,14.812,1.310,0.078,2.457,4.090
2884,4.036,8.296,1625,5.291,7.818,8.719,10.690,14.022,14.812,1.185,0.083,3.421,3.607
2885,4.246,7.040,1625,5.291,7.818,8.719,10.688,14.022,14.812,1.206,0.075,2.161,3.598
2886,4.138,8.196,1625,5.291,7.817,8.719,10.688,14.022,14.812,1.206,0.084,3.298,3.608
2887,4.715,7.012,1625,5.290,7.817,8.719,10.686,14.022,14.811,1.162,0.086,2.169,3.596
2888,3.958,7.708,1600,5.290,7.817,8.719,10.685,14.021,14.811,1.177,0.096,3.182,3.253
2889,4.102,6.423,1600,5.290,7.816,8.718,10.684,14.021,14.811,1.135,0.078,1.926,3.283
2890,3.671,6.462,1600,5.289,7.816,8.718,10.682,14.021,14.811,1.162,0.106,1.929,3.266
2891,3.896,8.300,1600,5.288,7.816,8.718,10.682,14.021,14.811,1.408,0.093,1.922,4.877
2892,3.676,7.204,1600,5.288,7.815,8.718,10.680,14.021,14.811,1.312,0.122,2.163,3.607
2893,3.708,7.000,1607,5.287,7.815,8.718,10.679,14.021,14.810,1.161,0.083,2.158,3.598
2894,5.904,8.237,1607,5.288,7.814,8.717,10.678,14.021,14.810,1.269,0.086,3.290,3.592
2895,5.979,8.361,1592,5.288,7.814,8.717,10.677,14.020,14.810,1.351,0.078,2.611,4.321
2896,5.623,9.585,1592,5.288,7.814,8.717,10.677,14.020,14.810,1.397,0.081,2.624,5.483
2897,4.104,8.335,1599,5.288,7.813,8.717,10.676,14.020,14.810,1.312,0.078,2.613,4.332
2898,3.865,9.633,1599,5.287,7.813,8.717,10.676,14.020,14.809,1.432,0.097,2.618,5.486
2899,5.424,7.933,1585,5.287,7.813,8.717,10.675,14.020,14.809,1.300,0.076,2.411,4.146
2900,3.643,9.143,1585,5.287,7.812,8.716,10.674,14.020,14.809,1.419,0.086,2.419,5.219
2901,4.162,7.998,1585,5.286,7.812,8.716,10.673,14.020,14.809,1.337,0.094,2.422,4.146
2902,4.217,7.921,1585,5.286,7.811,8.716,10.673,14.019,14.809,1.286,0.077,2.414,4.145
2903,4.227,9.811,1573,5.285,7.810,8.715,10.672,14.018,14.809,1.369,0.086,4.134,4.223
2904,3.756,8.154,1573,5.285,7.809,8.715,10.671,14.018,14.809,1.398,0.080,2.450,4.226
2905,3.634,9.141,1650,5.284,7.808,8.715,10.671,14.017,14.809,1.346,0.081,2.449,5.264
2906,3.668,7.938,1650,5.284,7.807,8.714,10.670,14.016,14.809,1.382,0.078,2.429,4.048
2907,4.239,8.908,1650,5.283,7.806,8.714,10.669,14.016,14.809,1.287,0.081,2.428,5.113
2908,4.720,7.877,1650,5.283,7.806,8.713,10.668,14.015,14.809,1.320,0.077,2.428,4.052
2909,3.606,8.244,1634,5.283,7.805,8.713,10.668,14.014,14.809,1.246,0.081,2.192,4.725
2910,4.207,7.105,1634,5.282,7.804,8.713,10.666,14.014,14.809,1.200,0.077,2.201,3.626
2911,3.668,7.832,1616,5.282,7.803,8.712,10.665,14.013,14.809,1.157,0.081,1.985,4.609
2912,4.147,6.619,1616,5.281,7.802,8.712,10.664,14.013,14.809,1.151,0.080,1.995,3.393
2913,3.645,7.716,1616,5.281,7.801,8.711,10.663,14.012,14.809,1.177,0.088,1.976,4.476
2914,4.551,6.715,1616,5.281,7.800,8.711,10.662,14.011,14.809,1.243,0.081,1.993,3.398
2915,3.611,8.489,1615,5.280,7.799,8.711,10.661,14.011,14.809,1.192,0.097,2.285,4.915
2916,4.300,7.160,1615,5.280,7.798,8.710,10.660,14.010,14.809,1.202,0.094,2.176,3.688
2917,3.585,8.469,1615,5.279,7.798,8.710,10.659,14.009,14.809,1.289,0.093,2.168,4.918
2918,5.440,7.096,1615,5.279,7.797,8.709,10.658,14.009,14.809,1.162,0.080,2.177,3.677
2919,5.421,8.224,1615,5.279,7.796,8.709,10.657,14.008,14.809,1.246,0.080,2.174,4.724
2920,5.738,7.181,1609,5.279,7.795,8.709,10.656,14.007,14.809,1.199,0.080,2.202,3.700
2921,3.558,8.270,1609,5.279,7.794,8.708,10.655,14.007,14.809,1.239,0.081,2.214,4.736
2922,4.125,8.440,1590,5.278,7.794,8.708,10.654,14.007,14.809,1.336,0.079,2.634,4.391
2923,3.497,9.587,1590,5.278,7.794,8.707,10.654,14.007,14.809,1.346,0.092,2.646,5.503
2924,4.531,8.452,1599,5.277,7.794,8.707,10.653,14.007,14.809,1.316,0.088,2.637,4.411
2925,3.528,8.296,1599,5.277,7.794,8.707,10.652,14.007,14.809,1.155,0.079,2.651,4.410
2926,4.204,9.654,1640,5.276,7.794,8.706,10.652,14.007,14.809,1.447,0.084,3.666,4.457
2927,3.905,8.595,1640,5.276,7.794,8.706,10.651,14.007,14.809,1.396,0.084,2.647,4.469
2928,3.915,8.629,1640,5.276,7.794,8.705,10.650,14.007,14.809,1.452,0.076,2.651,4.450
2929,3.633,10.030,1615,5.275,7.793,8.705,10.650,14.007,14.809,1.446,0.084,2.470,6.030
2930,3.864,9.413,1615,5.274,7.793,8.705,10.650,14.007,14.809,1.417,0.080,2.476,5.440
2931,4.388,9.349,1615,5.274,7.793,8.704,10.649,14.007,14.809,1.423,0.088,3.544,4.293
2932,4.983,7.790,1703,5.274,7.793,8.704,10.648,14.007,14.809,1.388,0.082,2.251,4.069
2933,4.316,8.831,1703,5.274,7.793,8.703,10.648,14.007,14.809,1.370,0.083,3.303,4.076
2934,4.378,7.772,1703,5.273,7.793,8.703,10.647,14.007,14.809,1.354,0.079,2.241,4.099
2935,4.394,8.673,1687,5.273,7.793,8.703,10.646,14.007,14.809,1.284,0.081,2.223,5.085
2936,4.201,7.644,1687,5.273,7.793,8.702,10.645,14.007,14.809,1.370,0.080,2.222,3.973
2937,3.853,8.698,1687,5.272,7.793,8.702,10.644,14.007,14.809,1.279,0.133,2.236,5.050
2938,4.432,7.741,1687,5.272,7.793,8.701,10.643,14.006,14.809,1.469,0.084,2.215,3.973
2939,3.827,7.991,1673,5.272,7.793,8.701,10.642,14.006,14.809,1.237,0.119,2.003,4.632
2940,4.448,6.738,1673,5.271,7.793,8.701,10.641,14.006,14.809,1.233,0.080,1.996,3.429
2941,5.361,7.723,1673,5.271,7.793,8.700,10.640,14.006,14.809,1.176,0.081,2.004,4.461
2942,5.668,6.800,1663,5.271,7.793,8.700,10.639,14.006,14.809,1.171,0.081,2.042,3.506
2943,3.727,7.923,1654,5.271,7.793,8.699,10.638,14.006,14.809,1.178,0.088,2.043,4.614
2944,4.504,6.837,1654,5.271,7.793,8.699,10.637,14.006,14.809,1.192,0.079,2.053,3.514
2945,3.953,8.113,1663,5.270,7.793,8.699,10.636,14.006,14.809,1.197,0.087,2.059,4.770
2946,4.559,6.845,1663,5.270,7.793,8.698,10.635,14.006,14.809,1.190,0.079,2.064,3.512
2947,3.782,8.546,1636,5.269,7.792,8.698,10.634,14.006,14.809,1.238,0.082,3.560,3.666
2948,5.022,7.191,1636,5.269,7.792,8.697,10.633,14.006,14.809,1.228,0.079,2.202,3.681
2949,3.650,8.680,1611,5.269,7.792,8.697,10.632,14.006,14.809,1.310,0.083,2.237,5.051
2950,4.151,7.455,1611,5.268,7.792,8.697,10.631,14.006,14.809,1.305,0.096,2.232,3.822
2951,3.611,7.529,1613,5.268,7.792,8.696,10.630,14.006,14.809,1.315,0.080,2.266,3.868
2952,5.200,7.520,1613,5.268,7.792,8.696,10.629,14.006,14.809,1.323,0.083,2.268,3.846
2953,3.482,9.135,1600,5.267,7.792,8.695,10.628,14.006,14.809,1.445,0.080,2.466,5.146
2954,3.912,8.006,1600,5.267,7.792,8.695,10.627,14.006,14.809,1.366,0.078,2.475,4.088
2955,3.508,8.059,1600,5.266,7.792,8.695,10.627,14.006,14.809,1.433,0.077,2.463,4.087
2956,4.622,7.974,1600,5.266,7.792,8.694,10.626,14.006,14.809,1.324,0.103,2.457,4.090
2957,3.497,8.501,1557,5.265,7.792,8.694,10.625,14.006,14.809,1.268,0.079,2.224,4.930
2958,3.535,7.325,1557,5.265,7.792,8.693,10.624,14.006,14.809,1.276,0.087,2.234,3.728
2959,3.780,7.111,1581,5.264,7.792,8.693,10.623,14.006,14.809,1.037,0.088,2.244,3.741
2960,3.759,7.400,1581,5.264,7.792,8.693,10.622,14.006,14.809,1.296,0.094,2.259,3.751
2961,3.514,7.652,1554,5.263,7.792,8.692,10.621,14.006,14.808,1.051,0.086,2.411,4.104
2962,3.775,8.910,1554,5.263,7.792,8.692,10.620,14.006,14.808,1.264,0.086,3.451,4.109
2963,3.694,7.775,1581,5.262,7.792,8.691,10.619,14.006,14.808,1.227,0.084,2.366,4.098
2964,3.775,9.125,1581,5.262,7.792,8.691,10.618,14.006,14.808,1.307,0.096,3.620,4.102
2965,3.699,7.951,1592,5.261,7.792,8.691,10.618,14.006,14.808,1.324,0.083,2.405,4.140
2966,5.375,8.970,1592,5.261,7.792,8.690,10.617,14.006,14.808,1.239,0.090,2.398,5.244
2967,5.981,6.581,1569,5.261,7.792,8.690,10.616,14.006,14.808,1.117,0.084,2.010,3.369
2968,3.765,7.569,1569,5.261,7.792,8.689,10.615,14.006,14.808,1.074,0.082,2.005,4.408
2969,4.390,6.506,1569,5.261,7.792,8.689,10.613,14.006,14.808,1.047,0.093,2.001,3.365
2970,3.612,7.664,1569,5.260,7.792,8.689,10.612,14.006,14.808,1.070,0.084,3.152,3.358
2971,4.742,6.432,1542,5.260,7.792,8.688,10.611,14.005,14.808,1.130,0.082,1.954,3.266
2972,3.634,6.457,1542,5.259,7.791,8.688,10.609,14.005,14.808,1.129,0.103,1.953,3.271
2973,4.141,6.348,1533,5.259,7.791,8.687,10.608,14.005,14.808,1.032,0.093,1.956,3.266
2974,3.583,6.443,1533,5.258,7.791,8.687,10.607,14.005,14.808,1.147,0.084,1.948,3.264
2975,3.406,7.729,1532,5.258,7.791,8.687,10.606,14.005,14.808,1.292,0.093,1.969,4.375
2976,3.949,6.473,1532,5.257,7.791,8.686,10.604,14.005,14.808,1.138,0.093,1.956,3.285
2977,3.765,7.611,1532,5.257,7.791,8.686,10.603,14.005,14.808,1.154,0.080,1.969,4.408
2978,3.788,6.471,1532,5.256,7.791,8.685,10.602,14.005,14.808,1.152,0.085,1.955,3.279
2979,3.555,7.690,1538,5.256,7.791,8.685,10.601,14.005,14.808,1.164,0.081,1.993,4.452
2980,4.186,6.534,1538,5.255,7.791,8.685,10.600,14.005,14.808,1.150,0.083,1.992,3.309
2981,3.459,8.565,1506,5.255,7.791,8.684,10.599,14.005,14.808,1.256,0.085,3.645,3.579
2982,4.113,7.074,1506,5.254,7.791,8.684,10.598,14.005,14.808,1.239,0.079,2.177,3.580
2983,3.536,8.835,1506,5.254,7.791,8.683,10.597,14.005,14.808,1.349,0.080,2.181,5.225
2984,4.356,7.168,1506,5.254,7.791,8.683,10.596,14.004,14.808,1.324,0.086,2.178,3.580
2985,3.580,8.897,1498,5.253,7.791,8.683,10.595,14.004,14.808,1.278,0.082,2.408,5.129
2986,4.548,7.752,1498,5.253,7.791,8.682,10.594,14.004,14.808,1.304,0.078,2.385,3.986
2987,3.433,8.808,1498,5.252,7.791,8.682,10.594,14.004,14.808,1.293,0.079,2.399,5.037
2988,4.837,7.727,1498,5.252,7.791,8.681,10.593,14.004,14.808,1.269,0.089,2.382,3.987
2989,3.483,9.180,1495,5.251,7.791,8.681,10.592,14.004,14.808,1.433,0.098,2.441,5.209
2990,4.046,8.050,1495,5.251,7.791,8.681,10.592,14.004,14.808,1.456,0.098,2.424,4.072
2991,5.249,9.290,1495,5.251,7.791,8.680,10.591,14.003,14.808,2.702,0.082,2.446,4.060
2992,4.847,9.157,1485,5.251,7.791,8.680,10.591,14.003,14.808,1.446,0.082,3.542,4.088
2993,4.826,8.040,1485,5.251,7.791,8.679,10.590,14.003,14.808,1.420,0.077,2.442,4.102
2994,5.183,9.634,1485,5.251,7.791,8.679,10.589,14.003,14.808,1.368,0.081,2.437,5.748
2995,4.985,8.000,1485,5.251,7.791,8.679,10.589,14.003,14.808,1.392,0.077,2.439,4.092
2996,3.564,8.340,1614,5.250,7.790,8.678,10.588,14.003,14.808,1.280,0.077,2.228,4.754
2997,4.980,7.236,1614,5.250,7.790,8.678,10.587,14.003,14.808,1.295,0.077,2.235,3.629
2998,3.686,8.454,1614,5.249,7.790,8.677,10.586,14.003,14.808,1.389,0.084,2.238,4.742
2999,4.328,7.250,1614,5.249,7.790,8.677,10.585,14.002,14.808,1.312,0.093,2.237,3.609
3000,3.563,9.089,1591,5.249,7.790,8.677,10.584,14.002,14.808,1.288,0.086,2.401,5.314
3001,4.760,7.908,1591,5.248,7.790,8.676,10.583,14.002,14.808,1.350,0.074,2.413,4.071
3002,3.493,8.439,1584,5.248,7.790,8.676,10.583,14.002,14.808,1.317,0.088,2.198,4.836
3003,5.087,7.182,1584,5.248,7.790,8.676,10.582,14.002,14.808,1.211,0.075,2.197,3.700
3004,3.969,8.434,1575,5.247,7.790,8.676,10.581,14.002,14.808,1.279,0.082,2.195,4.878
3005,3.951,7.155,1575,5.247,7.790,8.676,10.580,14.002,14.808,1.189,0.077,2.191,3.698
3006,3.573,7.766,1555,5.246,7.790,8.676,10.579,14.002,14.808,1.066,0.090,2.012,4.598
3007,3.886,6.622,1555,5.246,7.790,8.676,10.578,14.002,14.808,1.101,0.093,1.994,3.434
3008,4.115,7.805,1555,5.246,7.790,8.675,10.577,14.002,14.808,1.156,0.076,2.007,4.565
3009,3.858,6.573,1555,5.245,7.789,8.675,10.575,14.002,14.808,1.072,0.078,1.995,3.429
3010,3.919,7.742,1545,5.245,7.789,8.675,10.574,14.002,14.808,1.050,0.079,2.013,4.600
3011,3.852,6.634,1545,5.244,7.789,8.675,10.573,14.002,14.808,1.078,0.078,2.009,3.469
3012,3.896,7.808,1545,5.244,7.789,8.675,10.572,14.002,14.808,1.087,0.078,2.027,4.616
3013,5.202,6.655,1545,5.244,7.789,8.675,10.571,14.002,14.808,1.092,0.100,2.003,3.460
3014,3.563,5.735,1516,5.243,7.789,8.675,10.569,14.002,14.808,1.045,0.078,1.591,3.021
3015,4.208,5.896,1516,5.243,7.789,8.675,10.568,14.002,14.808,1.171,0.095,1.583,3.047
3016,4.922,5.803,1507,5.243,7.789,8.675,10.566,14.002,14.808,1.109,0.082,1.587,3.025
3017,6.810,7.654,1507,5.243,7.789,8.674,10.565,14.002,14.808,1.463,0.147,1.579,4.465
3018,6.459,6.935,1514,5.244,7.788,8.674,10.564,14.002,14.808,1.218,0.077,2.011,3.629
3019,5.452,8.144,1514,5.244,7.788,8.674,10.563,14.002,14.808,1.329,0.077,2.001,4.738
3020,5.092,6.952,1514,5.244,7.788,8.674,10.562,14.002,14.808,1.238,0.085,2.010,3.620
3021,3.410,8.237,1502,5.243,7.788,8.674,10.561,14.002,14.808,1.369,0.086,2.042,4.740
3022,3.775,7.052,1502,5.243,7.788,8.674,10.560,14.002,14.808,1.276,0.081,2.045,3.651
3023,3.436,8.198,1502,5.242,7.788,8.674,10.559,14.002,14.808,1.300,0.077,2.052,4.769
3024,3.660,7.032,1502,5.241,7.788,8.674,10.558,14.002,14.808,1.251,0.080,2.046,3.655
3025,3.359,9.237,1482,5.241,7.788,8.674,10.558,14.002,14.807,1.338,0.079,2.429,5.391
3026,3.731,8.166,1482,5.240,7.787,8.673,10.557,14.002,14.807,1.269,0.090,2.439,4.369
3027,3.384,8.003,1482,5.240,7.787,8.673,10.556,14.001,14.807,1.119,0.079,2.429,4.375
3028,3.697,9.537,1479,5.239,7.787,8.673,10.556,14.001,14.807,1.410,0.083,3.654,4.390
3029,3.353,8.230,1479,5.239,7.787,8.673,10.555,14.001,14.807,1.327,0.087,2.430,4.385
3030,3.556,8.401,1479,5.238,7.787,8.673,10.554,14.001,14.807,1.480,0.075,2.443,4.403
3031,4.586,8.454,1472,5.238,7.787,8.673,10.553,14.001,14.807,1.433,0.090,2.470,4.460
3032,3.409,9.553,1472,5.237,7.787,8.673,10.553,14.001,14.807,1.439,0.078,2.483,5.552
3033,3.797,9.469,1472,5.237,7.786,8.673,10.553,14.001,14.807,1.343,0.085,3.573,4.468
3034,3.642,8.418,1545,5.236,7.786,8.673,10.552,14.001,14.807,1.396,0.084,2.456,4.482
3035,3.844,9.540,1545,5.236,7.786,8.672,10.552,14.001,14.807,1.378,0.078,2.456,5.628
3036,3.604,8.373,1545,5.235,7.786,8.672,10.551,14.001,14.807,1.366,0.078,2.453,4.475
3037,3.729,9.503,1545,5.235,7.786,8.672,10.551,14.001,14.807,1.353,0.092,2.455,5.604
3038,3.883,8.704,1604,5.234,7.786,8.672,10.550,14.001,14.807,1.763,0.095,2.449,4.397
3039,3.744,9.599,1604,5.234,7.786,8.672,10.550,14.001,14.807,2.685,0.085,2.438,4.391
3040,4.237,9.242,1604,5.233,7.786,8.672,10.549,14.001,14.807,1.295,0.081,3.480,4.386
3041,4.908,7.453,1573,5.233,7.785,8.672,10.548,14.001,14.807,1.254,0.078,2.216,3.905
3042,6.566,8.911,1573,5.234,7.785,8.672,10.548,14.001,14.807,1.175,0.079,2.218,5.440
3043,3.627,7.377,1573,5.233,7.785,8.671,10.547,14.001,14.807,1.183,0.078,2.214,3.901
3044,3.537,8.171,1548,5.233,7.785,8.671,10.546,14.001,14.807,1.072,0.079,2.030,4.992
3045,4.591,6.939,1548,5.232,7.785,8.671,10.545,14.001,14.807,1.091,0.082,2.032,3.734
3046,3.572,8.332,1548,5.232,7.785,8.671,10.544,14.001,14.807,1.092,0.080,2.022,5.138
3047,4.640,6.170,1534,5.232,7.785,8.671,10.543,14.001,14.807,1.015,0.088,1.802,3.265
3048,3.489,7.274,1534,5.231,7.785,8.671,10.542,14.001,14.807,1.027,0.086,2.917,3.243
3049,4.932,6.182,1534,5.231,7.785,8.671,10.540,14.001,14.807,1.011,0.093,1.814,3.263
3050,3.814,6.200,1534,5.231,7.785,8.671,10.539,14.001,14.807,1.051,0.081,1.799,3.269
3051,3.838,7.405,1527,5.230,7.785,8.671,10.538,14.001,14.807,1.102,0.092,1.806,4.405
3052,3.496,6.194,1527,5.230,7.785,8.670,10.536,14.001,14.807,1.042,0.083,1.793,3.277
3053,3.666,7.318,1527,5.229,7.784,8.670,10.535,14.001,14.807,1.066,0.083,1.802,4.367
3054,3.776,6.192,1527,5.229,7.784,8.670,10.534,14.001,14.807,1.041,0.086,1.809,3.256
3055,3.454,7.993,1519,5.228,7.784,8.670,10.533,14.001,14.807,1.173,0.080,2.020,4.721
3056,4.450,6.777,1519,5.228,7.784,8.670,10.532,14.001,14.806,1.137,0.079,2.006,3.554
3057,3.461,7.755,1519,5.227,7.784,8.670,10.531,14.001,14.806,1.123,0.082,3.203,3.346
3058,4.788,6.338,1519,5.227,7.784,8.670,10.529,14.001,14.806,1.093,0.084,1.815,3.346
3059,3.413,8.122,1516,5.226,7.784,8.670,10.529,14.001,14.806,1.225,0.082,3.194,3.620
3060,4.095,6.995,1516,5.226,7.784,8.670,10.527,14.001,14.806,1.225,0.081,2.070,3.619
3061,3.597,8.165,1505,5.226,7.784,8.669,10.527,14.001,14.806,1.285,0.090,3.164,3.627
3062,3.952,6.976,1505,5.225,7.783,8.669,10.526,14.001,14.806,1.211,0.077,2.061,3.627
3063,3.458,9.381,1498,5.225,7.783,8.669,10.525,14.001,14.806,1.372,0.082,3.564,4.362
3064,3.542,8.211,1498,5.224,7.782,8.669,10.524,14.000,14.806,1.298,0.125,2.441,4.346
3065,3.471,9.602,1489,5.223,7.782,8.669,10.524,14.000,14.806,1.413,0.105,2.459,5.625
3066,3.471,8.302,1489,5.223,7.781,8.669,10.523,14.000,14.806,1.403,0.104,2.438,4.358
3067,3.435,9.728,1488,5.222,7.781,8.669,10.523,14.000,14.806,1.444,0.115,2.485,5.684
3068,5.639,9.396,1488,5.222,7.780,8.669,10.523,14.000,14.806,1.421,0.088,3.487,4.400
3069,5.213,8.340,1470,5.222,7.780,8.669,10.522,14.000,14.806,1.343,0.077,2.477,4.443
3070,5.603,9.377,1470,5.222,7.779,8.668,10.522,14.000,14.806,1.353,0.083,3.493,4.448
3071,3.398,8.376,1468,5.222,7.779,8.668,10.521,14.000,14.806,1.417,0.076,2.452,4.430
3072,3.498,9.377,1468,5.221,7.778,8.668,10.521,14.000,14.806,1.343,0.079,2.458,5.497
3073,3.514,8.367,1556,5.221,7.777,8.668,10.520,14.000,14.806,1.358,0.078,2.474,4.456
3074,3.536,9.638,1556,5.220,7.777,8.668,10.520,14.000,14.806,1.442,0.087,2.464,5.644
3075,4.524,9.490,1545,5.220,7.776,8.668,10.519,13.999,14.806,1.350,0.104,3.603,4.433
3076,3.578,8.362,1545,5.219,7.776,8.668,10.519,13.999,14.806,1.380,0.080,2.449,4.453
3077,4.148,7.564,1598,5.219,7.775,8.668,10.518,13.999,14.806,1.287,0.094,2.242,3.940
3078,3.909,7.524,1598,5.219,7.775,8.668,10.517,13.999,14.806,1.276,0.090,2.236,3.921
3079,4.032,9.159,1591,5.218,7.774,8.667,10.516,13.999,14.806,1.303,0.079,2.438,5.340
3080,5.534,8.054,1591,5.218,7.774,8.667,10.515,13.999,14.806,1.313,0.079,2.422,4.240
3081,3.675,9.274,1589,5.218,7.773,8.667,10.515,13.999,14.806,1.310,0.081,2.429,5.455
3082,4.568,8.117,1589,5.218,7.773,8.667,10.514,13.999,14.806,1.356,0.085,2.424,4.252
3083,3.515,8.687,1584,5.217,7.773,8.667,10.514,13.999,14.806,1.227,0.083,2.258,5.120
3084,4.372,8.538,1584,5.217,7.773,8.667,10.513,13.999,14.806,1.221,0.093,3.257,3.967
3085,3.632,6.051,1551,5.216,7.773,8.667,10.512,13.999,14.806,1.005,0.081,1.766,3.198
3086,4.117,6.099,1551,5.216,7.773,8.667,10.510,13.999,14.806,1.009,0.094,1.783,3.213
3087,3.849,7.160,1547,5.216,7.773,8.667,10.509,13.999,14.805,0.994,0.082,1.763,4.321
3088,3.870,6.091,1547,5.215,7.773,8.666,10.508,13.999,14.805,1.036,0.092,1.770,3.193
3089,3.659,7.426,1528,5.215,7.773,8.666,10.507,13.999,14.805,1.063,0.158,1.771,4.433
3090,4.081,6.170,1528,5.214,7.773,8.666,10.505,13.999,14.805,1.069,0.096,1.770,3.235
3091,4.517,7.493,1528,5.214,7.773,8.666,10.504,13.999,14.805,1.231,0.081,2.911,3.270
3092,7.218,6.088,1528,5.215,7.773,8.666,10.503,13.999,14.805,1.012,0.086,1.771,3.219
3093,7.055,8.469,1536,5.215,7.773,8.666,10.502,13.998,14.805,1.345,0.085,3.206,3.834
3094,4.290,7.396,1536,5.215,7.772,8.666,10.501,13.998,14.805,1.264,0.093,2.208,3.832
3095,3.965,8.366,1536,5.215,7.772,8.666,10.500,13.998,14.805,1.254,0.093,3.189,3.829
3096,3.820,7.363,1536,5.214,7.772,8.666,10.499,13.998,14.805,1.257,0.083,2.206,3.818
3097,3.559,8.512,1552,5.214,7.772,8.665,10.499,13.998,14.805,1.268,0.096,3.249,3.899
3098,3.650,7.484,1552,5.213,7.772,8.665,10.498,13.998,14.805,1.258,0.097,2.240,3.889
3099,3.593,8.658,1552,5.213,7.772,8.665,10.497,13.998,14.805,1.256,0.087,3.418,3.897
3100,3.515,7.535,1552,5.212,7.772,8.665,10.496,13.998,14.805,1.311,0.081,2.252,3.891
3101,3.547,9.819,1554,5.211,7.772,8.665,10.496,13.998,14.805,1.347,0.085,2.690,5.697
3102,4.976,8.784,1554,5.211,7.772,8.665,10.495,13.998,14.805,1.366,0.081,2.695,4.642
3103,3.664,9.858,1554,5.211,7.771,8.665,10.495,13.998,14.805,1.372,0.083,2.678,5.725
3104,3.815,9.761,1554,5.210,7.771,8.665,10.495,13.998,14.805,1.336,0.092,3.682,4.651
3105,3.471,8.513,1538,5.210,7.771,8.665,10.494,13.998,14.805,1.626,0.080,2.451,4.356
3106,4.217,9.580,1538,5.210,7.771,8.665,10.494,13.998,14.805,1.330,0.089,2.459,5.703
3107,3.453,8.207,1538,5.209,7.770,8.665,10.493,13.998,14.805,1.325,0.082,2.465,4.335
3108,3.975,9.799,1506,5.209,7.770,8.665,10.493,13.998,14.805,1.415,0.088,2.655,5.641
3109,4.534,8.784,1506,5.208,7.770,8.664,10.493,13.998,14.805,1.418,0.097,2.655,4.615
3110,4.151,7.833,1528,5.208,7.769,8.664,10.492,13.998,14.804,2.589,0.083,1.964,3.196
3111,4.185,6.429,1528,5.208,7.769,8.664,10.490,13.998,14.804,1.163,0.098,1.974,3.194
3112,4.392,8.021,1528,5.207,7.769,8.664,10.490,13.998,14.804,1.347,0.098,1.959,4.617
3113,3.919,6.499,1530,5.207,7.768,8.664,10.488,13.998,14.804,1.203,0.099,1.972,3.225
3114,3.498,7.998,1530,5.207,7.768,8.664,10.488,13.998,14.804,1.379,0.132,1.972,4.515
3115,5.211,6.497,1530,5.207,7.768,8.664,10.486,13.998,14.804,1.230,0.083,1.983,3.201
3116,6.436,7.598,1530,5.207,7.768,8.664,10.485,13.998,14.804,1.245,0.092,1.972,4.289
3117,5.901,6.521,1523,5.207,7.767,8.664,10.484,13.998,14.804,1.116,0.080,1.972,3.353
3118,3.662,7.630,1523,5.207,7.767,8.664,10.483,13.998,14.804,1.127,0.081,1.967,4.456
3119,3.842,6.533,1523,5.206,7.767,8.664,10.482,13.998,14.804,1.110,0.086,1.975,3.363
3120,3.540,7.745,1572,5.206,7.766,8.664,10.481,13.998,14.804,1.118,0.095,1.983,4.549
3121,4.089,6.638,1572,5.205,7.766,8.664,10.480,13.998,14.804,1.119,0.093,1.991,3.435
3122,3.532,7.802,1572,5.205,7.766,8.664,10.479,13.998,14.804,1.129,0.081,3.146,3.446
3123,4.519,6.636,1572,5.205,7.766,8.663,10.478,13.997,14.804,1.115,0.084,2.001,3.437
3124,3.502,7.763,1569,5.204,7.766,8.663,10.477,13.997,14.804,1.151,0.088,3.032,3.493
3125,3.948,6.732,1569,5.204,7.766,8.663,10.476,13.997,14.804,1.139,0.081,2.024,3.488
3126,3.493,6.733,1569,5.203,7.766,8.663,10.474,13.997,14.803,1.130,0.097,2.012,3.495
3127,3.486,6.586,1569,5.202,7.766,8.663,10.473,13.997,14.803,0.975,0.086,2.028,3.497
3128,3.527,7.449,1581,5.202,7.766,8.663,10.472,13.997,14.803,1.305,0.094,2.251,3.799
3129,3.517,8.514,1581,5.201,7.766,8.663,10.472,13.997,14.803,2.363,0.080,2.271,3.800
3130,3.776,8.438,1581,5.201,7.766,8.663,10.471,13.997,14.803,1.314,0.083,3.237,3.804
3131,3.772,7.429,1581,5.201,7.766,8.663,10.470,13.997,14.803,1.278,0.083,2.251,3.816
3132,3.680,8.327,1584,5.200,7.766,8.663,10.469,13.997,14.803,1.206,0.083,3.271,3.767
3133,3.480,7.345,1584,5.199,7.766,8.663,10.468,13.997,14.803,1.249,0.081,2.268,3.748
3134,3.753,8.323,1584,5.199,7.766,8.663,10.468,13.997,14.803,1.206,0.085,3.265,3.767
3135,3.486,7.252,1559,5.198,7.766,8.663,10.467,13.997,14.803,1.194,0.080,2.237,3.742
3136,3.616,8.306,1559,5.198,7.766,8.663,10.466,13.997,14.803,1.211,0.085,3.256,3.755
3137,3.450,7.292,1552,5.197,7.766,8.662,10.465,13.996,14.803,1.210,0.094,2.236,3.751
3138,3.825,8.292,1552,5.197,7.766,8.662,10.464,13.996,14.803,1.203,0.084,3.244,3.761
3139,3.446,7.991,1556,5.196,7.766,8.662,10.463,13.996,14.803,1.351,0.091,2.423,4.126
3140,3.532,7.918,1556,5.196,7.766,8.662,10.463,13.996,14.803,1.269,0.116,2.432,4.102
3141,3.434,7.935,1556,5.195,7.766,8.662,10.462,13.996,14.803,1.313,0.080,2.433,4.108
3142,4.817,9.012,1556,5.195,7.766,8.662,10.461,13.996,14.802,1.225,0.078,2.433,5.277
3143,5.842,7.995,1636,5.195,7.765,8.662,10.461,13.996,14.802,1.243,0.081,2.473,4.198
3144,4.257,9.155,1636,5.195,7.765,8.662,10.460,13.996,14.802,1.318,0.079,2.474,5.284
3145,4.776,8.015,1636,5.195,7.765,8.662,10.459,13.996,14.802,1.240,0.092,2.485,4.199
3146,3.736,9.191,1636,5.195,7.765,8.662,10.459,13.995,14.802,1.288,0.086,2.472,5.344
3147,4.149,9.078,1611,5.194,7.765,8.662,10.459,13.995,14.802,1.276,0.085,3.500,4.218
3148,3.601,8.032,1611,5.194,7.765,8.662,10.458,13.995,14.802,1.268,0.083,2.463,4.219
3149,3.722,7.880,1588,5.193,7.765,8.662,10.457,13.995,14.802,1.228,0.085,3.105,3.462
3150,3.939,6.774,1588,5.193,7.765,8.662,10.456,13.995,14.802,1.162,0.085,2.058,3.470
3151,3.987,7.867,1588,5.192,7.765,8.661,10.455,13.995,14.802,1.213,0.088,3.081,3.486
3152,3.882,6.703,1565,5.192,7.765,8.661,10.454,13.994,14.802,1.127,0.086,2.054,3.436
3153,3.523,6.766,1565,5.191,7.765,8.661,10.453,13.994,14.802,1.193,0.084,2.034,3.455
3154,3.563,6.769,1567,5.191,7.765,8.661,10.451,13.994,14.802,1.165,0.082,2.070,3.451
3155,3.701,6.810,1567,5.190,7.765,8.661,10.450,13.994,14.802,1.194,0.080,2.068,3.468
3156,4.802,7.885,1551,5.190,7.765,8.661,10.449,13.994,14.802,1.160,0.082,2.051,4.593
3157,3.632,6.760,1551,5.190,7.765,8.661,10.448,13.994,14.802,1.183,0.081,2.042,3.454
3158,3.672,8.016,1551,5.189,7.765,8.661,10.447,13.993,14.801,1.239,0.081,2.051,4.645
3159,3.788,6.695,1551,5.189,7.765,8.661,10.446,13.993,14.801,1.131,0.077,2.044,3.442
3160,3.489,9.175,1530,5.188,7.764,8.661,10.446,13.993,14.801,1.312,0.081,2.453,5.329
3161,4.050,7.972,1530,5.188,7.764,8.661,10.445,13.993,14.801,1.331,0.101,2.442,4.099
3162,3.599,9.210,1530,5.188,7.764,8.661,10.445,13.993,14.801,2.579,0.082,2.455,4.094
3163,3.719,9.163,1514,5.187,7.763,8.661,10.444,13.992,14.801,1.297,0.082,3.497,4.288
3164,3.446,8.248,1514,5.187,7.763,8.661,10.444,13.992,14.801,1.370,0.094,2.453,4.331
3165,3.747,9.376,1516,5.186,7.762,8.660,10.443,13.992,14.801,1.296,0.100,2.451,5.529
3166,3.639,8.260,1516,5.186,7.762,8.660,10.443,13.992,14.801,1.415,0.085,2.456,4.303
3167,4.990,9.623,1504,5.186,7.761,8.660,10.442,13.991,14.801,1.385,0.082,2.502,5.654
3168,5.548,9.606,1504,5.186,7.761,8.660,10.442,13.991,14.801,1.447,0.090,3.619,4.450
3169,3.937,8.364,1515,5.185,7.760,8.660,10.441,13.991,14.801,1.341,0.080,2.505,4.438
3170,4.041,9.554,1515,5.185,7.760,8.660,10.441,13.991,14.801,1.361,0.082,3.640,4.471
3171,3.439,8.369,1486,5.184,7.759,8.660,10.440,13.991,14.801,1.337,0.080,2.490,4.462
3172,3.649,9.537,1486,5.184,7.759,8.660,10.440,13.990,14.801,1.372,0.082,2.485,5.598
3173,3.862,8.493,1565,5.183,7.758,8.660,10.440,13.990,14.801,1.395,0.081,2.508,4.508
3174,3.524,9.739,1565,5.183,7.758,8.660,10.439,13.990,14.801,1.494,0.078,2.506,5.661
3175,4.697,9.523,1565,5.183,7.757,8.660,10.439,13.990,14.800,1.361,0.083,3.586,4.494
3176,3.796,8.651,1616,5.182,7.757,8.660,10.439,13.989,14.800,1.318,0.083,2.500,4.749
3177,4.341,9.826,1616,5.182,7.756,8.660,10.438,13.989,14.800,1.302,0.077,2.517,5.930
3178,4.304,8.618,1616,5.182,7.756,8.660,10.438,13.989,14.800,1.310,0.082,2.501,4.725
3179,4.005,9.823,1613,5.181,7.755,8.659,10.438,13.989,14.800,1.338,0.080,2.513,5.893
3180,4.831,9.775,1613,5.181,7.755,8.659,10.437,13.989,14.800,1.294,0.085,3.648,4.748
3181,3.958,8.667,1613,5.181,7.754,8.659,10.437,13.988,14.800,1.323,0.077,2.503,4.763
3182,4.258,9.190,1595,5.181,7.754,8.659,10.436,13.988,14.800,1.216,0.081,2.327,5.566
3183,4.116,8.017,1595,5.180,7.754,8.659,10.436,13.988,14.800,1.189,0.085,2.307,4.436
3184,4.345,9.151,1595,5.180,7.754,8.659,10.435,13.988,14.800,1.191,0.078,2.321,5.562
3185,5.053,7.411,1577,5.180,7.753,8.659,10.434,13.988,14.800,1.148,0.082,2.097,4.083
3186,3.674,8.615,1577,5.180,7.753,8.659,10.434,13.988,14.800,1.149,0.109,2.104,5.253
3187,4.138,7.439,1577,5.179,7.753,8.659,10.433,13.988,14.800,1.170,0.083,2.088,4.097
3188,3.992,8.201,1554,5.179,7.753,8.659,10.432,13.987,14.800,1.082,0.093,1.878,5.147
3189,3.995,6.862,1554,5.178,7.753,8.659,10.431,13.987,14.800,1.046,0.085,1.890,3.841
3190,4.993,8.186,1554,5.178,7.753,8.659,10.430,13.987,14.800,1.080,0.093,1.880,5.133
3191,5.947,6.801,1554,5.179,7.752,8.659,10.429,13.987,14.799,0.978,0.081,1.887,3.855
3192,3.624,9.180,1548,5.178,7.752,8.659,10.429,13.987,14.799,1.267,0.081,2.274,5.557
3193,3.986,8.013,1548,5.178,7.752,8.658,10.428,13.987,14.799,1.233,0.098,2.265,4.417
3194,3.495,7.853,1548,5.177,7.752,8.658,10.427,13.987,14.799,1.079,0.085,2.266,4.422
3195,3.728,9.349,1534,5.177,7.752,8.658,10.427,13.987,14.799,1.262,0.081,3.444,4.562
3196,3.442,8.264,1534,5.176,7.751,8.658,10.426,13.987,14.799,1.252,0.082,2.329,4.601
3197,3.668,9.319,1534,5.176,7.751,8.658,10.426,13.986,14.799,1.264,0.080,2.334,5.641
3198,4.011,8.247,1534,5.175,7.751,8.658,10.425,13.986,14.799,1.247,0.087,2.331,4.582
3199,3.833,9.189,1527,5.175,7.751,8.658,10.425,13.986,14.799,1.302,0.077,2.551,5.259
3200,4.790,10.441,1527,5.175,7.751,8.658,10.425,13.986,14.799,1.293,0.084,3.817,5.248
3201,3.827,9.186,1527,5.174,7.751,8.658,10.424,13.986,14.799,1.291,0.080,2.565,5.250
3202,3.842,9.315,1515,5.174,7.750,8.658,10.424,13.986,14.799,1.360,0.082,2.559,5.314
3203,4.657,10.497,1515,5.174,7.750,8.658,10.424,13.986,14.799,1.443,0.087,3.667,5.300
3204,3.608,9.319,1515,5.173,7.750,8.658,10.424,13.986,14.798,1.359,0.087,2.567,5.307
3205,4.340,10.536,1499,5.173,7.750,8.658,10.424,13.986,14.798,1.364,0.078,2.608,6.486
3206,4.666,9.445,1499,5.173,7.750,8.658,10.423,13.986,14.798,1.363,0.097,2.582,5.402
3207,4.089,9.451,1560,5.173,7.750,8.658,10.423,13.986,14.798,1.353,0.106,2.583,5.410
3208,5.083,10.773,1560,5.173,7.749,8.658,10.423,13.986,14.798,1.503,0.090,2.569,6.611
3209,4.329,9.600,1560,5.172,7.749,8.658,10.423,13.986,14.798,1.496,0.107,2.578,5.419
3210,4.026,10.129,1544,5.172,7.749,8.658,10.423,13.986,14.798,2.667,0.100,2.363,4.999
3211,5.617,9.876,1544,5.172,7.749,8.658,10.423,13.986,14.797,1.270,0.083,2.384,6.140
3212,4.035,8.741,1544,5.172,7.749,8.658,10.422,13.986,14.797,1.264,0.080,2.368,5.029
3213,4.123,10.430,1611,5.171,7.749,8.658,10.422,13.986,14.797,1.307,0.079,2.578,6.467
3214,3.918,10.474,1611,5.171,7.748,8.657,10.422,13.986,14.797,1.342,0.083,3.664,5.384
3215,3.843,9.595,1611,5.171,7.748,8.657,10.422,13.986,14.797,1.548,0.079,2.564,5.404
3216,4.360,9.821,1606,5.170,7.748,8.657,10.422,13.986,14.797,1.208,0.077,2.397,6.139
3217,3.517,8.728,1606,5.170,7.748,8.657,10.421,13.985,14.797,1.183,0.087,2.395,5.063
3218,3.907,10.094,1606,5.169,7.748,8.657,10.421,13.985,14.796,1.241,0.087,2.392,6.374
3219,4.393,9.111,1584,5.169,7.748,8.657,10.421,13.985,14.796,1.125,0.100,3.277,4.609
3220,3.912,7.969,1584,5.169,7.747,8.657,10.420,13.985,14.796,1.107,0.089,2.156,4.618
3221,4.258,9.226,1584,5.169,7.747,8.657,10.420,13.985,14.796,1.168,0.078,2.141,5.837
3222,4.130,8.676,1580,5.168,7.747,8.657,10.419,13.985,14.796,1.263,0.082,2.343,4.988
3223,3.789,9.842,1580,5.168,7.747,8.657,10.419,13.985,14.796,1.277,0.078,2.346,6.141
3224,5.677,9.844,1580,5.168,7.747,8.657,10.419,13.985,14.796,1.288,0.086,3.502,4.968
3225,3.787,8.045,1559,5.168,7.747,8.657,10.418,13.984,14.795,1.142,0.080,2.158,4.664
3226,4.219,9.738,1559,5.167,7.746,8.657,10.418,13.984,14.795,1.156,0.083,2.151,6.347
3227,4.577,8.067,1559,5.167,7.746,8.657,10.417,13.984,14.795,1.148,0.098,2.167,4.654
3228,4.116,9.837,1541,5.167,7.746,8.657,10.417,13.984,14.795,1.401,0.089,2.308,6.039
3229,5.063,8.372,1541,5.167,7.746,8.657,10.416,13.984,14.795,1.171,0.115,2.316,4.770
3230,4.487,8.212,1541,5.166,7.746,8.657,10.416,13.983,14.795,1.084,0.080,2.301,4.747
3231,5.877,10.944,1531,5.167,7.746,8.657,10.416,13.983,14.795,1.301,0.077,2.770,6.797
3232,5.047,9.741,1531,5.167,7.745,8.657,10.415,13.983,14.794,1.248,0.084,2.753,5.655
3233,3.851,11.060,1531,5.166,7.745,8.657,10.416,13.983,14.794,1.275,0.080,2.760,6.946
3234,3.645,11.275,1513,5.166,7.745,8.657,10.416,13.982,14.794,1.340,0.078,2.763,7.093
3235,3.540,11.109,1513,5.165,7.745,8.657,10.416,13.982,14.794,1.348,0.085,3.855,5.822
3236,4.117,9.972,1513,5.165,7.745,8.657,10.416,13.982,14.794,1.313,0.080,2.750,5.828
3237,5.689,11.273,1574,5.165,7.745,8.657,10.416,13.982,14.794,1.375,0.079,2.781,7.038
3238,4.864,11.392,1574,5.165,7.745,8.657,10.417,13.981,14.794,1.416,0.087,3.982,5.907
3239,4.913,10.304,1571,5.165,7.744,8.657,10.417,13.981,14.793,1.439,0.078,2.804,5.983
3240,5.505,11.419,1571,5.165,7.744,8.657,10.417,13.981,14.793,1.405,0.078,2.805,7.131
3241,5.288,11.612,1571,5.165,7.744,8.657,10.417,13.981,14.793,1.412,0.082,2.820,7.298
3242,5.231,8.953,1555,5.165,7.744,8.657,10.417,13.981,14.793,1.292,0.081,2.384,5.196
3243,6.090,10.173,1555,5.165,7.744,8.657,10.417,13.981,14.793,1.310,0.078,2.377,6.408
3244,5.838,9.705,1537,5.166,7.744,8.657,10.416,13.981,14.793,1.171,0.088,3.528,4.918
3245,4.304,8.528,1537,5.165,7.744,8.657,10.416,13.981,14.793,1.184,0.079,2.347,4.918
3246,4.837,9.693,1537,5.165,7.744,8.657,10.416,13.980,14.792,1.193,0.079,2.358,6.064
3247,4.758,7.920,1591,5.165,7.744,8.656,10.415,13.980,14.792,1.136,0.110,2.173,4.502
3248,4.538,7.975,1591,5.165,7.744,8.656,10.414,13.980,14.792,1.208,0.099,2.163,4.505
3249,5.425,9.345,1591,5.165,7.744,8.656,10.414,13.980,14.792,1.215,0.098,2.150,5.882
3250,3.557,9.970,1581,5.165,7.744,8.656,10.414,13.980,14.792,2.528,0.092,2.388,4.963
3251,4.907,9.705,1581,5.164,7.743,8.656,10.413,13.980,14.792,1.168,0.076,2.381,6.080
3252,7.191,8.611,1581,5.165,7.743,8.656,10.413,13.980,14.792,1.156,0.082,2.368,5.005
3253,3.735,10.392,1580,5.165,7.743,8.656,10.413,13.980,14.791,1.304,0.080,2.557,6.451
3254,3.710,10.358,1580,5.164,7.743,8.656,10.413,13.980,14.791,1.318,0.085,3.714,5.240
3255,3.574,9.130,1580,5.164,7.743,8.656,10.413,13.980,14.791,1.261,0.077,2.551,5.242
3256,3.913,10.348,1568,5.163,7.743,8.656,10.412,13.980,14.791,1.289,0.094,2.558,6.408
3257,3.992,9.334,1568,5.163,7.743,8.656,10.412,13.980,14.791,1.389,0.089,2.568,5.288
3258,3.997,9.017,1568,5.163,7.743,8.656,10.412,13.980,14.791,1.083,0.080,2.567,5.287
3259,4.865,9.775,1543,5.163,7.743,8.656,10.412,13.980,14.791,1.162,0.099,2.378,6.136
3260,4.270,8.578,1554,5.162,7.743,8.656,10.411,13.980,14.790,1.213,0.081,2.362,4.922
3261,4.463,8.522,1554,5.162,7.743,8.656,10.410,13.980,14.790,1.156,0.076,2.361,4.929
3262,5.358,9.095,1527,5.162,7.743,8.656,10.410,13.980,14.790,1.222,0.097,2.524,5.252
3263,4.812,9.281,1527,5.162,7.743,8.656,10.410,13.979,14.790,1.386,0.079,2.510,5.307
3264,4.099,10.102,1538,5.162,7.742,8.656,10.410,13.979,14.790,1.198,0.077,2.518,6.309
3265,3.649,9.143,1538,5.161,7.742,8.656,10.409,13.979,14.790,1.192,0.098,2.542,5.310
3266,4.231,10.535,1593,5.161,7.742,8.656,10.409,13.979,14.790,2.577,0.081,2.539,5.337
3267,4.710,10.478,1593,5.161,7.742,8.656,10.409,13.979,14.789,1.293,0.079,2.540,6.566
3268,3.794,9.445,1583,5.160,7.742,8.656,10.409,13.979,14.789,1.231,0.114,2.603,5.497
3269,3.978,10.889,1583,5.160,7.742,8.656,10.409,13.979,14.789,1.338,0.109,2.585,6.857
3270,5.490,10.099,1562,5.160,7.742,8.656,10.409,13.979,14.789,1.281,0.080,2.398,6.340
3271,5.184,8.768,1562,5.160,7.742,8.656,10.408,13.979,14.789,1.187,0.077,2.381,5.123
3272,5.383,10.123,1562,5.160,7.742,8.656,10.408,13.979,14.789,1.244,0.078,2.411,6.389
3273,5.698,9.939,1544,5.160,7.742,8.656,10.408,13.979,14.789,1.181,0.085,3.491,5.182
3274,3.573,8.920,1544,5.160,7.742,8.656,10.408,13.978,14.788,1.277,0.085,2.377,5.180
3275,3.709,9.971,1544,5.159,7.741,8.656,10.408,13.978,14.788,1.193,0.079,2.380,6.319
3276,3.631,8.862,1544,5.159,7.741,8.656,10.407,13.978,14.788,1.204,0.096,2.389,5.174
3277,3.587,9.385,1528,5.158,7.741,8.656,10.407,13.978,14.788,2.409,0.079,2.157,4.740
3278,4.935,9.752,1528,5.158,7.741,8.656,10.407,13.978,14.788,1.157,0.079,3.772,4.744
3279,4.225,8.875,1514,5.158,7.741,8.655,10.406,13.978,14.788,1.185,0.076,2.380,5.233
3280,4.379,10.100,1514,5.158,7.741,8.655,10.406,13.978,14.787,1.169,0.078,2.367,6.487
3281,6.005,10.057,1514,5.158,7.741,8.655,10.406,13.978,14.787,1.180,0.099,3.539,5.239
3282,3.604,8.981,1514,5.158,7.741,8.655,10.406,13.978,14.787,1.252,0.084,2.376,5.269
3283,4.883,10.867,1498,5.158,7.740,8.655,10.406,13.978,14.787,1.278,0.078,2.578,6.934
3284,4.021,9.639,1498,5.157,7.740,8.655,10.405,13.977,14.787,1.290,0.093,2.578,5.678
3285,4.062,10.874,1575,5.157,7.740,8.655,10.406,13.977,14.787,2.519,0.074,2.580,5.701
3286,5.258,10.902,1575,5.157,7.740,8.655,10.406,13.977,14.787,1.371,0.079,2.584,6.868
3287,4.230,10.871,1575,5.157,7.740,8.655,10.406,13.977,14.786,1.351,0.089,3.751,5.679
3288,4.277,9.737,1575,5.156,7.739,8.655,10.406,13.977,14.786,1.370,0.082,2.587,5.699
3289,6.047,11.097,1576,5.157,7.739,8.655,10.406,13.977,14.786,1.394,0.091,2.631,6.980
3290,4.495,11.036,1576,5.156,7.739,8.655,10.406,13.976,14.786,1.426,0.089,3.761,5.760
3291,4.422,8.932,1538,5.156,7.739,8.655,10.406,13.976,14.786,1.232,0.078,2.371,5.251
3292,7.025,10.176,1538,5.157,7.739,8.655,10.406,13.976,14.786,1.258,0.076,2.380,6.462
3293,5.191,9.592,1533,5.157,7.738,8.655,10.405,13.976,14.786,1.278,0.094,2.587,5.632
3294,3.512,10.924,1533,5.156,7.738,8.655,10.405,13.976,14.785,1.319,0.079,2.555,6.972
3295,4.644,10.753,1533,5.156,7.738,8.655,10.406,13.976,14.785,1.345,0.079,2.564,6.764
3296,3.757,8.850,1566,5.156,7.738,8.655,10.405,13.975,14.785,1.264,0.082,2.321,5.181
3297,4.068,10.295,1566,5.155,7.738,8.655,10.405,13.975,14.785,1.243,0.090,2.331,6.631
3298,5.156,8.845,1570,5.155,7.737,8.655,10.405,13.975,14.785,1.168,0.079,2.330,5.268
3299,4.835,8.862,1570,5.155,7.737,8.655,10.404,13.975,14.785,1.157,0.083,2.334,5.288
3300,6.966,10.041,1570,5.156,7.737,8.655,10.404,13.975,14.785,1.147,0.079,2.333,6.483
3301,3.736,10.977,1558,5.155,7.737,8.655,10.404,13.975,14.784,1.331,0.085,3.752,5.809
3302,4.016,9.760,1558,5.155,7.737,8.655,10.404,13.975,14.784,1.285,0.083,2.586,5.805
3303,5.118,11.018,1558,5.155,7.737,8.655,10.404,13.974,14.784,1.295,0.080,2.580,7.062
3304,4.347,9.715,1544,5.155,7.737,8.655,10.404,13.974,14.784,1.138,0.086,3.358,5.133
3305,4.594,8.573,1544,5.155,7.737,8.655,10.403,13.974,14.784,1.164,0.079,2.198,5.132
3306,5.706,9.782,1544,5.155,7.737,8.655,10.403,13.974,14.784,1.167,0.077,2.196,6.342
3307,4.902,9.161,1537,5.155,7.737,8.655,10.403,13.974,14.784,1.187,0.080,2.381,5.513
3308,3.621,10.449,1537,5.154,7.736,8.655,10.403,13.974,14.784,1.278,0.078,2.392,6.702
3309,4.931,10.688,1537,5.154,7.736,8.654,10.403,13.974,14.784,1.232,0.091,3.852,5.513
3310,3.651,9.283,1514,5.154,7.736,8.654,10.403,13.974,14.784,1.293,0.116,2.385,5.489
3311,3.761,10.380,1514,5.153,7.736,8.654,10.403,13.974,14.784,1.246,0.079,2.372,6.684
3312,5.401,10.220,1514,5.153,7.736,8.654,10.403,13.974,14.784,1.176,0.097,3.468,5.479
3313,5.089,10.456,1509,5.153,7.736,8.654,10.403,13.973,14.783,1.315,0.081,2.780,6.280
3314,3.952,11.585,1509,5.153,7.736,8.654,10.403,13.973,14.783,1.326,0.078,2.798,7.384
3315,3.558,11.071,1575,5.153,7.736,8.654,10.403,13.973,14.783,1.371,0.080,2.598,7.021
3316,3.581,9.936,1575,5.152,7.736,8.654,10.403,13.973,14.783,1.387,0.079,2.604,5.866
3317,4.944,11.233,1575,5.152,7.736,8.654,10.403,13.973,14.783,1.389,0.077,2.596,7.171
3318,4.827,11.324,1570,5.152,7.736,8.654,10.404,13.973,14.783,1.423,0.093,2.650,7.157
3319,4.054,11.254,1570,5.152,7.736,8.654,10.404,13.973,14.783,1.485,0.094,3.754,5.920
3320,6.042,10.081,1570,5.152,7.736,8.654,10.404,13.973,14.783,1.441,0.079,2.612,5.950
3321,5.540,10.224,1538,5.152,7.736,8.654,10.404,13.973,14.783,1.304,0.094,2.387,6.439
3322,3.636,9.067,1538,5.151,7.736,8.654,10.403,13.972,14.783,1.255,0.091,2.385,5.336
3323,3.916,11.354,1540,5.151,7.735,8.654,10.404,13.972,14.783,2.924,0.079,2.570,5.781
3324,4.810,10.973,1540,5.151,7.735,8.654,10.404,13.972,14.782,1.284,0.079,2.566,7.044
3325,4.314,10.912,1540,5.151,7.735,8.654,10.404,13.972,14.782,1.282,0.090,3.777,5.762
3326,4.372,9.631,1588,5.151,7.735,8.654,10.404,13.972,14.782,1.290,0.081,2.546,5.715
3327,6.721,10.877,1588,5.151,7.735,8.654,10.404,13.972,14.782,1.303,0.082,2.554,6.939
3328,3.768,9.090,1570,5.151,7.734,8.654,10.403,13.972,14.782,1.283,0.136,2.335,5.337
3329,4.372,10.677,1570,5.150,7.734,8.654,10.403,13.972,14.782,2.920,0.080,2.355,5.323
3330,6.440,10.430,1570,5.151,7.734,8.654,10.403,13.972,14.782,1.189,0.080,2.332,6.829
3331,10.907,9.735,1569,5.152,7.736,8.657,10.403,13.972,14.782,1.311,0.100,2.563,5.762
3332,3.476,10.842,1569,5.152,7.736,8.657,10.403,13.971,14.782,2.447,0.083,2.573,5.739
3333,4.843,10.801,1569,5.152,7.736,8.657,10.404,13.971,14.782,1.336,0.078,2.575,6.811
3334,3.698,8.353,1542,5.151,7.736,8.657,10.403,13.971,14.782,1.186,0.084,2.173,4.910
3335,3.914,9.510,1542,5.151,7.736,8.657,10.403,13.971,14.781,1.245,0.076,2.159,6.030
3336,5.207,9.439,1542,5.151,7.736,8.657,10.402,13.971,14.781,1.188,0.090,3.237,4.925
3337,4.703,9.145,1535,5.151,7.736,8.657,10.402,13.971,14.781,1.211,0.081,2.381,5.472
3338,4.710,10.405,1535,5.151,7.736,8.657,10.402,13.971,14.781,1.217,0.090,2.392,6.706
3339,4.578,9.268,1535,5.151,7.736,8.657,10.402,13.971,14.781,1.277,0.107,2.388,5.496
3340,4.058,8.956,1508,5.150,7.736,8.657,10.401,13.971,14.781,1.167,0.080,2.335,5.374
3341,4.952,11.724,1508,5.150,7.736,8.657,10.402,13.971,14.781,2.945,0.081,2.331,6.368
3342,4.852,10.654,1518,5.150,7.736,8.657,10.402,13.971,14.781,1.417,0.090,2.811,6.336
3343,3.786,11.827,1518,5.150,7.735,8.657,10.402,13.970,14.781,2.613,0.083,2.789,6.342
3344,4.042,11.721,1518,5.149,7.735,8.657,10.402,13.970,14.781,1.357,0.078,2.797,7.489
3345,4.423,10.967,1569,5.149,7.735,8.657,10.403,13.970,14.781,1.389,0.096,3.754,5.726
3346,4.753,9.745,1569,5.149,7.735,8.657,10.402,13.970,14.780,1.361,0.084,2.568,5.732
3347,6.126,9.803,1569,5.149,7.735,8.656,10.402,13.970,14.780,1.414,0.095,2.559,5.734
3348,5.640,11.378,1577,5.150,7.734,8.656,10.403,13.970,14.780,1.446,0.089,3.939,5.904
3349,4.866,9.998,1577,5.149,7.734,8.656,10.402,13.970,14.780,1.468,0.098,2.597,5.835
3350,6.637,9.939,1560,5.150,7.734,8.656,10.402,13.970,14.780,1.455,0.088,2.594,5.802
3351,5.358,11.118,1560,5.150,7.734,8.656,10.403,13.969,14.780,1.350,0.080,2.587,7.100
3352,5.556,9.906,1560,5.150,7.734,8.656,10.402,13.969,14.780,1.422,0.083,2.590,5.811
3353,3.688,10.954,1540,5.150,7.734,8.656,10.403,13.969,14.780,1.372,0.078,2.590,6.913
3354,3.559,11.061,1540,5.149,7.733,8.656,10.403,13.969,14.780,1.294,0.078,2.578,7.110
3355,3.635,9.659,1540,5.149,7.733,8.656,10.403,13.969,14.780,1.281,0.100,2.575,5.702
3356,3.670,10.964,1595,5.148,7.733,8.656,10.403,13.969,14.780,1.303,0.098,2.553,7.009
3357,4.603,10.739,1595,5.148,7.733,8.656,10.403,13.969,14.779,1.296,0.078,2.563,6.802
3358,3.927,8.849,1570,5.148,7.733,8.656,10.402,13.969,14.779,1.250,0.085,2.319,5.195
3359,4.470,10.165,1570,5.148,7.733,8.656,10.402,13.969,14.779,1.262,0.097,2.330,6.476
3360,5.709,10.367,1570,5.148,7.732,8.656,10.402,13.968,14.779,1.277,0.078,2.322,6.690
3361,4.535,9.560,1565,5.148,7.732,8.656,10.402,13.968,14.779,1.210,0.090,2.571,5.689
3362,4.193,10.775,1565,5.147,7.731,8.656,10.402,13.968,14.779,1.249,0.079,2.547,6.899
3363,5.143,10.756,1565,5.147,7.730,8.656,10.402,13.968,14.779,1.321,0.081,2.546,6.808
3364,3.573,8.346,1542,5.147,7.729,8.656,10.402,13.968,14.779,1.190,0.084,2.156,4.916
3365,4.047,9.508,1542,5.146,7.729,8.656,10.401,13.968,14.779,1.166,0.081,2.159,6.102
3366,4.210,9.135,1546,5.146,7.728,8.656,10.401,13.968,14.779,1.211,0.139,2.381,5.404
3367,4.002,8.956,1546,5.146,7.727,8.656,10.401,13.968,14.779,1.122,0.084,2.362,5.388
3368,4.308,10.319,1546,5.146,7.726,8.656,10.401,13.968,14.778,1.292,0.080,2.377,6.570
3369,3.828,8.820,1506,5.145,7.725,8.656,10.400,13.967,14.778,1.176,0.089,2.309,5.246
3370,5.849,10.042,1506,5.145,7.724,8.656,10.400,13.967,14.778,1.235,0.077,2.306,6.423
3371,5.792,10.072,1506,5.146,7.723,8.656,10.400,13.967,14.778,1.238,0.089,3.492,5.252
3372,3.639,9.735,1518,5.145,7.722,8.656,10.400,13.967,14.778,1.294,0.080,2.580,5.780
3373,3.691,10.901,1518,5.145,7.721,8.656,10.400,13.967,14.778,1.294,0.079,2.565,6.962
3374,3.755,10.866,1518,5.144,7.720,8.656,10.400,13.967,14.778,1.351,0.084,3.682,5.748
3375,3.590,9.891,1495,5.144,7.719,8.656,10.400,13.967,14.778,1.437,0.081,2.573,5.801
3376,4.360,11.088,1495,5.144,7.718,8.656,10.400,13.967,14.778,1.356,0.079,2.575,7.078
3377,4.476,11.125,1495,5.143,7.718,8.656,10.400,13.967,14.778,1.435,0.078,2.575,7.038
3378,4.612,9.829,1577,5.143,7.717,8.656,10.400,13.966,14.778,1.378,0.082,2.578,5.791
3379,4.914,9.892,1577,5.143,7.716,8.655,10.400,13.966,14.778,1.451,0.082,2.572,5.787
3380,5.043,9.836,1577,5.143,7.715,8.655,10.400,13.966,14.777,1.379,0.083,2.590,5.784
3381,6.177,9.808,1567,5.143,7.714,8.655,10.400,13.966,14.777,1.384,0.080,2.577,5.766
3382,3.845,10.999,1567,5.143,7.714,8.655,10.400,13.966,14.777,1.412,0.079,2.574,6.934
3383,4.184,10.403,1540,5.143,7.714,8.655,10.400,13.966,14.777,1.231,0.091,2.343,6.738
3384,4.492,8.934,1540,5.143,7.714,8.655,10.399,13.966,14.777,1.259,0.080,2.345,5.250
3385,5.163,10.379,1540,5.143,7.713,8.655,10.399,13.966,14.777,1.275,0.102,2.346,6.656
3386,6.170,10.821,1606,5.143,7.713,8.655,10.399,13.966,14.777,1.412,0.097,3.751,5.562
3387,4.791,9.520,1606,5.143,7.713,8.655,10.399,13.966,14.777,1.322,0.088,2.528,5.583
3388,7.093,10.824,1606,5.143,7.713,8.655,10.399,13.966,14.777,1.411,0.086,2.522,6.806
3389,4.838,9.771,1570,5.143,7.713,8.655,10.399,13.965,14.777,1.192,0.085,3.393,5.101
3390,4.988,8.667,1570,5.143,7.713,8.655,10.399,13.965,14.777,1.161,0.083,2.321,5.101
3391,5.558,9.929,1576,5.143,7.713,8.655,10.398,13.965,14.776,1.184,0.083,2.365,6.298
3392,3.532,8.779,1576,5.143,7.713,8.655,10.398,13.965,14.776,1.196,0.080,2.347,5.157
3393,3.568,10.043,1576,5.142,7.712,8.655,10.398,13.965,14.776,1.211,0.079,2.364,6.389
3394,4.680,9.171,1540,5.142,7.712,8.655,10.397,13.965,14.776,1.148,0.089,3.366,4.568
3395,3.563,7.961,1540,5.142,7.712,8.655,10.397,13.965,14.776,1.147,0.083,2.149,4.581
3396,3.608,7.996,1540,5.141,7.712,8.655,10.396,13.965,14.776,1.197,0.078,2.140,4.580
3397,4.643,8.074,1546,5.141,7.712,8.655,10.395,13.965,14.776,1.162,0.078,2.171,4.662
3398,3.623,9.215,1546,5.141,7.712,8.655,10.395,13.965,14.776,1.155,0.077,2.175,5.808
3399,3.825,8.069,1546,5.140,7.712,8.655,10.394,13.965,14.776,1.188,0.083,2.165,4.633
3400,3.558,9.058,1526,5.140,7.712,8.655,10.394,13.964,14.776,1.218,0.081,2.133,5.627
3401,4.186,9.011,1526,5.140,7.711,8.655,10.394,13.964,14.776,1.168,0.083,3.189,4.571
3402,4.417,7.911,1526,5.139,7.710,8.655,10.393,13.964,14.775,1.156,0.084,2.141,4.530
3403,3.957,9.011,1526,5.139,7.708,8.655,10.392,13.964,14.775,1.170,0.084,3.190,4.567
3404,3.727,9.203,1518,5.139,7.707,8.655,10.392,13.964,14.775,1.238,0.084,2.576,5.305
3405,3.705,10.264,1518,5.138,7.705,8.655,10.392,13.964,14.775,1.253,0.083,2.559,6.368
3406,3.503,10.303,1518,5.138,7.704,8.655,10.392,13.964,14.775,1.251,0.084,3.658,5.310
3407,3.947,9.166,1518,5.137,7.702,8.655,10.392,13.964,14.775,1.236,0.085,2.551,5.294
3408,3.878,10.451,1518,5.137,7.700,8.655,10.392,13.964,14.775,1.303,0.098,2.559,6.491
3409,4.238,9.243,1518,5.137,7.699,8.654,10.391,13.964,14.775,1.297,0.077,2.558,5.311
3410,4.981,10.492,1518,5.137,7.697,8.654,10.391,13.964,14.775,1.253,0.080,2.569,6.590
3411,5.339,10.315,1518,5.137,7.696,8.654,10.391,13.964,14.774,1.235,0.079,2.556,6.444
3412,3.644,9.218,1518,5.136,7.694,8.654,10.391,13.964,14.774,1.252,0.081,2.579,5.306
3413,3.645,10.470,1518,5.136,7.692,8.654,10.391,13.964,14.774,1.250,0.079,2.559,6.581
3414,3.754,10.437,1518,5.136,7.691,8.654,10.391,13.964,14.774,1.320,0.081,3.731,5.305
3415,3.446,9.171,1518,5.135,7.689,8.654,10.391,13.964,14.774,1.237,0.077,2.560,5.297
3416,4.299,10.395,1518,5.135,7.688,8.654,10.391,13.964,14.774,1.222,0.078,2.567,6.527
3417,4.290,10.342,1518,5.135,7.686,8.654,10.391,13.964,14.774,1.237,0.087,3.715,5.303
3418,4.037,9.203,1518,5.134,7.685,8.654,10.390,13.964,14.774,1.241,0.080,2.564,5.318
3419,5.486,10.416,1518,5.134,7.683,8.654,10.390,13.964,14.774,1.207,0.089,2.552,6.568
3420,4.776,9.186,1518,5.134,7.681,8.654,10.390,13.964,14.774,1.227,0.101,2.555,5.304
3421,4.274,9.261,1518,5.134,7.680,8.654,10.390,13.964,14.773,1.305,0.079,2.551,5.326
3422,6.324,10.881,1518,5.134,7.680,8.654,10.390,13.964,14.773,1.228,0.080,2.569,7.005
3423,3.652,9.176,1518,5.134,7.679,8.654,10.389,13.964,14.773,1.231,0.079,2.552,5.314
3424,4.172,10.412,1518,5.134,7.679,8.654,10.389,13.964,14.773,1.282,0.079,2.570,6.481
3425,5.494,10.690,1518,5.134,7.679,8.654,10.389,13.964,14.773,1.341,0.079,2.554,6.716
3426,5.271,9.224,1518,5.134,7.679,8.654,10.389,13.964,14.773,1.227,0.103,2.576,5.318
3427,5.091,10.531,1518,5.134,7.678,8.654,10.389,13.963,14.773,1.351,0.102,2.555,6.524
3428,5.375,10.334,1518,5.134,7.678,8.654,10.389,13.963,14.773,1.362,0.078,3.574,5.320
3429,4.591,9.190,1518,5.134,7.678,8.654,10.389,13.963,14.773,1.243,0.088,2.553,5.306
3430,6.341,10.285,1518,5.134,7.678,8.654,10.389,13.963,14.772,1.243,0.076,2.555,6.411
3431,3.906,10.262,1518,5.134,7.678,8.654,10.389,13.963,14.772,1.234,0.088,3.630,5.310
3432,3.469,9.176,1518,5.133,7.677,8.653,10.388,13.963,14.772,1.223,0.083,2.554,5.315
3433,3.973,10.265,1518,5.133,7.677,8.653,10.388,13.963,14.772,1.202,0.077,2.555,6.431
3434,3.858,9.156,1518,5.132,7.677,8.653,10.388,13.963,14.772,1.225,0.081,2.554,5.297
3435,4.540,10.398,1518,5.132,7.677,8.653,10.388,13.963,14.772,1.281,0.080,2.562,6.475
3436,5.407,10.355,1518,5.132,7.676,8.653,10.388,13.963,14.772,1.226,0.078,2.570,6.481
3437,3.903,9.164,1518,5.132,7.676,8.653,10.388,13.963,14.772,1.226,0.078,2.560,5.301
3438,4.448,10.251,1518,5.132,7.676,8.653,10.388,13.963,14.772,1.233,0.078,2.551,6.389
3439,4.537,10.335,1518,5.132,7.676,8.653,10.388,13.963,14.772,1.208,0.086,3.720,5.321
3440,4.213,9.163,1518,5.131,7.675,8.653,10.387,13.962,14.771,1.233,0.082,2.550,5.298
3441,5.074,10.308,1518,5.131,7.675,8.653,10.387,13.962,14.771,1.232,0.078,2.566,6.432
3442,4.161,9.194,1518,5.131,7.675,8.653,10.387,13.962,14.771,1.236,0.089,2.553,5.316
3443,4.120,8.997,1518,5.131,7.675,8.653,10.386,13.962,14.771,1.055,0.076,2.560,5.306
3444,5.011,10.410,1518,5.131,7.675,8.653,10.386,13.962,14.771,1.244,0.080,2.557,6.530
3445,4.320,9.286,1518,5.130,7.675,8.653,10.386,13.962,14.771,1.320,0.075,2.564,5.327
3446,4.672,,1518,5.130,7.675,8.653,10.386,13.962,14.771,,,,
3447,6.088,,1518,5.131,7.675,8.653,10.386,13.962,14.771,,,,
3448,3.508,,1518,5.130,7.674,8.653,10.386,13.962,14.771,,,,
